UDI,Product ID,Machine failure,Failure_Probability,Health_Score,Risk_Band,Early_Warning,FailureCauseLabel,DataQualityMismatch
1,M14860,0,0.0,100.0,Low,0,No failure,0
2,L47181,0,0.0,100.0,Low,0,No failure,0
3,L47182,0,0.0,100.0,Low,0,No failure,0
4,L47183,0,0.0,100.0,Low,0,No failure,0
5,L47184,0,0.0025,99.8,Low,0,No failure,0
6,M14865,0,0.0,100.0,Low,0,No failure,0
7,L47186,0,0.0,100.0,Low,0,No failure,0
8,L47187,0,0.0,100.0,Low,0,No failure,0
9,M14868,0,0.0,100.0,Low,0,No failure,0
10,M14869,0,0.0,100.0,Low,0,No failure,0
11,H29424,0,0.0,100.0,Low,0,No failure,0
12,H29425,0,0.0,100.0,Low,0,No failure,0
13,M14872,0,0.0,100.0,Low,0,No failure,0
14,M14873,0,0.0,100.0,Low,0,No failure,0
15,L47194,0,0.0,100.0,Low,0,No failure,0
16,L47195,0,0.0,100.0,Low,0,No failure,0
17,M14876,0,0.0,100.0,Low,0,No failure,0
18,M14877,0,0.0,100.0,Low,0,No failure,0
19,H29432,0,0.0,100.0,Low,0,No failure,0
20,M14879,0,0.0,100.0,Low,0,No failure,0
21,H29434,0,0.0,100.0,Low,0,No failure,0
22,L47201,0,0.0,100.0,Low,0,No failure,0
23,M14882,0,0.0,100.0,Low,0,No failure,0
24,L47203,0,0.0,100.0,Low,0,No failure,0
25,M14884,0,0.0,100.0,Low,0,No failure,0
26,L47205,0,0.0,100.0,Low,0,No failure,0
27,L47206,0,0.0,100.0,Low,0,No failure,0
28,H29441,0,0.0,100.0,Low,0,No failure,0
29,L47208,0,0.0,100.0,Low,0,No failure,0
30,L47209,0,0.0,100.0,Low,0,No failure,0
31,M14890,0,0.0,100.0,Low,0,No failure,0
32,L47211,0,0.0,100.0,Low,0,No failure,0
33,L47212,0,0.0,100.0,Low,0,No failure,0
34,L47213,0,0.0,100.0,Low,0,No failure,0
35,M14894,0,0.0,100.0,Low,0,No failure,0
36,M14895,0,0.0,100.0,Low,0,No failure,0
37,M14896,0,0.0,100.0,Low,0,No failure,0
38,L47217,0,0.0,100.0,Low,0,No failure,0
39,H29452,0,0.0025,99.8,Low,0,No failure,0
40,L47219,0,0.0,100.0,Low,0,No failure,0
41,L47220,0,0.0,100.0,Low,0,No failure,0
42,L47221,0,0.0,100.0,Low,0,No failure,0
43,M14902,0,0.0,100.0,Low,0,No failure,0
44,H29457,0,0.0,100.0,Low,0,No failure,0
45,M14904,0,0.0,100.0,Low,0,No failure,0
46,L47225,0,0.0025,99.8,Low,0,No failure,0
47,M14906,0,0.0,100.0,Low,0,No failure,0
48,L47227,0,0.0,100.0,Low,0,No failure,0
49,H29462,0,0.0,100.0,Low,0,No failure,0
50,M14909,0,0.0025,99.8,Low,0,No failure,0
51,L47230,1,0.9725,2.7,High,1,Power Failure,0
52,L47231,0,0.0,100.0,Low,0,No failure,0
53,H29466,0,0.0,100.0,Low,0,No failure,0
54,L47233,0,0.0,100.0,Low,0,No failure,0
55,L47234,0,0.0,100.0,Low,0,No failure,0
56,L47235,0,0.0,100.0,Low,0,No failure,0
57,L47236,0,0.0,100.0,Low,0,No failure,0
58,L47237,0,0.0,100.0,Low,0,No failure,0
59,M14918,0,0.0,100.0,Low,0,No failure,0
60,L47239,0,0.0,100.0,Low,0,No failure,0
61,L47240,0,0.0,100.0,Low,0,No failure,0
62,M14921,0,0.0,100.0,Low,0,No failure,0
63,L47242,0,0.0,100.0,Low,0,No failure,0
64,M14923,0,0.0,100.0,Low,0,No failure,0
65,L47244,0,0.0,100.0,Low,0,No failure,0
66,L47245,0,0.0,100.0,Low,0,No failure,0
67,M14926,0,0.0,100.0,Low,0,No failure,0
68,H29481,0,0.0,100.0,Low,0,No failure,0
69,L47248,0,0.0,100.0,Low,0,No failure,0
70,L47249,1,0.8975,10.3,High,1,Multiple causes,0
71,M14930,0,0.0,100.0,Low,0,No failure,0
72,L47251,0,0.0,100.0,Low,0,No failure,0
73,L47252,0,0.01,99.0,Low,0,No failure,0
74,L47253,0,0.0025,99.8,Low,0,No failure,0
75,L47254,0,0.0025,99.8,Low,0,No failure,0
76,L47255,0,0.06,94.0,Low,0,No failure,0
77,L47256,0,0.1275,87.2,Low,0,No failure,0
78,L47257,1,0.6475,35.2,High,1,Tool Wear Failure,0
79,L47258,0,0.0025,99.8,Low,0,No failure,0
80,L47259,0,0.0,100.0,Low,0,No failure,0
81,H29494,0,0.0,100.0,Low,0,No failure,0
82,L47261,0,0.0,100.0,Low,0,No failure,0
83,L47262,0,0.0025,99.8,Low,0,No failure,0
84,L47263,0,0.0,100.0,Low,0,No failure,0
85,L47264,0,0.0,100.0,Low,0,No failure,0
86,M14945,0,0.0,100.0,Low,0,No failure,0
87,H29500,0,0.0,100.0,Low,0,No failure,0
88,L47267,0,0.0,100.0,Low,0,No failure,0
89,M14948,0,0.0,100.0,Low,0,No failure,0
90,M14949,0,0.0,100.0,Low,0,No failure,0
91,L47270,0,0.0,100.0,Low,0,No failure,0
92,L47271,0,0.0,100.0,Low,0,No failure,0
93,M14952,0,0.0,100.0,Low,0,No failure,0
94,L47273,0,0.0,100.0,Low,0,No failure,0
95,L47274,0,0.0,100.0,Low,0,No failure,0
96,M14955,0,0.0,100.0,Low,0,No failure,0
97,M14956,0,0.0,100.0,Low,0,No failure,0
98,M14957,0,0.0,100.0,Low,0,No failure,0
99,L47278,0,0.0,100.0,Low,0,No failure,0
100,L47279,0,0.0,100.0,Low,0,No failure,0
101,L47280,0,0.0,100.0,Low,0,No failure,0
102,L47281,0,0.0,100.0,Low,0,No failure,0
103,L47282,0,0.0,100.0,Low,0,No failure,0
104,M14963,0,0.0,100.0,Low,0,No failure,0
105,L47284,0,0.0,100.0,Low,0,No failure,0
106,L47285,0,0.0,100.0,Low,0,No failure,0
107,L47286,0,0.0,100.0,Low,0,No failure,0
108,M14967,0,0.0,100.0,Low,0,No failure,0
109,H29522,0,0.0,100.0,Low,0,No failure,0
110,L47289,0,0.0,100.0,Low,0,No failure,0
111,L47290,0,0.005,99.5,Low,0,No failure,0
112,H29525,0,0.0,100.0,Low,0,No failure,0
113,M14972,0,0.0,100.0,Low,0,No failure,0
114,M14973,0,0.0,100.0,Low,0,No failure,0
115,L47294,0,0.0,100.0,Low,0,No failure,0
116,L47295,0,0.0,100.0,Low,0,No failure,0
117,L47296,0,0.0,100.0,Low,0,No failure,0
118,L47297,0,0.0,100.0,Low,0,No failure,0
119,M14978,0,0.0,100.0,Low,0,No failure,0
120,L47299,0,0.0,100.0,Low,0,No failure,0
121,L47300,0,0.0,100.0,Low,0,No failure,0
122,L47301,0,0.0,100.0,Low,0,No failure,0
123,L47302,0,0.0,100.0,Low,0,No failure,0
124,L47303,0,0.0,100.0,Low,0,No failure,0
125,L47304,0,0.0,100.0,Low,0,No failure,0
126,L47305,0,0.0,100.0,Low,0,No failure,0
127,L47306,0,0.0,100.0,Low,0,No failure,0
128,L47307,0,0.0,100.0,Low,0,No failure,0
129,L47308,0,0.0,100.0,Low,0,No failure,0
130,L47309,0,0.0,100.0,Low,0,No failure,0
131,L47310,0,0.0,100.0,Low,0,No failure,0
132,L47311,0,0.0,100.0,Low,0,No failure,0
133,M14992,0,0.0,100.0,Low,0,No failure,0
134,M14993,0,0.0,100.0,Low,0,No failure,0
135,L47314,0,0.0,100.0,Low,0,No failure,0
136,M14995,0,0.0,100.0,Low,0,No failure,0
137,H29550,0,0.0,100.0,Low,0,No failure,0
138,L47317,0,0.005,99.5,Low,0,No failure,0
139,H29552,0,0.0,100.0,Low,0,No failure,0
140,L47319,0,0.005,99.5,Low,0,No failure,0
141,L47320,0,0.0,100.0,Low,0,No failure,0
142,L47321,0,0.0,100.0,Low,0,No failure,0
143,M15002,0,0.0,100.0,Low,0,No failure,0
144,H29557,0,0.0,100.0,Low,0,No failure,0
145,M15004,0,0.0,100.0,Low,0,No failure,0
146,L47325,0,0.0,100.0,Low,0,No failure,0
147,H29560,0,0.0,100.0,Low,0,No failure,0
148,L47327,0,0.0,100.0,Low,0,No failure,0
149,M15008,0,0.0,100.0,Low,0,No failure,0
150,L47329,0,0.0,100.0,Low,0,No failure,0
151,L47330,0,0.0,100.0,Low,0,No failure,0
152,M15011,0,0.0,100.0,Low,0,No failure,0
153,M15012,0,0.0,100.0,Low,0,No failure,0
154,L47333,0,0.0,100.0,Low,0,No failure,0
155,L47334,0,0.0,100.0,Low,0,No failure,0
156,H29569,0,0.0,100.0,Low,0,No failure,0
157,M15016,0,0.0025,99.8,Low,0,No failure,0
158,H29571,0,0.055,94.5,Low,0,No failure,0
159,M15018,0,0.02,98.0,Low,0,No failure,0
160,L47339,0,0.0275,97.2,Low,0,No failure,0
161,L47340,1,0.885,11.5,High,1,Overstrain Failure,0
162,L47341,1,0.7875,21.3,High,1,Overstrain Failure,0
163,L47342,0,0.0,100.0,Low,0,No failure,0
164,M15023,0,0.0,100.0,Low,0,No failure,0
165,M15024,0,0.0025,99.8,Low,0,No failure,0
166,L47345,0,0.0,100.0,Low,0,No failure,0
167,H29580,0,0.0,100.0,Low,0,No failure,0
168,H29581,0,0.0,100.0,Low,0,No failure,0
169,L47348,1,0.8225,17.8,High,1,Power Failure,0
170,L47349,0,0.0075,99.2,Low,0,No failure,0
171,M15030,0,0.0,100.0,Low,0,No failure,0
172,L47351,0,0.0,100.0,Low,0,No failure,0
173,M15032,0,0.0,100.0,Low,0,No failure,0
174,M15033,0,0.0,100.0,Low,0,No failure,0
175,L47354,0,0.0,100.0,Low,0,No failure,0
176,L47355,0,0.0,100.0,Low,0,No failure,0
177,L47356,0,0.0,100.0,Low,0,No failure,0
178,L47357,0,0.0,100.0,Low,0,No failure,0
179,L47358,0,0.0,100.0,Low,0,No failure,0
180,L47359,0,0.0,100.0,Low,0,No failure,0
181,L47360,0,0.0,100.0,Low,0,No failure,0
182,H29595,0,0.0,100.0,Low,0,No failure,0
183,M15042,0,0.0,100.0,Low,0,No failure,0
184,L47363,0,0.0,100.0,Low,0,No failure,0
185,L47364,0,0.0,100.0,Low,0,No failure,0
186,L47365,0,0.0,100.0,Low,0,No failure,0
187,L47366,0,0.0025,99.8,Low,0,No failure,0
188,L47367,0,0.0,100.0,Low,0,No failure,0
189,L47368,0,0.0,100.0,Low,0,No failure,0
190,M15049,0,0.0,100.0,Low,0,No failure,0
191,L47370,0,0.0,100.0,Low,0,No failure,0
192,L47371,0,0.0,100.0,Low,0,No failure,0
193,H29606,0,0.0,100.0,Low,0,No failure,0
194,H29607,0,0.0,100.0,Low,0,No failure,0
195,M15054,1,0.915,8.5,High,1,Power Failure,0
196,L47375,0,0.0,100.0,Low,0,No failure,0
197,H29610,0,0.0,100.0,Low,0,No failure,0
198,M15057,0,0.0,100.0,Low,0,No failure,0
199,L47378,0,0.0,100.0,Low,0,No failure,0
200,L47379,0,0.0,100.0,Low,0,No failure,0
201,L47380,0,0.0,100.0,Low,0,No failure,0
202,L47381,0,0.0,100.0,Low,0,No failure,0
203,M15062,0,0.0,100.0,Low,0,No failure,0
204,L47383,0,0.0,100.0,Low,0,No failure,0
205,L47384,0,0.0,100.0,Low,0,No failure,0
206,M15065,0,0.0,100.0,Low,0,No failure,0
207,L47386,0,0.0,100.0,Low,0,No failure,0
208,M15067,1,0.765,23.5,High,1,Power Failure,0
209,L47388,0,0.0,100.0,Low,0,No failure,0
210,L47389,0,0.0,100.0,Low,0,No failure,0
211,L47390,0,0.0,100.0,Low,0,No failure,0
212,L47391,0,0.0,100.0,Low,0,No failure,0
213,H29626,0,0.0,100.0,Low,0,No failure,0
214,L47393,0,0.0,100.0,Low,0,No failure,0
215,M15074,0,0.0025,99.8,Low,0,No failure,0
216,L47395,0,0.0,100.0,Low,0,No failure,0
217,L47396,0,0.0,100.0,Low,0,No failure,0
218,L47397,0,0.0,100.0,Low,0,No failure,0
219,L47398,0,0.0,100.0,Low,0,No failure,0
220,M15079,0,0.0,100.0,Low,0,No failure,0
221,L47400,0,0.0,100.0,Low,0,No failure,0
222,H29635,0,0.0,100.0,Low,0,No failure,0
223,L47402,0,0.0,100.0,Low,0,No failure,0
224,L47403,0,0.0,100.0,Low,0,No failure,0
225,L47404,0,0.0,100.0,Low,0,No failure,0
226,L47405,0,0.0025,99.8,Low,0,No failure,0
227,L47406,0,0.0,100.0,Low,0,No failure,0
228,L47407,0,0.0,100.0,Low,0,No failure,0
229,M15088,0,0.0,100.0,Low,0,No failure,0
230,L47409,0,0.0,100.0,Low,0,No failure,0
231,L47410,0,0.0,100.0,Low,0,No failure,0
232,L47411,0,0.0,100.0,Low,0,No failure,0
233,L47412,0,0.0,100.0,Low,0,No failure,0
234,L47413,0,0.0,100.0,Low,0,No failure,0
235,L47414,0,0.0,100.0,Low,0,No failure,0
236,M15095,0,0.0,100.0,Low,0,No failure,0
237,L47416,0,0.0,100.0,Low,0,No failure,0
238,M15097,0,0.0,100.0,Low,0,No failure,0
239,L47418,0,0.005,99.5,Low,0,No failure,0
240,L47419,0,0.0,100.0,Low,0,No failure,0
241,M15100,0,0.005,99.5,Low,0,No failure,0
242,L47421,0,0.035,96.5,Low,0,No failure,0
243,L47422,1,0.64,36.0,High,1,Overstrain Failure,0
244,L47423,0,0.02,98.0,Low,0,No failure,0
245,M15104,0,0.0225,97.8,Low,0,No failure,0
246,M15105,0,0.015,98.5,Low,0,No failure,0
247,L47426,0,0.0375,96.2,Low,0,No failure,0
248,L47427,0,0.0225,97.8,Low,0,No failure,0
249,L47428,1,0.8425,15.7,High,1,Overstrain Failure,0
250,L47429,1,0.7875,21.3,High,1,Overstrain Failure,0
251,L47430,0,0.0,100.0,Low,0,No failure,0
252,M15111,0,0.0,100.0,Low,0,No failure,0
253,L47432,0,0.0,100.0,Low,0,No failure,0
254,L47433,0,0.0,100.0,Low,0,No failure,0
255,L47434,0,0.0,100.0,Low,0,No failure,0
256,L47435,0,0.0,100.0,Low,0,No failure,0
257,L47436,0,0.0725,92.8,Low,0,No failure,0
258,L47437,0,0.0,100.0,Low,0,No failure,0
259,L47438,0,0.0,100.0,Low,0,No failure,0
260,M15119,1,0.8525,14.7,High,1,Power Failure,0
261,M15120,0,0.0025,99.8,Low,0,No failure,0
262,L47441,0,0.0,100.0,Low,0,No failure,0
263,M15122,0,0.0025,99.8,Low,0,No failure,0
264,M15123,0,0.0,100.0,Low,0,No failure,0
265,L47444,0,0.0,100.0,Low,0,No failure,0
266,L47445,0,0.0025,99.8,Low,0,No failure,0
267,H29680,0,0.0,100.0,Low,0,No failure,0
268,L47447,0,0.0025,99.8,Low,0,No failure,0
269,H29682,0,0.0,100.0,Low,0,No failure,0
270,L47449,0,0.0,100.0,Low,0,No failure,0
271,H29684,0,0.0,100.0,Low,0,No failure,0
272,M15131,0,0.0,100.0,Low,0,No failure,0
273,L47452,0,0.0,100.0,Low,0,No failure,0
274,L47453,0,0.0,100.0,Low,0,No failure,0
275,L47454,0,0.0,100.0,Low,0,No failure,0
276,L47455,0,0.0025,99.8,Low,0,No failure,0
277,M15136,0,0.0,100.0,Low,0,No failure,0
278,H29691,0,0.0025,99.8,Low,0,No failure,0
279,M15138,0,0.0,100.0,Low,0,No failure,0
280,L47459,0,0.0,100.0,Low,0,No failure,0
281,M15140,0,0.0,100.0,Low,0,No failure,0
282,L47461,0,0.0,100.0,Low,0,No failure,0
283,M15142,0,0.0,100.0,Low,0,No failure,0
284,L47463,0,0.0,100.0,Low,0,No failure,0
285,L47464,0,0.0,100.0,Low,0,No failure,0
286,L47465,0,0.0,100.0,Low,0,No failure,0
287,L47466,0,0.0,100.0,Low,0,No failure,0
288,L47467,0,0.0,100.0,Low,0,No failure,0
289,H29702,0,0.0,100.0,Low,0,No failure,0
290,L47469,0,0.0,100.0,Low,0,No failure,0
291,L47470,0,0.0,100.0,Low,0,No failure,0
292,L47471,0,0.0,100.0,Low,0,No failure,0
293,L47472,0,0.0,100.0,Low,0,No failure,0
294,H29707,0,0.0,100.0,Low,0,No failure,0
295,M15154,0,0.0,100.0,Low,0,No failure,0
296,M15155,0,0.0,100.0,Low,0,No failure,0
297,L47476,0,0.0,100.0,Low,0,No failure,0
298,L47477,0,0.0,100.0,Low,0,No failure,0
299,H29712,0,0.0,100.0,Low,0,No failure,0
300,M15159,0,0.0,100.0,Low,0,No failure,0
301,L47480,0,0.0,100.0,Low,0,No failure,0
302,L47481,0,0.0,100.0,Low,0,No failure,0
303,H29716,0,0.0,100.0,Low,0,No failure,0
304,M15163,0,0.0,100.0,Low,0,No failure,0
305,L47484,0,0.0,100.0,Low,0,No failure,0
306,L47485,0,0.0,100.0,Low,0,No failure,0
307,L47486,0,0.0,100.0,Low,0,No failure,0
308,M15167,0,0.0,100.0,Low,0,No failure,0
309,L47488,0,0.0,100.0,Low,0,No failure,0
310,M15169,0,0.0,100.0,Low,0,No failure,0
311,H29724,0,0.0,100.0,Low,0,No failure,0
312,M15171,0,0.0,100.0,Low,0,No failure,0
313,L47492,0,0.0,100.0,Low,0,No failure,0
314,L47493,0,0.0,100.0,Low,0,No failure,0
315,M15174,0,0.0,100.0,Low,0,No failure,0
316,L47495,0,0.0,100.0,Low,0,No failure,0
317,L47496,0,0.0,100.0,Low,0,No failure,0
318,L47497,0,0.0,100.0,Low,0,No failure,0
319,L47498,0,0.0,100.0,Low,0,No failure,0
320,L47499,0,0.0,100.0,Low,0,No failure,0
321,H29734,0,0.0,100.0,Low,0,No failure,0
322,L47501,0,0.0,100.0,Low,0,No failure,0
323,L47502,0,0.0,100.0,Low,0,No failure,0
324,L47503,0,0.0,100.0,Low,0,No failure,0
325,M15184,0,0.0,100.0,Low,0,No failure,0
326,L47505,0,0.0,100.0,Low,0,No failure,0
327,L47506,0,0.0025,99.8,Low,0,No failure,0
328,L47507,1,0.6675,33.2,High,1,Overstrain Failure,0
329,H29742,0,0.015,98.5,Low,0,No failure,0
330,H29743,0,0.0075,99.2,Low,0,No failure,0
331,M15190,0,0.0325,96.8,Low,0,No failure,0
332,M15191,0,0.0425,95.8,Low,0,No failure,0
333,M15192,0,0.0,100.0,Low,0,No failure,0
334,L47513,0,0.0,100.0,Low,0,No failure,0
335,M15194,0,0.0,100.0,Low,0,No failure,0
336,L47515,0,0.0,100.0,Low,0,No failure,0
337,M15196,0,0.0,100.0,Low,0,No failure,0
338,L47517,0,0.0,100.0,Low,0,No failure,0
339,L47518,0,0.0,100.0,Low,0,No failure,0
340,M15199,0,0.0,100.0,Low,0,No failure,0
341,L47520,0,0.0,100.0,Low,0,No failure,0
342,M15201,0,0.0,100.0,Low,0,No failure,0
343,L47522,0,0.0,100.0,Low,0,No failure,0
344,L47523,0,0.0,100.0,Low,0,No failure,0
345,M15204,0,0.0175,98.2,Low,0,No failure,0
346,L47525,0,0.0,100.0,Low,0,No failure,0
347,M15206,0,0.0,100.0,Low,0,No failure,0
348,L47527,0,0.0,100.0,Low,0,No failure,0
349,L47528,0,0.0,100.0,Low,0,No failure,0
350,L47529,0,0.0,100.0,Low,0,No failure,0
351,H29764,0,0.0,100.0,Low,0,No failure,0
352,M15211,0,0.0,100.0,Low,0,No failure,0
353,M15212,0,0.0,100.0,Low,0,No failure,0
354,H29767,0,0.0,100.0,Low,0,No failure,0
355,L47534,0,0.0,100.0,Low,0,No failure,0
356,L47535,0,0.0,100.0,Low,0,No failure,0
357,M15216,0,0.0,100.0,Low,0,No failure,0
358,L47537,0,0.0,100.0,Low,0,No failure,0
359,M15218,0,0.0,100.0,Low,0,No failure,0
360,M15219,0,0.0,100.0,Low,0,No failure,0
361,M15220,0,0.0,100.0,Low,0,No failure,0
362,L47541,0,0.0,100.0,Low,0,No failure,0
363,H29776,0,0.0,100.0,Low,0,No failure,0
364,L47543,0,0.0,100.0,Low,0,No failure,0
365,L47544,0,0.0,100.0,Low,0,No failure,0
366,L47545,0,0.0,100.0,Low,0,No failure,0
367,M15226,0,0.0,100.0,Low,0,No failure,0
368,M15227,0,0.0,100.0,Low,0,No failure,0
369,L47548,0,0.0,100.0,Low,0,No failure,0
370,H29783,0,0.0,100.0,Low,0,No failure,0
371,M15230,0,0.0,100.0,Low,0,No failure,0
372,L47551,0,0.0,100.0,Low,0,No failure,0
373,M15232,0,0.0,100.0,Low,0,No failure,0
374,L47553,0,0.0,100.0,Low,0,No failure,0
375,L47554,0,0.0,100.0,Low,0,No failure,0
376,L47555,0,0.0,100.0,Low,0,No failure,0
377,M15236,0,0.0,100.0,Low,0,No failure,0
378,M15237,0,0.005,99.5,Low,0,No failure,0
379,L47558,0,0.0,100.0,Low,0,No failure,0
380,L47559,0,0.0,100.0,Low,0,No failure,0
381,L47560,1,0.85,15.0,High,1,Power Failure,0
382,L47561,0,0.0,100.0,Low,0,No failure,0
383,L47562,0,0.0,100.0,Low,0,No failure,0
384,M15243,0,0.0,100.0,Low,0,No failure,0
385,L47564,0,0.0,100.0,Low,0,No failure,0
386,M15245,0,0.0,100.0,Low,0,No failure,0
387,L47566,0,0.0025,99.8,Low,0,No failure,0
388,L47567,0,0.005,99.5,Low,0,No failure,0
389,L47568,0,0.0,100.0,Low,0,No failure,0
390,M15249,0,0.0,100.0,Low,0,No failure,0
391,L47570,0,0.0,100.0,Low,0,No failure,0
392,L47571,0,0.0,100.0,Low,0,No failure,0
393,M15252,0,0.0,100.0,Low,0,No failure,0
394,M15253,0,0.0,100.0,Low,0,No failure,0
395,L47574,0,0.0,100.0,Low,0,No failure,0
396,L47575,0,0.0,100.0,Low,0,No failure,0
397,L47576,0,0.0,100.0,Low,0,No failure,0
398,M15257,0,0.0,100.0,Low,0,No failure,0
399,H29812,0,0.0,100.0,Low,0,No failure,0
400,L47579,0,0.0,100.0,Low,0,No failure,0
401,L47580,0,0.0025,99.8,Low,0,No failure,0
402,L47581,0,0.0,100.0,Low,0,No failure,0
403,L47582,0,0.0,100.0,Low,0,No failure,0
404,L47583,0,0.065,93.5,Low,0,No failure,0
405,L47584,0,0.01,99.0,Low,0,No failure,0
406,L47585,0,0.18,82.0,Low,0,No failure,0
407,L47586,0,0.0025,99.8,Low,0,No failure,0
408,M15267,0,0.0,100.0,Low,0,No failure,0
409,M15268,0,0.0,100.0,Low,0,No failure,0
410,L47589,0,0.0,100.0,Low,0,No failure,0
411,M15270,0,0.0,100.0,Low,0,No failure,0
412,L47591,0,0.0025,99.8,Low,0,No failure,0
413,L47592,0,0.07,93.0,Low,0,No failure,0
414,L47593,0,0.005,99.5,Low,0,No failure,0
415,L47594,0,0.0025,99.8,Low,0,No failure,0
416,L47595,0,0.03,97.0,Low,0,No failure,0
417,L47596,0,0.0175,98.2,Low,0,No failure,0
418,L47597,0,0.2675,73.2,Low,0,No failure,0
419,L47598,0,0.0025,99.8,Low,0,No failure,0
420,M15279,0,0.0,100.0,Low,0,No failure,0
421,M15280,0,0.0075,99.2,Low,0,No failure,0
422,M15281,0,0.0,100.0,Low,0,No failure,0
423,L47602,0,0.0,100.0,Low,0,No failure,0
424,L47603,0,0.0,100.0,Low,0,No failure,0
425,L47604,0,0.0,100.0,Low,0,No failure,0
426,M15285,0,0.0,100.0,Low,0,No failure,0
427,L47606,0,0.0,100.0,Low,0,No failure,0
428,M15287,0,0.0,100.0,Low,0,No failure,0
429,M15288,0,0.0,100.0,Low,0,No failure,0
430,L47609,0,0.0225,97.8,Low,0,No failure,0
431,L47610,0,0.0,100.0,Low,0,No failure,0
432,L47611,0,0.0,100.0,Low,0,No failure,0
433,M15292,0,0.0,100.0,Low,0,No failure,0
434,M15293,0,0.0,100.0,Low,0,No failure,0
435,M15294,0,0.0,100.0,Low,0,No failure,0
436,L47615,0,0.0,100.0,Low,0,No failure,0
437,L47616,0,0.0,100.0,Low,0,No failure,0
438,L47617,0,0.0,100.0,Low,0,No failure,0
439,L47618,0,0.0,100.0,Low,0,No failure,0
440,M15299,0,0.0,100.0,Low,0,No failure,0
441,L47620,0,0.0,100.0,Low,0,No failure,0
442,H29855,0,0.0,100.0,Low,0,No failure,0
443,L47622,1,0.705,29.5,High,1,Power Failure,0
444,H29857,0,0.0,100.0,Low,0,No failure,0
445,L47624,0,0.0,100.0,Low,0,No failure,0
446,L47625,0,0.0,100.0,Low,0,No failure,0
447,L47626,0,0.0,100.0,Low,0,No failure,0
448,M15307,0,0.025,97.5,Low,0,No failure,0
449,L47628,0,0.0,100.0,Low,0,No failure,0
450,L47629,0,0.0,100.0,Low,0,No failure,0
451,M15310,0,0.0,100.0,Low,0,No failure,0
452,H29865,0,0.0,100.0,Low,0,No failure,0
453,M15312,0,0.0,100.0,Low,0,No failure,0
454,L47633,0,0.0,100.0,Low,0,No failure,0
455,L47634,0,0.0,100.0,Low,0,No failure,0
456,L47635,0,0.005,99.5,Low,0,No failure,0
457,H29870,0,0.0,100.0,Low,0,No failure,0
458,L47637,0,0.0,100.0,Low,0,No failure,0
459,L47638,0,0.0,100.0,Low,0,No failure,0
460,L47639,0,0.0,100.0,Low,0,No failure,0
461,H29874,0,0.0,100.0,Low,0,No failure,0
462,L47641,0,0.0,100.0,Low,0,No failure,0
463,L47642,0,0.0,100.0,Low,0,No failure,0
464,L47643,1,0.9175,8.3,High,1,Power Failure,0
465,L47644,0,0.0,100.0,Low,0,No failure,0
466,M15325,0,0.0,100.0,Low,0,No failure,0
467,L47646,0,0.0,100.0,Low,0,No failure,0
468,L47647,0,0.005,99.5,Low,0,No failure,0
469,L47648,0,0.0,100.0,Low,0,No failure,0
470,M15329,0,0.0,100.0,Low,0,No failure,0
471,H29884,0,0.0,100.0,Low,0,No failure,0
472,H29885,0,0.0,100.0,Low,0,No failure,0
473,M15332,0,0.0,100.0,Low,0,No failure,0
474,M15333,0,0.0,100.0,Low,0,No failure,0
475,L47654,0,0.0025,99.8,Low,0,No failure,0
476,L47655,0,0.005,99.5,Low,0,No failure,0
477,L47656,0,0.0,100.0,Low,0,No failure,0
478,H29891,0,0.0,100.0,Low,0,No failure,0
479,L47658,0,0.0,100.0,Low,0,No failure,0
480,M15339,0,0.0,100.0,Low,0,No failure,0
481,L47660,0,0.0,100.0,Low,0,No failure,0
482,M15341,0,0.0,100.0,Low,0,No failure,0
483,L47662,0,0.0,100.0,Low,0,No failure,0
484,L47663,0,0.0,100.0,Low,0,No failure,0
485,L47664,0,0.0,100.0,Low,0,No failure,0
486,M15345,0,0.0,100.0,Low,0,No failure,0
487,M15346,0,0.0,100.0,Low,0,No failure,0
488,M15347,0,0.0,100.0,Low,0,No failure,0
489,L47668,0,0.0,100.0,Low,0,No failure,0
490,M15349,0,0.01,99.0,Low,0,No failure,0
491,L47670,0,0.0,100.0,Low,0,No failure,0
492,L47671,0,0.0,100.0,Low,0,No failure,0
493,L47672,0,0.0,100.0,Low,0,No failure,0
494,L47673,0,0.0,100.0,Low,0,No failure,0
495,L47674,0,0.0125,98.8,Low,0,No failure,0
496,H29909,0,0.005,99.5,Low,0,No failure,0
497,M15356,0,0.0075,99.2,Low,0,No failure,0
498,L47677,0,0.0075,99.2,Low,0,No failure,0
499,L47678,0,0.0025,99.8,Low,0,No failure,0
500,L47679,0,0.0025,99.8,Low,0,No failure,0
501,M15360,0,0.0075,99.2,Low,0,No failure,0
502,M15361,0,0.01,99.0,Low,0,No failure,0
503,L47682,0,0.02,98.0,Low,0,No failure,0
504,M15363,0,0.0,100.0,Low,0,No failure,0
505,M15364,0,0.0,100.0,Low,0,No failure,0
506,L47685,0,0.0,100.0,Low,0,No failure,0
507,L47686,0,0.0,100.0,Low,0,No failure,0
508,H29921,0,0.0,100.0,Low,0,No failure,0
509,L47688,0,0.0,100.0,Low,0,No failure,0
510,M15369,0,0.0,100.0,Low,0,No failure,0
511,L47690,0,0.0,100.0,Low,0,No failure,0
512,L47691,0,0.0,100.0,Low,0,No failure,0
513,L47692,0,0.0,100.0,Low,0,No failure,0
514,L47693,0,0.0,100.0,Low,0,No failure,0
515,L47694,0,0.0,100.0,Low,0,No failure,0
516,L47695,0,0.0,100.0,Low,0,No failure,0
517,L47696,0,0.0,100.0,Low,0,No failure,0
518,M15377,0,0.01,99.0,Low,0,No failure,0
519,L47698,0,0.0,100.0,Low,0,No failure,0
520,M15379,0,0.0,100.0,Low,0,No failure,0
521,L47700,0,0.0,100.0,Low,0,No failure,0
522,L47701,0,0.0,100.0,Low,0,No failure,0
523,M15382,0,0.0025,99.8,Low,0,No failure,0
524,L47703,0,0.0025,99.8,Low,0,No failure,0
525,L47704,0,0.0025,99.8,Low,0,No failure,0
526,L47705,0,0.0075,99.2,Low,0,No failure,0
527,L47706,0,0.0025,99.8,Low,0,No failure,0
528,M15387,0,0.0,100.0,Low,0,No failure,0
529,M15388,0,0.0025,99.8,Low,0,No failure,0
530,L47709,0,0.0,100.0,Low,0,No failure,0
531,M15390,0,0.0,100.0,Low,0,No failure,0
532,L47711,0,0.0,100.0,Low,0,No failure,0
533,L47712,0,0.0,100.0,Low,0,No failure,0
534,L47713,0,0.0,100.0,Low,0,No failure,0
535,L47714,0,0.0,100.0,Low,0,No failure,0
536,H29949,0,0.0,100.0,Low,0,No failure,0
537,L47716,0,0.0,100.0,Low,0,No failure,0
538,H29951,0,0.0,100.0,Low,0,No failure,0
539,M15398,0,0.0,100.0,Low,0,No failure,0
540,M15399,0,0.0,100.0,Low,0,No failure,0
541,L47720,0,0.005,99.5,Low,0,No failure,0
542,L47721,0,0.0025,99.8,Low,0,No failure,0
543,L47722,0,0.0,100.0,Low,0,No failure,0
544,H29957,0,0.0,100.0,Low,0,No failure,0
545,M15404,0,0.0,100.0,Low,0,No failure,0
546,L47725,0,0.0,100.0,Low,0,No failure,0
547,L47726,0,0.0,100.0,Low,0,No failure,0
548,M15407,0,0.0,100.0,Low,0,No failure,0
549,L47728,0,0.0025,99.8,Low,0,No failure,0
550,L47729,0,0.0,100.0,Low,0,No failure,0
551,L47730,0,0.0,100.0,Low,0,No failure,0
552,L47731,0,0.0,100.0,Low,0,No failure,0
553,M15412,0,0.0,100.0,Low,0,No failure,0
554,M15413,0,0.0,100.0,Low,0,No failure,0
555,H29968,0,0.0,100.0,Low,0,No failure,0
556,M15415,0,0.0025,99.8,Low,0,No failure,0
557,L47736,0,0.0025,99.8,Low,0,No failure,0
558,M15417,0,0.0,100.0,Low,0,No failure,0
559,L47738,0,0.0,100.0,Low,0,No failure,0
560,L47739,0,0.0,100.0,Low,0,No failure,0
561,L47740,0,0.0025,99.8,Low,0,No failure,0
562,M15421,0,0.0,100.0,Low,0,No failure,0
563,L47742,0,0.0,100.0,Low,0,No failure,0
564,L47743,0,0.0,100.0,Low,0,No failure,0
565,H29978,0,0.0,100.0,Low,0,No failure,0
566,H29979,0,0.0,100.0,Low,0,No failure,0
567,M15426,0,0.0,100.0,Low,0,No failure,0
568,M15427,0,0.0,100.0,Low,0,No failure,0
569,L47748,0,0.0025,99.8,Low,0,No failure,0
570,M15429,0,0.0,100.0,Low,0,No failure,0
571,L47750,0,0.0025,99.8,Low,0,No failure,0
572,M15431,0,0.0,100.0,Low,0,No failure,0
573,L47752,0,0.0125,98.8,Low,0,No failure,0
574,L47753,0,0.0,100.0,Low,0,No failure,0
575,M15434,0,0.0,100.0,Low,0,No failure,0
576,M15435,0,0.03,97.0,Low,0,No failure,0
577,H29990,0,0.005,99.5,Low,0,No failure,0
578,L47757,0,0.0025,99.8,Low,0,No failure,0
579,L47758,0,0.0025,99.8,Low,0,No failure,0
580,M15439,0,0.0,100.0,Low,0,No failure,0
581,M15440,0,0.0275,97.2,Low,0,No failure,0
582,L47761,0,0.02,98.0,Low,0,No failure,0
583,L47762,0,0.075,92.5,Low,0,No failure,0
584,H29997,0,0.0025,99.8,Low,0,No failure,0
585,H29998,0,0.045,95.5,Low,0,No failure,0
586,L47765,0,0.0875,91.2,Low,0,No failure,0
587,L47766,1,0.6675,33.2,High,1,Overstrain Failure,0
588,H30001,0,0.01,99.0,Low,0,No failure,0
589,L47768,0,0.0575,94.2,Low,0,No failure,0
590,L47769,0,0.02,98.0,Low,0,No failure,0
591,L47770,0,0.0125,98.8,Low,0,No failure,0
592,H30005,0,0.02,98.0,Low,0,No failure,0
593,H30006,0,0.0575,94.2,Low,0,No failure,0
594,L47773,0,0.005,99.5,Low,0,No failure,0
595,H30008,0,0.0,100.0,Low,0,No failure,0
596,M15455,0,0.0,100.0,Low,0,No failure,0
597,M15456,0,0.0025,99.8,Low,0,No failure,0
598,H30011,0,0.0025,99.8,Low,0,No failure,0
599,L47778,0,0.0025,99.8,Low,0,No failure,0
600,H30013,0,0.0,100.0,Low,0,No failure,0
601,L47780,0,0.0025,99.8,Low,0,No failure,0
602,L47781,0,0.0,100.0,Low,0,No failure,0
603,L47782,0,0.0,100.0,Low,0,No failure,0
604,L47783,1,0.79,21.0,High,1,Power Failure,0
605,L47784,0,0.0,100.0,Low,0,No failure,0
606,M15465,0,0.0,100.0,Low,0,No failure,0
607,L47786,0,0.0,100.0,Low,0,No failure,0
608,M15467,0,0.0,100.0,Low,0,No failure,0
609,L47788,0,0.0,100.0,Low,0,No failure,0
610,L47789,0,0.0,100.0,Low,0,No failure,0
611,L47790,0,0.0,100.0,Low,0,No failure,0
612,L47791,0,0.0,100.0,Low,0,No failure,0
613,L47792,0,0.0,100.0,Low,0,No failure,0
614,L47793,0,0.0,100.0,Low,0,No failure,0
615,M15474,0,0.0,100.0,Low,0,No failure,0
616,L47795,0,0.0,100.0,Low,0,No failure,0
617,H30030,0,0.0,100.0,Low,0,No failure,0
618,M15477,0,0.0,100.0,Low,0,No failure,0
619,H30032,0,0.0,100.0,Low,0,No failure,0
620,L47799,0,0.0,100.0,Low,0,No failure,0
621,M15480,0,0.0,100.0,Low,0,No failure,0
622,L47801,0,0.0,100.0,Low,0,No failure,0
623,M15482,0,0.0,100.0,Low,0,No failure,0
624,L47803,0,0.0,100.0,Low,0,No failure,0
625,H30038,0,0.0,100.0,Low,0,No failure,0
626,L47805,0,0.0025,99.8,Low,0,No failure,0
627,L47806,0,0.0,100.0,Low,0,No failure,0
628,L47807,0,0.0,100.0,Low,0,No failure,0
629,M15488,0,0.0,100.0,Low,0,No failure,0
630,L47809,0,0.0,100.0,Low,0,No failure,0
631,L47810,0,0.0,100.0,Low,0,No failure,0
632,L47811,0,0.0,100.0,Low,0,No failure,0
633,H30046,0,0.0,100.0,Low,0,No failure,0
634,L47813,0,0.0,100.0,Low,0,No failure,0
635,L47814,0,0.0,100.0,Low,0,No failure,0
636,L47815,0,0.0,100.0,Low,0,No failure,0
637,L47816,0,0.0,100.0,Low,0,No failure,0
638,L47817,0,0.0,100.0,Low,0,No failure,0
639,L47818,0,0.0,100.0,Low,0,No failure,0
640,L47819,0,0.005,99.5,Low,0,No failure,0
641,M15500,0,0.0,100.0,Low,0,No failure,0
642,L47821,0,0.0,100.0,Low,0,No failure,0
643,M15502,0,0.005,99.5,Low,0,No failure,0
644,M15503,0,0.0,100.0,Low,0,No failure,0
645,H30058,0,0.0,100.0,Low,0,No failure,0
646,L47825,0,0.0,100.0,Low,0,No failure,0
647,M15506,0,0.0,100.0,Low,0,No failure,0
648,L47827,0,0.0,100.0,Low,0,No failure,0
649,H30062,0,0.0,100.0,Low,0,No failure,0
650,M15509,0,0.0,100.0,Low,0,No failure,0
651,L47830,0,0.0,100.0,Low,0,No failure,0
652,L47831,0,0.0,100.0,Low,0,No failure,0
653,L47832,0,0.0,100.0,Low,0,No failure,0
654,L47833,0,0.0,100.0,Low,0,No failure,0
655,L47834,0,0.0,100.0,Low,0,No failure,0
656,L47835,0,0.0,100.0,Low,0,No failure,0
657,M15516,0,0.0,100.0,Low,0,No failure,0
658,L47837,0,0.02,98.0,Low,0,No failure,0
659,L47838,0,0.0,100.0,Low,0,No failure,0
660,L47839,0,0.0,100.0,Low,0,No failure,0
661,M15520,0,0.0025,99.8,Low,0,No failure,0
662,M15521,0,0.0,100.0,Low,0,No failure,0
663,M15522,0,0.0025,99.8,Low,0,No failure,0
664,L47843,0,0.0,100.0,Low,0,No failure,0
665,L47844,0,0.0025,99.8,Low,0,No failure,0
666,L47845,0,0.0,100.0,Low,0,No failure,0
667,L47846,0,0.0,100.0,Low,0,No failure,0
668,L47847,0,0.0,100.0,Low,0,No failure,0
669,L47848,0,0.0,100.0,Low,0,No failure,0
670,H30083,0,0.0,100.0,Low,0,No failure,0
671,L47850,0,0.045,95.5,Low,0,No failure,0
672,L47851,0,0.0075,99.2,Low,0,No failure,0
673,M15532,0,0.01,99.0,Low,0,No failure,0
674,L47853,0,0.0225,97.8,Low,0,No failure,0
675,L47854,0,0.0,100.0,Low,0,No failure,0
676,M15535,0,0.0,100.0,Low,0,No failure,0
677,H30090,0,0.0,100.0,Low,0,No failure,0
678,L47857,0,0.0,100.0,Low,0,No failure,0
679,M15538,0,0.0125,98.8,Low,0,No failure,0
680,L47859,0,0.0025,99.8,Low,0,No failure,0
681,M15540,0,0.0,100.0,Low,0,No failure,0
682,M15541,0,0.0,100.0,Low,0,No failure,0
683,H30096,0,0.0,100.0,Low,0,No failure,0
684,L47863,0,0.005,99.5,Low,0,No failure,0
685,L47864,0,0.0,100.0,Low,0,No failure,0
686,M15545,0,0.0,100.0,Low,0,No failure,0
687,M15546,0,0.0,100.0,Low,0,No failure,0
688,M15547,0,0.0,100.0,Low,0,No failure,0
689,H30102,0,0.0,100.0,Low,0,No failure,0
690,H30103,0,0.0,100.0,Low,0,No failure,0
691,H30104,0,0.0,100.0,Low,0,No failure,0
692,L47871,0,0.0,100.0,Low,0,No failure,0
693,L47872,0,0.0,100.0,Low,0,No failure,0
694,L47873,0,0.0,100.0,Low,0,No failure,0
695,L47874,0,0.0025,99.8,Low,0,No failure,0
696,L47875,0,0.0,100.0,Low,0,No failure,0
697,M15556,0,0.0,100.0,Low,0,No failure,0
698,M15557,0,0.0,100.0,Low,0,No failure,0
699,L47878,0,0.0,100.0,Low,0,No failure,0
700,H30113,0,0.0,100.0,Low,0,No failure,0
701,M15560,0,0.0,100.0,Low,0,No failure,0
702,L47881,0,0.0,100.0,Low,0,No failure,0
703,M15562,0,0.0,100.0,Low,0,No failure,0
704,H30117,0,0.0,100.0,Low,0,No failure,0
705,L47884,0,0.0,100.0,Low,0,No failure,0
706,L47885,0,0.0,100.0,Low,0,No failure,0
707,M15566,0,0.0,100.0,Low,0,No failure,0
708,L47887,0,0.0,100.0,Low,0,No failure,0
709,M15568,0,0.0,100.0,Low,0,No failure,0
710,M15569,0,0.0,100.0,Low,0,No failure,0
711,M15570,0,0.0,100.0,Low,0,No failure,0
712,L47891,0,0.0,100.0,Low,0,No failure,0
713,L47892,0,0.0,100.0,Low,0,No failure,0
714,L47893,0,0.0,100.0,Low,0,No failure,0
715,L47894,0,0.0,100.0,Low,0,No failure,0
716,L47895,0,0.0,100.0,Low,0,No failure,0
717,H30130,0,0.0025,99.8,Low,0,No failure,0
718,L47897,0,0.0,100.0,Low,0,No failure,0
719,L47898,0,0.0,100.0,Low,0,No failure,0
720,L47899,0,0.04,96.0,Low,0,No failure,0
721,L47900,0,0.0,100.0,Low,0,No failure,0
722,L47901,0,0.0,100.0,Low,0,No failure,0
723,L47902,0,0.0,100.0,Low,0,No failure,0
724,M15583,0,0.0,100.0,Low,0,No failure,0
725,L47904,0,0.0,100.0,Low,0,No failure,0
726,L47905,0,0.0,100.0,Low,0,No failure,0
727,M15586,0,0.0,100.0,Low,0,No failure,0
728,H30141,0,0.0,100.0,Low,0,No failure,0
729,M15588,0,0.0,100.0,Low,0,No failure,0
730,L47909,0,0.0,100.0,Low,0,No failure,0
731,M15590,0,0.0,100.0,Low,0,No failure,0
732,M15591,0,0.0,100.0,Low,0,No failure,0
733,L47912,0,0.0,100.0,Low,0,No failure,0
734,M15593,0,0.0025,99.8,Low,0,No failure,0
735,H30148,0,0.0075,99.2,Low,0,No failure,0
736,L47915,0,0.0,100.0,Low,0,No failure,0
737,L47916,0,0.0,100.0,Low,0,No failure,0
738,H30151,0,0.0025,99.8,Low,0,No failure,0
739,L47918,0,0.0025,99.8,Low,0,No failure,0
740,L47919,0,0.0,100.0,Low,0,No failure,0
741,M15600,0,0.0025,99.8,Low,0,No failure,0
742,L47921,0,0.0,100.0,Low,0,No failure,0
743,L47922,0,0.0,100.0,Low,0,No failure,0
744,L47923,0,0.045,95.5,Low,0,No failure,0
745,L47924,0,0.0,100.0,Low,0,No failure,0
746,L47925,0,0.005,99.5,Low,0,No failure,0
747,L47926,1,0.835,16.5,High,1,Overstrain Failure,0
748,L47927,0,0.0475,95.2,Low,0,No failure,0
749,H30162,0,0.0175,98.2,Low,0,No failure,0
750,L47929,0,0.025,97.5,Low,0,No failure,0
751,L47930,0,0.005,99.5,Low,0,No failure,0
752,M15611,0,0.005,99.5,Low,0,No failure,0
753,L47932,0,0.03,97.0,Low,0,No failure,0
754,L47933,0,0.0075,99.2,Low,0,No failure,0
755,M15614,0,0.025,97.5,Low,0,No failure,0
756,H30169,0,0.01,99.0,Low,0,No failure,0
757,L47936,0,0.0125,98.8,Low,0,No failure,0
758,L47937,0,0.0175,98.2,Low,0,No failure,0
759,L47938,0,0.0125,98.8,Low,0,No failure,0
760,M15619,0,0.015,98.5,Low,0,No failure,0
761,L47940,0,0.0125,98.8,Low,0,No failure,0
762,L47941,0,0.0225,97.8,Low,0,No failure,0
763,M15622,0,0.0175,98.2,Low,0,No failure,0
764,L47943,0,0.0025,99.8,Low,0,No failure,0
765,L47944,0,0.0,100.0,Low,0,No failure,0
766,L47945,0,0.0,100.0,Low,0,No failure,0
767,L47946,0,0.0,100.0,Low,0,No failure,0
768,L47947,0,0.0,100.0,Low,0,No failure,0
769,L47948,0,0.0,100.0,Low,0,No failure,0
770,L47949,0,0.0,100.0,Low,0,No failure,0
771,L47950,0,0.005,99.5,Low,0,No failure,0
772,H30185,0,0.0025,99.8,Low,0,No failure,0
773,H30186,0,0.0,100.0,Low,0,No failure,0
774,L47953,0,0.0,100.0,Low,0,No failure,0
775,L47954,0,0.0,100.0,Low,0,No failure,0
776,L47955,0,0.0,100.0,Low,0,No failure,0
777,L47956,0,0.0,100.0,Low,0,No failure,0
778,L47957,0,0.0025,99.8,Low,0,No failure,0
779,L47958,0,0.0,100.0,Low,0,No failure,0
780,L47959,0,0.0,100.0,Low,0,No failure,0
781,M15640,0,0.0,100.0,Low,0,No failure,0
782,L47961,0,0.0,100.0,Low,0,No failure,0
783,L47962,0,0.0,100.0,Low,0,No failure,0
784,H30197,0,0.0,100.0,Low,0,No failure,0
785,L47964,0,0.0,100.0,Low,0,No failure,0
786,M15645,0,0.0,100.0,Low,0,No failure,0
787,L47966,0,0.0,100.0,Low,0,No failure,0
788,L47967,0,0.0,100.0,Low,0,No failure,0
789,M15648,0,0.0,100.0,Low,0,No failure,0
790,M15649,0,0.0,100.0,Low,0,No failure,0
791,L47970,0,0.0,100.0,Low,0,No failure,0
792,L47971,0,0.0,100.0,Low,0,No failure,0
793,L47972,0,0.0,100.0,Low,0,No failure,0
794,M15653,0,0.0,100.0,Low,0,No failure,0
795,H30208,0,0.0025,99.8,Low,0,No failure,0
796,L47975,0,0.0,100.0,Low,0,No failure,0
797,M15656,0,0.0,100.0,Low,0,No failure,0
798,L47977,0,0.0,100.0,Low,0,No failure,0
799,M15658,0,0.0,100.0,Low,0,No failure,0
800,M15659,0,0.0,100.0,Low,0,No failure,0
801,M15660,0,0.0,100.0,Low,0,No failure,0
802,L47981,0,0.0,100.0,Low,0,No failure,0
803,L47982,0,0.0,100.0,Low,0,No failure,0
804,H30217,0,0.01,99.0,Low,0,No failure,0
805,M15664,0,0.0,100.0,Low,0,No failure,0
806,M15665,0,0.0,100.0,Low,0,No failure,0
807,M15666,0,0.0,100.0,Low,0,No failure,0
808,L47987,0,0.0,100.0,Low,0,No failure,0
809,L47988,0,0.0,100.0,Low,0,No failure,0
810,L47989,0,0.0,100.0,Low,0,No failure,0
811,L47990,0,0.0,100.0,Low,0,No failure,0
812,L47991,0,0.0,100.0,Low,0,No failure,0
813,L47992,0,0.0,100.0,Low,0,No failure,0
814,L47993,0,0.0,100.0,Low,0,No failure,0
815,M15674,0,0.0,100.0,Low,0,No failure,0
816,M15675,0,0.0,100.0,Low,0,No failure,0
817,L47996,0,0.0,100.0,Low,0,No failure,0
818,L47997,0,0.0,100.0,Low,0,No failure,0
819,L47998,0,0.0025,99.8,Low,0,No failure,0
820,L47999,0,0.0,100.0,Low,0,No failure,0
821,L48000,0,0.0,100.0,Low,0,No failure,0
822,L48001,0,0.0,100.0,Low,0,No failure,0
823,M15682,0,0.0,100.0,Low,0,No failure,0
824,M15683,0,0.0,100.0,Low,0,No failure,0
825,L48004,0,0.0,100.0,Low,0,No failure,0
826,L48005,0,0.0,100.0,Low,0,No failure,0
827,L48006,0,0.0,100.0,Low,0,No failure,0
828,L48007,0,0.0,100.0,Low,0,No failure,0
829,L48008,0,0.0,100.0,Low,0,No failure,0
830,L48009,0,0.0,100.0,Low,0,No failure,0
831,L48010,0,0.0,100.0,Low,0,No failure,0
832,M15691,0,0.0,100.0,Low,0,No failure,0
833,L48012,0,0.0,100.0,Low,0,No failure,0
834,L48013,0,0.0,100.0,Low,0,No failure,0
835,H30248,0,0.0025,99.8,Low,0,No failure,0
836,M15695,0,0.0,100.0,Low,0,No failure,0
837,L48016,0,0.0,100.0,Low,0,No failure,0
838,L48017,0,0.0,100.0,Low,0,No failure,0
839,H30252,0,0.0025,99.8,Low,0,No failure,0
840,M15699,0,0.0,100.0,Low,0,No failure,0
841,L48020,0,0.0,100.0,Low,0,No failure,0
842,L48021,0,0.0025,99.8,Low,0,No failure,0
843,M15702,0,0.0275,97.2,Low,0,No failure,0
844,L48023,0,0.03,97.0,Low,0,No failure,0
845,L48024,0,0.125,87.5,Low,0,No failure,0
846,L48025,0,0.0325,96.8,Low,0,No failure,0
847,M15706,0,0.035,96.5,Low,0,No failure,0
848,L48027,1,0.3475,65.3,Medium,0,Power Failure,0
849,L48028,0,0.015,98.5,Low,0,No failure,0
850,H30263,0,0.0025,99.8,Low,0,No failure,0
851,L48030,0,0.0,100.0,Low,0,No failure,0
852,M15711,0,0.0025,99.8,Low,0,No failure,0
853,M15712,0,0.0,100.0,Low,0,No failure,0
854,L48033,0,0.0,100.0,Low,0,No failure,0
855,M15714,0,0.0,100.0,Low,0,No failure,0
856,L48035,0,0.0,100.0,Low,0,No failure,0
857,L48036,0,0.0,100.0,Low,0,No failure,0
858,M15717,0,0.0025,99.8,Low,0,No failure,0
859,M15718,0,0.0,100.0,Low,0,No failure,0
860,H30273,0,0.0,100.0,Low,0,No failure,0
861,H30274,0,0.0,100.0,Low,0,No failure,0
862,M15721,0,0.0,100.0,Low,0,No failure,0
863,H30276,0,0.0,100.0,Low,0,No failure,0
864,L48043,0,0.0,100.0,Low,0,No failure,0
865,M15724,0,0.0,100.0,Low,0,No failure,0
866,L48045,0,0.0,100.0,Low,0,No failure,0
867,L48046,0,0.0,100.0,Low,0,No failure,0
868,H30281,0,0.0,100.0,Low,0,No failure,0
869,M15728,0,0.0,100.0,Low,0,No failure,0
870,L48049,0,0.0,100.0,Low,0,No failure,0
871,L48050,0,0.0025,99.8,Low,0,No failure,0
872,L48051,0,0.0,100.0,Low,0,No failure,0
873,M15732,0,0.0,100.0,Low,0,No failure,0
874,L48053,0,0.0025,99.8,Low,0,No failure,0
875,L48054,0,0.0,100.0,Low,0,No failure,0
876,M15735,0,0.0,100.0,Low,0,No failure,0
877,L48056,0,0.0,100.0,Low,0,No failure,0
878,M15737,0,0.0,100.0,Low,0,No failure,0
879,M15738,0,0.0,100.0,Low,0,No failure,0
880,L48059,0,0.0,100.0,Low,0,No failure,0
881,M15740,1,0.7125,28.7,High,1,Power Failure,0
882,L48061,0,0.0,100.0,Low,0,No failure,0
883,M15742,0,0.0,100.0,Low,0,No failure,0
884,L48063,0,0.0,100.0,Low,0,No failure,0
885,L48064,0,0.0,100.0,Low,0,No failure,0
886,L48065,0,0.0,100.0,Low,0,No failure,0
887,L48066,0,0.0,100.0,Low,0,No failure,0
888,H30301,0,0.025,97.5,Low,0,No failure,0
889,M15748,0,0.0,100.0,Low,0,No failure,0
890,L48069,0,0.0025,99.8,Low,0,No failure,0
891,L48070,0,0.0,100.0,Low,0,No failure,0
892,L48071,0,0.0,100.0,Low,0,No failure,0
893,L48072,0,0.0,100.0,Low,0,No failure,0
894,M15753,0,0.0,100.0,Low,0,No failure,0
895,L48074,0,0.0,100.0,Low,0,No failure,0
896,M15755,0,0.0,100.0,Low,0,No failure,0
897,L48076,0,0.0,100.0,Low,0,No failure,0
898,L48077,0,0.0,100.0,Low,0,No failure,0
899,L48078,0,0.0,100.0,Low,0,No failure,0
900,H30313,0,0.0,100.0,Low,0,No failure,0
901,L48080,0,0.0,100.0,Low,0,No failure,0
902,H30315,0,0.0325,96.8,Low,0,No failure,0
903,L48082,0,0.005,99.5,Low,0,No failure,0
904,L48083,1,0.6,40.0,High,1,Power Failure,0
905,H30318,0,0.0,100.0,Low,0,No failure,0
906,L48085,0,0.0,100.0,Low,0,No failure,0
907,M15766,0,0.0,100.0,Low,0,No failure,0
908,M15767,0,0.0,100.0,Low,0,No failure,0
909,M15768,0,0.0,100.0,Low,0,No failure,0
910,L48089,0,0.0,100.0,Low,0,No failure,0
911,L48090,0,0.0,100.0,Low,0,No failure,0
912,M15771,0,0.0,100.0,Low,0,No failure,0
913,L48092,0,0.0,100.0,Low,0,No failure,0
914,L48093,0,0.0025,99.8,Low,0,No failure,0
915,M15774,0,0.0,100.0,Low,0,No failure,0
916,M15775,0,0.0,100.0,Low,0,No failure,0
917,M15776,0,0.0,100.0,Low,0,No failure,0
918,L48097,0,0.0,100.0,Low,0,No failure,0
919,M15778,0,0.0,100.0,Low,0,No failure,0
920,L48099,0,0.0,100.0,Low,0,No failure,0
921,M15780,0,0.0,100.0,Low,0,No failure,0
922,H30335,0,0.0,100.0,Low,0,No failure,0
923,M15782,0,0.0075,99.2,Low,0,No failure,0
924,M15783,0,0.015,98.5,Low,0,No failure,0
925,L48104,0,0.045,95.5,Low,0,No failure,0
926,H30339,0,0.07,93.0,Low,0,No failure,0
927,L48106,1,0.39,61.0,Medium,1,Overstrain Failure,0
928,H30341,0,0.005,99.5,Low,0,No failure,0
929,L48108,0,0.005,99.5,Low,0,No failure,0
930,L48109,0,0.0025,99.8,Low,0,No failure,0
931,M15790,0,0.0,100.0,Low,0,No failure,0
932,L48111,0,0.0,100.0,Low,0,No failure,0
933,L48112,0,0.0,100.0,Low,0,No failure,0
934,L48113,0,0.0,100.0,Low,0,No failure,0
935,M15794,0,0.0,100.0,Low,0,No failure,0
936,M15795,0,0.0,100.0,Low,0,No failure,0
937,M15796,0,0.0,100.0,Low,0,No failure,0
938,L48117,0,0.035,96.5,Low,0,No failure,0
939,L48118,0,0.0,100.0,Low,0,No failure,0
940,L48119,0,0.0,100.0,Low,0,No failure,0
941,L48120,0,0.0,100.0,Low,0,No failure,0
942,L48121,0,0.0,100.0,Low,0,No failure,0
943,M15802,0,0.0,100.0,Low,0,No failure,0
944,M15803,0,0.0,100.0,Low,0,No failure,0
945,M15804,0,0.0,100.0,Low,0,No failure,0
946,M15805,0,0.0,100.0,Low,0,No failure,0
947,L48126,0,0.0,100.0,Low,0,No failure,0
948,L48127,0,0.0,100.0,Low,0,No failure,0
949,M15808,0,0.0,100.0,Low,0,No failure,0
950,L48129,0,0.0,100.0,Low,0,No failure,0
951,L48130,0,0.0,100.0,Low,0,No failure,0
952,H30365,0,0.0,100.0,Low,0,No failure,0
953,L48132,0,0.0,100.0,Low,0,No failure,0
954,L48133,0,0.0,100.0,Low,0,No failure,0
955,H30368,0,0.0,100.0,Low,0,No failure,0
956,L48135,0,0.0,100.0,Low,0,No failure,0
957,H30370,0,0.0,100.0,Low,0,No failure,0
958,M15817,0,0.0025,99.8,Low,0,No failure,0
959,L48138,0,0.0,100.0,Low,0,No failure,0
960,L48139,0,0.0,100.0,Low,0,No failure,0
961,L48140,0,0.0,100.0,Low,0,No failure,0
962,L48141,0,0.0,100.0,Low,0,No failure,0
963,M15822,0,0.0,100.0,Low,0,No failure,0
964,L48143,0,0.0,100.0,Low,0,No failure,0
965,L48144,0,0.0,100.0,Low,0,No failure,0
966,L48145,0,0.0,100.0,Low,0,No failure,0
967,M15826,0,0.0,100.0,Low,0,No failure,0
968,M15827,0,0.0,100.0,Low,0,No failure,0
969,L48148,0,0.0,100.0,Low,0,No failure,0
970,L48149,0,0.0,100.0,Low,0,No failure,0
971,L48150,0,0.0,100.0,Low,0,No failure,0
972,L48151,0,0.0,100.0,Low,0,No failure,0
973,L48152,0,0.0,100.0,Low,0,No failure,0
974,L48153,0,0.0,100.0,Low,0,No failure,0
975,L48154,0,0.0,100.0,Low,0,No failure,0
976,M15835,0,0.0,100.0,Low,0,No failure,0
977,M15836,0,0.0,100.0,Low,0,No failure,0
978,L48157,0,0.0025,99.8,Low,0,No failure,0
979,M15838,0,0.0,100.0,Low,0,No failure,0
980,L48159,0,0.005,99.5,Low,0,No failure,0
981,L48160,0,0.0,100.0,Low,0,No failure,0
982,L48161,0,0.0,100.0,Low,0,No failure,0
983,L48162,0,0.0,100.0,Low,0,No failure,0
984,L48163,0,0.0,100.0,Low,0,No failure,0
985,L48164,0,0.0,100.0,Low,0,No failure,0
986,L48165,0,0.0,100.0,Low,0,No failure,0
987,H30400,0,0.0,100.0,Low,0,No failure,0
988,M15847,0,0.0,100.0,Low,0,No failure,0
989,H30402,0,0.0,100.0,Low,0,No failure,0
990,M15849,0,0.0025,99.8,Low,0,No failure,0
991,L48170,0,0.0,100.0,Low,0,No failure,0
992,M15851,0,0.0,100.0,Low,0,No failure,0
993,L48172,0,0.0,100.0,Low,0,No failure,0
994,M15853,0,0.0,100.0,Low,0,No failure,0
995,M15854,0,0.06,94.0,Low,0,No failure,0
996,L48175,0,0.0,100.0,Low,0,No failure,0
997,M15856,0,0.0025,99.8,Low,0,No failure,0
998,M15857,0,0.0025,99.8,Low,0,No failure,0
999,M15858,0,0.0025,99.8,Low,0,No failure,0
1000,L48179,0,0.0,100.0,Low,0,No failure,0
1001,L48180,0,0.0,100.0,Low,0,No failure,0
1002,L48181,0,0.0,100.0,Low,0,No failure,0
1003,L48182,0,0.0,100.0,Low,0,No failure,0
1004,L48183,0,0.0,100.0,Low,0,No failure,0
1005,H30418,0,0.0,100.0,Low,0,No failure,0
1006,L48185,0,0.0325,96.8,Low,0,No failure,0
1007,L48186,0,0.0625,93.8,Low,0,No failure,0
1008,M15867,0,0.0,100.0,Low,0,No failure,0
1009,L48188,0,0.0,100.0,Low,0,No failure,0
1010,M15869,0,0.01,99.0,Low,0,No failure,0
1011,M15870,0,0.0,100.0,Low,0,No failure,0
1012,M15871,0,0.0,100.0,Low,0,No failure,0
1013,M15872,0,0.0,100.0,Low,0,No failure,0
1014,M15873,0,0.0,100.0,Low,0,No failure,0
1015,L48194,0,0.0,100.0,Low,0,No failure,0
1016,L48195,0,0.0,100.0,Low,0,No failure,0
1017,M15876,1,0.84,16.0,High,1,Power Failure,0
1018,L48197,0,0.0,100.0,Low,0,No failure,0
1019,L48198,0,0.005,99.5,Low,0,No failure,0
1020,L48199,0,0.0075,99.2,Low,0,No failure,0
1021,L48200,0,0.005,99.5,Low,0,No failure,0
1022,M15881,0,0.0,100.0,Low,0,No failure,0
1023,L48202,0,0.0,100.0,Low,0,No failure,0
1024,L48203,0,0.0,100.0,Low,0,No failure,0
1025,L48204,0,0.0,100.0,Low,0,No failure,0
1026,L48205,0,0.0025,99.8,Low,0,No failure,0
1027,L48206,0,0.0,100.0,Low,0,No failure,0
1028,M15887,0,0.0,100.0,Low,0,No failure,0
1029,L48208,0,0.0,100.0,Low,0,No failure,0
1030,M15889,0,0.0,100.0,Low,0,No failure,0
1031,L48210,0,0.0,100.0,Low,0,No failure,0
1032,L48211,0,0.0,100.0,Low,0,No failure,0
1033,L48212,0,0.0,100.0,Low,0,No failure,0
1034,H30447,0,0.0,100.0,Low,0,No failure,0
1035,M15894,0,0.0,100.0,Low,0,No failure,0
1036,L48215,0,0.0,100.0,Low,0,No failure,0
1037,M15896,0,0.0,100.0,Low,0,No failure,0
1038,H30451,0,0.0,100.0,Low,0,No failure,0
1039,L48218,0,0.0,100.0,Low,0,No failure,0
1040,L48219,0,0.0,100.0,Low,0,No failure,0
1041,L48220,0,0.0,100.0,Low,0,No failure,0
1042,L48221,0,0.0,100.0,Low,0,No failure,0
1043,L48222,0,0.0,100.0,Low,0,No failure,0
1044,L48223,0,0.0,100.0,Low,0,No failure,0
1045,L48224,0,0.0,100.0,Low,0,No failure,0
1046,H30459,0,0.0125,98.8,Low,0,No failure,0
1047,L48226,0,0.0,100.0,Low,0,No failure,0
1048,M15907,0,0.0,100.0,Low,0,No failure,0
1049,L48228,0,0.0,100.0,Low,0,No failure,0
1050,L48229,0,0.0,100.0,Low,0,No failure,0
1051,L48230,0,0.0,100.0,Low,0,No failure,0
1052,L48231,0,0.0,100.0,Low,0,No failure,0
1053,L48232,0,0.0,100.0,Low,0,No failure,0
1054,M15913,0,0.0,100.0,Low,0,No failure,0
1055,H30468,0,0.0,100.0,Low,0,No failure,0
1056,L48235,0,0.0,100.0,Low,0,No failure,0
1057,L48236,0,0.0,100.0,Low,0,No failure,0
1058,L48237,0,0.0,100.0,Low,0,No failure,0
1059,L48238,0,0.0,100.0,Low,0,No failure,0
1060,M15919,0,0.0,100.0,Low,0,No failure,0
1061,H30474,0,0.0,100.0,Low,0,No failure,0
1062,L48241,0,0.0,100.0,Low,0,No failure,0
1063,L48242,0,0.0,100.0,Low,0,No failure,0
1064,M15923,0,0.0,100.0,Low,0,No failure,0
1065,M15924,0,0.0,100.0,Low,0,No failure,0
1066,L48245,0,0.0,100.0,Low,0,No failure,0
1067,M15926,0,0.0,100.0,Low,0,No failure,0
1068,L48247,0,0.0,100.0,Low,0,No failure,0
1069,L48248,0,0.0,100.0,Low,0,No failure,0
1070,M15929,0,0.0,100.0,Low,0,No failure,0
1071,M15930,0,0.0,100.0,Low,0,No failure,0
1072,L48251,0,0.0,100.0,Low,0,No failure,0
1073,M15932,0,0.0,100.0,Low,0,No failure,0
1074,L48253,0,0.0,100.0,Low,0,No failure,0
1075,L48254,0,0.0,100.0,Low,0,No failure,0
1076,H30489,0,0.0025,99.8,Low,0,No failure,0
1077,L48256,0,0.0,100.0,Low,0,No failure,0
1078,L48257,0,0.0,100.0,Low,0,No failure,0
1079,H30492,0,0.0025,99.8,Low,0,No failure,0
1080,L48259,0,0.0,100.0,Low,0,No failure,0
1081,L48260,0,0.0,100.0,Low,0,No failure,0
1082,L48261,0,0.0,100.0,Low,0,No failure,0
1083,H30496,0,0.0025,99.8,Low,0,No failure,0
1084,L48263,0,0.0,100.0,Low,0,No failure,0
1085,M15944,0,0.005,99.5,Low,0,No failure,0
1086,L48265,1,0.535,46.5,Medium,1,Overstrain Failure,0
1087,L48266,0,0.015,98.5,Low,0,No failure,0
1088,H30501,1,0.645,35.5,High,1,Tool Wear Failure,0
1089,M15948,0,0.005,99.5,Low,0,No failure,0
1090,M15949,0,0.0,100.0,Low,0,No failure,0
1091,L48270,0,0.0,100.0,Low,0,No failure,0
1092,L48271,0,0.0,100.0,Low,0,No failure,0
1093,M15952,0,0.0,100.0,Low,0,No failure,0
1094,M15953,0,0.0,100.0,Low,0,No failure,0
1095,L48274,0,0.0,100.0,Low,0,No failure,0
1096,L48275,1,0.8875,11.3,High,1,Power Failure,0
1097,L48276,0,0.0,100.0,Low,0,No failure,0
1098,H30511,0,0.0025,99.8,Low,0,No failure,0
1099,M15958,0,0.0,100.0,Low,0,No failure,0
1100,M15959,0,0.0,100.0,Low,0,No failure,0
1101,H30514,0,0.0,100.0,Low,0,No failure,0
1102,H30515,0,0.0,100.0,Low,0,No failure,0
1103,L48282,0,0.0,100.0,Low,0,No failure,0
1104,M15963,0,0.0,100.0,Low,0,No failure,0
1105,L48284,0,0.0025,99.8,Low,0,No failure,0
1106,M15965,0,0.0,100.0,Low,0,No failure,0
1107,L48286,0,0.0,100.0,Low,0,No failure,0
1108,M15967,0,0.0,100.0,Low,0,No failure,0
1109,L48288,0,0.0,100.0,Low,0,No failure,0
1110,L48289,0,0.0,100.0,Low,0,No failure,0
1111,L48290,0,0.0,100.0,Low,0,No failure,0
1112,H30525,0,0.0,100.0,Low,0,No failure,0
1113,M15972,0,0.0,100.0,Low,0,No failure,0
1114,M15973,0,0.0,100.0,Low,0,No failure,0
1115,H30528,0,0.0,100.0,Low,0,No failure,0
1116,M15975,0,0.0,100.0,Low,0,No failure,0
1117,L48296,0,0.0,100.0,Low,0,No failure,0
1118,L48297,0,0.0,100.0,Low,0,No failure,0
1119,L48298,0,0.0,100.0,Low,0,No failure,0
1120,L48299,0,0.0025,99.8,Low,0,No failure,0
1121,H30534,0,0.0,100.0,Low,0,No failure,0
1122,L48301,0,0.0,100.0,Low,0,No failure,0
1123,L48302,0,0.0,100.0,Low,0,No failure,0
1124,H30537,1,0.685,31.5,High,1,Power Failure,0
1125,M15984,1,0.82,18.0,High,1,Power Failure,0
1126,M15985,0,0.0025,99.8,Low,0,No failure,0
1127,L48306,0,0.0,100.0,Low,0,No failure,0
1128,M15987,0,0.0025,99.8,Low,0,No failure,0
1129,M15988,0,0.0,100.0,Low,0,No failure,0
1130,L48309,0,0.0,100.0,Low,0,No failure,0
1131,L48310,0,0.0,100.0,Low,0,No failure,0
1132,L48311,0,0.0,100.0,Low,0,No failure,0
1133,L48312,0,0.0675,93.2,Low,0,No failure,0
1134,M15993,0,0.0,100.0,Low,0,No failure,0
1135,M15994,0,0.0,100.0,Low,0,No failure,0
1136,L48315,0,0.0,100.0,Low,0,No failure,0
1137,L48316,0,0.0,100.0,Low,0,No failure,0
1138,L48317,0,0.0,100.0,Low,0,No failure,0
1139,L48318,0,0.0,100.0,Low,0,No failure,0
1140,M15999,0,0.0,100.0,Low,0,No failure,0
1141,M16000,0,0.0025,99.8,Low,0,No failure,0
1142,L48321,0,0.0,100.0,Low,0,No failure,0
1143,L48322,0,0.0,100.0,Low,0,No failure,0
1144,L48323,0,0.0,100.0,Low,0,No failure,0
1145,L48324,1,0.9075,9.3,High,1,Power Failure,0
1146,L48325,0,0.0,100.0,Low,0,No failure,0
1147,L48326,0,0.0,100.0,Low,0,No failure,0
1148,M16007,0,0.0025,99.8,Low,0,No failure,0
1149,L48328,0,0.0075,99.2,Low,0,No failure,0
1150,L48329,0,0.0,100.0,Low,0,No failure,0
1151,L48330,0,0.0,100.0,Low,0,No failure,0
1152,L48331,0,0.0,100.0,Low,0,No failure,0
1153,L48332,0,0.0,100.0,Low,0,No failure,0
1154,H30567,0,0.0,100.0,Low,0,No failure,0
1155,L48334,0,0.0,100.0,Low,0,No failure,0
1156,H30569,0,0.0,100.0,Low,0,No failure,0
1157,H30570,0,0.0,100.0,Low,0,No failure,0
1158,L48337,0,0.0,100.0,Low,0,No failure,0
1159,L48338,0,0.0,100.0,Low,0,No failure,0
1160,L48339,0,0.0,100.0,Low,0,No failure,0
1161,H30574,0,0.0,100.0,Low,0,No failure,0
1162,L48341,1,0.8875,11.3,High,1,Overstrain Failure,0
1163,L48342,1,0.735,26.5,High,1,Overstrain Failure,0
1164,L48343,0,0.04,96.0,Low,0,No failure,0
1165,L48344,0,0.0125,98.8,Low,0,No failure,0
1166,L48345,0,0.0275,97.2,Low,0,No failure,0
1167,M16026,0,0.0075,99.2,Low,0,No failure,0
1168,L48347,1,0.745,25.5,High,1,Overstrain Failure,0
1169,L48348,0,0.0175,98.2,Low,0,No failure,0
1170,L48349,0,0.18,82.0,Low,0,No failure,0
1171,M16030,0,0.0175,98.2,Low,0,No failure,0
1172,H30585,0,0.015,98.5,Low,0,No failure,0
1173,L48352,0,0.06,94.0,Low,0,No failure,0
1174,H30587,0,0.085,91.5,Low,0,No failure,0
1175,M16034,0,0.0,100.0,Low,0,No failure,0
1176,M16035,0,0.0,100.0,Low,0,No failure,0
1177,M16036,0,0.0,100.0,Low,0,No failure,0
1178,M16037,0,0.0,100.0,Low,0,No failure,0
1179,L48358,0,0.0825,91.8,Low,0,No failure,0
1180,L48359,0,0.0,100.0,Low,0,No failure,0
1181,H30594,0,0.0,100.0,Low,0,No failure,0
1182,L48361,0,0.0025,99.8,Low,0,No failure,0
1183,L48362,0,0.0,100.0,Low,0,No failure,0
1184,L48363,0,0.0,100.0,Low,0,No failure,0
1185,L48364,0,0.0,100.0,Low,0,No failure,0
1186,L48365,0,0.0,100.0,Low,0,No failure,0
1187,L48366,0,0.0,100.0,Low,0,No failure,0
1188,M16047,0,0.0,100.0,Low,0,No failure,0
1189,L48368,0,0.0,100.0,Low,0,No failure,0
1190,M16049,0,0.0,100.0,Low,0,No failure,0
1191,L48370,0,0.0,100.0,Low,0,No failure,0
1192,M16051,0,0.0,100.0,Low,0,No failure,0
1193,M16052,0,0.0,100.0,Low,0,No failure,0
1194,L48373,0,0.0025,99.8,Low,0,No failure,0
1195,M16054,0,0.0,100.0,Low,0,No failure,0
1196,M16055,0,0.0,100.0,Low,0,No failure,0
1197,M16056,0,0.0,100.0,Low,0,No failure,0
1198,M16057,0,0.0,100.0,Low,0,No failure,0
1199,H30612,0,0.0025,99.8,Low,0,No failure,0
1200,M16059,0,0.0,100.0,Low,0,No failure,0
1201,M16060,0,0.005,99.5,Low,0,No failure,0
1202,L48381,0,0.0,100.0,Low,0,No failure,0
1203,M16062,0,0.0,100.0,Low,0,No failure,0
1204,H30617,0,0.0,100.0,Low,0,No failure,0
1205,L48384,0,0.0,100.0,Low,0,No failure,0
1206,L48385,0,0.0,100.0,Low,0,No failure,0
1207,H30620,0,0.0025,99.8,Low,0,No failure,0
1208,M16067,0,0.0,100.0,Low,0,No failure,0
1209,L48388,0,0.0,100.0,Low,0,No failure,0
1210,H30623,0,0.0975,90.2,Low,0,No failure,0
1211,L48390,0,0.0,100.0,Low,0,No failure,0
1212,H30625,0,0.0025,99.8,Low,0,No failure,0
1213,L48392,0,0.0,100.0,Low,0,No failure,0
1214,M16073,0,0.0,100.0,Low,0,No failure,0
1215,M16074,0,0.0,100.0,Low,0,No failure,0
1216,L48395,0,0.0,100.0,Low,0,No failure,0
1217,L48396,0,0.0,100.0,Low,0,No failure,0
1218,L48397,0,0.0,100.0,Low,0,No failure,0
1219,M16078,0,0.0,100.0,Low,0,No failure,0
1220,M16079,0,0.0,100.0,Low,0,No failure,0
1221,L48400,0,0.0,100.0,Low,0,No failure,0
1222,M16081,0,0.0,100.0,Low,0,Random Failure,1
1223,L48402,0,0.0475,95.2,Low,0,No failure,0
1224,L48403,0,0.0,100.0,Low,0,No failure,0
1225,L48404,0,0.0,100.0,Low,0,No failure,0
1226,H30639,0,0.0,100.0,Low,0,No failure,0
1227,L48406,0,0.0,100.0,Low,0,No failure,0
1228,L48407,0,0.0,100.0,Low,0,No failure,0
1229,M16088,0,0.0,100.0,Low,0,No failure,0
1230,L48409,0,0.005,99.5,Low,0,No failure,0
1231,M16090,0,0.0,100.0,Low,0,No failure,0
1232,M16091,0,0.0,100.0,Low,0,No failure,0
1233,L48412,0,0.0,100.0,Low,0,No failure,0
1234,M16093,0,0.0,100.0,Low,0,No failure,0
1235,H30648,0,0.02,98.0,Low,0,No failure,0
1236,H30649,0,0.0,100.0,Low,0,No failure,0
1237,H30650,0,0.0025,99.8,Low,0,No failure,0
1238,M16097,0,0.0,100.0,Low,0,No failure,0
1239,M16098,0,0.0,100.0,Low,0,No failure,0
1240,H30653,0,0.0,100.0,Low,0,No failure,0
1241,L48420,0,0.0,100.0,Low,0,No failure,0
1242,M16101,0,0.0,100.0,Low,0,No failure,0
1243,L48422,0,0.0,100.0,Low,0,No failure,0
1244,M16103,0,0.01,99.0,Low,0,No failure,0
1245,L48424,0,0.0,100.0,Low,0,No failure,0
1246,M16105,0,0.005,99.5,Low,0,No failure,0
1247,H30660,0,0.02,98.0,Low,0,No failure,0
1248,L48427,0,0.0125,98.8,Low,0,No failure,0
1249,L48428,0,0.005,99.5,Low,0,No failure,0
1250,L48429,0,0.0225,97.8,Low,0,No failure,0
1251,L48430,0,0.035,96.5,Low,0,No failure,0
1252,M16111,0,0.055,94.5,Low,0,No failure,0
1253,L48432,0,0.0875,91.2,Low,0,No failure,0
1254,L48433,0,0.005,99.5,Low,0,No failure,0
1255,H30668,0,0.0,100.0,Low,0,No failure,0
1256,H30669,0,0.0,100.0,Low,0,No failure,0
1257,M16116,0,0.0,100.0,Low,0,No failure,0
1258,L48437,0,0.0,100.0,Low,0,No failure,0
1259,L48438,0,0.0,100.0,Low,0,No failure,0
1260,M16119,0,0.0,100.0,Low,0,No failure,0
1261,L48440,0,0.0,100.0,Low,0,No failure,0
1262,H30675,0,0.0025,99.8,Low,0,No failure,0
1263,H30676,0,0.0,100.0,Low,0,No failure,0
1264,L48443,0,0.02,98.0,Low,0,No failure,0
1265,M16124,0,0.01,99.0,Low,0,No failure,0
1266,L48445,0,0.0,100.0,Low,0,No failure,0
1267,L48446,0,0.0,100.0,Low,0,No failure,0
1268,M16127,0,0.0,100.0,Low,0,No failure,0
1269,L48448,0,0.0,100.0,Low,0,No failure,0
1270,L48449,0,0.0,100.0,Low,0,No failure,0
1271,M16130,0,0.1125,88.8,Low,0,No failure,0
1272,H30685,0,0.0,100.0,Low,0,No failure,0
1273,H30686,0,0.0,100.0,Low,0,No failure,0
1274,L48453,0,0.0025,99.8,Low,0,No failure,0
1275,H30688,0,0.0,100.0,Low,0,No failure,0
1276,M16135,0,0.0,100.0,Low,0,No failure,0
1277,M16136,0,0.0,100.0,Low,0,No failure,0
1278,M16137,0,0.0,100.0,Low,0,No failure,0
1279,L48458,0,0.0,100.0,Low,0,No failure,0
1280,M16139,0,0.0,100.0,Low,0,No failure,0
1281,H30694,0,0.0,100.0,Low,0,No failure,0
1282,H30695,0,0.0,100.0,Low,0,No failure,0
1283,L48462,0,0.0,100.0,Low,0,No failure,0
1284,L48463,0,0.0,100.0,Low,0,No failure,0
1285,L48464,1,0.5875,41.2,Medium,1,Power Failure,0
1286,M16145,0,0.0,100.0,Low,0,No failure,0
1287,L48466,0,0.0,100.0,Low,0,No failure,0
1288,L48467,0,0.0,100.0,Low,0,No failure,0
1289,M16148,0,0.0,100.0,Low,0,No failure,0
1290,M16149,0,0.0,100.0,Low,0,No failure,0
1291,L48470,0,0.0,100.0,Low,0,No failure,0
1292,M16151,0,0.0,100.0,Low,0,No failure,0
1293,M16152,0,0.005,99.5,Low,0,No failure,0
1294,H30707,0,0.0,100.0,Low,0,No failure,0
1295,L48474,0,0.0,100.0,Low,0,No failure,0
1296,L48475,0,0.0,100.0,Low,0,No failure,0
1297,L48476,0,0.0,100.0,Low,0,No failure,0
1298,L48477,0,0.0,100.0,Low,0,No failure,0
1299,M16158,0,0.0025,99.8,Low,0,No failure,0
1300,M16159,0,0.0,100.0,Low,0,No failure,0
1301,L48480,0,0.005,99.5,Low,0,No failure,0
1302,L48481,0,0.0,100.0,Low,0,No failure,0
1303,L48482,0,0.0,100.0,Low,0,Random Failure,1
1304,L48483,0,0.0,100.0,Low,0,No failure,0
1305,L48484,0,0.005,99.5,Low,0,No failure,0
1306,L48485,0,0.0,100.0,Low,0,No failure,0
1307,L48486,0,0.0,100.0,Low,0,No failure,0
1308,L48487,0,0.0,100.0,Low,0,No failure,0
1309,L48488,0,0.0,100.0,Low,0,No failure,0
1310,L48489,0,0.0,100.0,Low,0,No failure,0
1311,L48490,0,0.0025,99.8,Low,0,No failure,0
1312,L48491,0,0.0,100.0,Low,0,No failure,0
1313,L48492,0,0.0,100.0,Low,0,No failure,0
1314,L48493,0,0.0025,99.8,Low,0,No failure,0
1315,M16174,0,0.0,100.0,Low,0,No failure,0
1316,L48495,0,0.0,100.0,Low,0,No failure,0
1317,L48496,0,0.0,100.0,Low,0,No failure,0
1318,L48497,0,0.0,100.0,Low,0,No failure,0
1319,M16178,0,0.0,100.0,Low,0,No failure,0
1320,L48499,0,0.0,100.0,Low,0,No failure,0
1321,M16180,0,0.0,100.0,Low,0,No failure,0
1322,L48501,0,0.015,98.5,Low,0,No failure,0
1323,H30736,0,0.0,100.0,Low,0,No failure,0
1324,L48503,0,0.0325,96.8,Low,0,No failure,0
1325,M16184,1,0.8225,17.8,High,1,Multiple causes,0
1326,H30739,0,0.0,100.0,Low,0,No failure,0
1327,L48506,0,0.0025,99.8,Low,0,No failure,0
1328,L48507,0,0.02,98.0,Low,0,No failure,0
1329,M16188,0,0.025,97.5,Low,0,No failure,0
1330,H30743,0,0.025,97.5,Low,0,No failure,0
1331,L48510,0,0.0175,98.2,Low,0,No failure,0
1332,H30745,0,0.0275,97.2,Low,0,No failure,0
1333,L48512,0,0.06,94.0,Low,0,No failure,0
1334,M16193,0,0.05,95.0,Low,0,No failure,0
1335,L48514,1,0.8025,19.8,High,1,Overstrain Failure,0
1336,L48515,1,0.9575,4.2,High,1,Overstrain Failure,0
1337,L48516,0,0.07,93.0,Low,0,No failure,0
1338,H30751,0,0.0,100.0,Low,0,No failure,0
1339,L48518,0,0.0,100.0,Low,0,No failure,0
1340,M16199,0,0.0,100.0,Low,0,No failure,0
1341,L48520,0,0.0,100.0,Low,0,No failure,0
1342,M16201,0,0.0,100.0,Low,0,No failure,0
1343,M16202,0,0.0,100.0,Low,0,No failure,0
1344,L48523,0,0.0,100.0,Low,0,No failure,0
1345,L48524,0,0.0,100.0,Low,0,No failure,0
1346,L48525,0,0.0,100.0,Low,0,No failure,0
1347,L48526,0,0.0,100.0,Low,0,No failure,0
1348,L48527,0,0.0,100.0,Low,0,No failure,0
1349,L48528,0,0.0025,99.8,Low,0,No failure,0
1350,L48529,0,0.0025,99.8,Low,0,No failure,0
1351,L48530,0,0.0,100.0,Low,0,No failure,0
1352,L48531,0,0.0,100.0,Low,0,No failure,0
1353,M16212,0,0.0,100.0,Low,0,No failure,0
1354,M16213,0,0.0,100.0,Low,0,No failure,0
1355,L48534,0,0.0,100.0,Low,0,No failure,0
1356,M16215,0,0.0,100.0,Low,0,No failure,0
1357,L48536,0,0.0,100.0,Low,0,No failure,0
1358,L48537,0,0.0,100.0,Low,0,No failure,0
1359,M16218,0,0.0,100.0,Low,0,No failure,0
1360,L48539,0,0.0025,99.8,Low,0,No failure,0
1361,H30774,0,0.0,100.0,Low,0,No failure,0
1362,M16221,0,0.0,100.0,Low,0,No failure,0
1363,L48542,0,0.0,100.0,Low,0,No failure,0
1364,L48543,0,0.0025,99.8,Low,0,No failure,0
1365,L48544,0,0.0,100.0,Low,0,No failure,0
1366,L48545,0,0.0,100.0,Low,0,No failure,0
1367,M16226,0,0.01,99.0,Low,0,No failure,0
1368,M16227,0,0.0,100.0,Low,0,No failure,0
1369,H30782,0,0.0,100.0,Low,0,No failure,0
1370,M16229,0,0.0,100.0,Low,0,No failure,0
1371,L48550,0,0.0,100.0,Low,0,No failure,0
1372,M16231,0,0.0,100.0,Low,0,No failure,0
1373,M16232,0,0.0,100.0,Low,0,No failure,0
1374,M16233,0,0.005,99.5,Low,0,No failure,0
1375,L48554,0,0.0,100.0,Low,0,No failure,0
1376,M16235,0,0.0,100.0,Low,0,No failure,0
1377,M16236,0,0.0,100.0,Low,0,No failure,0
1378,L48557,0,0.0,100.0,Low,0,No failure,0
1379,H30792,0,0.0,100.0,Low,0,No failure,0
1380,L48559,0,0.0,100.0,Low,0,No failure,0
1381,L48560,0,0.0,100.0,Low,0,No failure,0
1382,M16241,0,0.0,100.0,Low,0,No failure,0
1383,L48562,0,0.0,100.0,Low,0,No failure,0
1384,M16243,0,0.0,100.0,Low,0,No failure,0
1385,L48564,0,0.0,100.0,Low,0,No failure,0
1386,M16245,0,0.0,100.0,Low,0,No failure,0
1387,L48566,0,0.0,100.0,Low,0,No failure,0
1388,L48567,0,0.0,100.0,Low,0,No failure,0
1389,H30802,0,0.0,100.0,Low,0,No failure,0
1390,L48569,0,0.0,100.0,Low,0,No failure,0
1391,L48570,0,0.0,100.0,Low,0,No failure,0
1392,L48571,1,0.91,9.0,High,1,Power Failure,0
1393,M16252,0,0.0,100.0,Low,0,No failure,0
1394,L48573,0,0.0,100.0,Low,0,No failure,0
1395,L48574,0,0.0,100.0,Low,0,No failure,0
1396,L48575,0,0.0,100.0,Low,0,No failure,0
1397,L48576,0,0.0,100.0,Low,0,No failure,0
1398,L48577,0,0.0,100.0,Low,0,No failure,0
1399,L48578,0,0.0,100.0,Low,0,No failure,0
1400,L48579,0,0.0,100.0,Low,0,No failure,0
1401,H30814,0,0.055,94.5,Low,0,No failure,0
1402,H30815,0,0.0,100.0,Low,0,No failure,0
1403,M16262,0,0.0025,99.8,Low,0,No failure,0
1404,L48583,0,0.0025,99.8,Low,0,No failure,0
1405,M16264,0,0.0025,99.8,Low,0,No failure,0
1406,L48585,0,0.0,100.0,Low,0,No failure,0
1407,L48586,0,0.0025,99.8,Low,0,No failure,0
1408,L48587,0,0.0,100.0,Low,0,No failure,0
1409,L48588,0,0.0025,99.8,Low,0,No failure,0
1410,L48589,0,0.0,100.0,Low,0,No failure,0
1411,M16270,0,0.0025,99.8,Low,0,No failure,0
1412,L48591,0,0.0025,99.8,Low,0,No failure,0
1413,M16272,0,0.005,99.5,Low,0,No failure,0
1414,M16273,0,0.0,100.0,Low,0,No failure,0
1415,M16274,0,0.0075,99.2,Low,0,No failure,0
1416,L48595,0,0.0025,99.8,Low,0,No failure,0
1417,M16276,0,0.075,92.5,Low,0,No failure,0
1418,L48597,0,0.01,99.0,Low,0,No failure,0
1419,L48598,0,0.15,85.0,Low,0,No failure,0
1420,L48599,1,0.88,12.0,High,1,Overstrain Failure,0
1421,M16280,0,0.0025,99.8,Low,0,No failure,0
1422,L48601,0,0.0925,90.8,Low,0,No failure,0
1423,L48602,0,0.0,100.0,Low,0,No failure,0
1424,L48603,0,0.0,100.0,Low,0,No failure,0
1425,L48604,0,0.0,100.0,Low,0,No failure,0
1426,L48605,0,0.0025,99.8,Low,0,No failure,0
1427,M16286,0,0.0,100.0,Low,0,No failure,0
1428,L48607,0,0.0,100.0,Low,0,No failure,0
1429,L48608,0,0.0,100.0,Low,0,No failure,0
1430,M16289,0,0.0,100.0,Low,0,No failure,0
1431,L48610,0,0.0025,99.8,Low,0,No failure,0
1432,M16291,0,0.0025,99.8,Low,0,No failure,0
1433,L48612,0,0.0,100.0,Low,0,No failure,0
1434,L48613,0,0.0,100.0,Low,0,No failure,0
1435,M16294,0,0.0025,99.8,Low,0,No failure,0
1436,H30849,0,0.0,100.0,Low,0,No failure,0
1437,H30850,0,0.0,100.0,Low,0,No failure,0
1438,H30851,1,0.0,100.0,Low,0,Failure (Cause not logged),1
1439,L48618,0,0.0,100.0,Low,0,No failure,0
1440,M16299,0,0.0,100.0,Low,0,No failure,0
1441,M16300,0,0.0,100.0,Low,0,No failure,0
1442,L48621,0,0.0,100.0,Low,0,No failure,0
1443,M16302,0,0.0,100.0,Low,0,No failure,0
1444,L48623,0,0.0,100.0,Low,0,No failure,0
1445,L48624,0,0.0,100.0,Low,0,No failure,0
1446,L48625,0,0.0,100.0,Low,0,No failure,0
1447,M16306,0,0.0,100.0,Low,0,No failure,0
1448,M16307,0,0.0,100.0,Low,0,No failure,0
1449,M16308,0,0.0,100.0,Low,0,No failure,0
1450,H30863,0,0.0,100.0,Low,0,No failure,0
1451,M16310,0,0.0,100.0,Low,0,No failure,0
1452,L48631,0,0.0,100.0,Low,0,No failure,0
1453,L48632,0,0.0,100.0,Low,0,No failure,0
1454,L48633,0,0.0,100.0,Low,0,No failure,0
1455,L48634,0,0.0,100.0,Low,0,No failure,0
1456,L48635,0,0.0,100.0,Low,0,No failure,0
1457,L48636,0,0.0,100.0,Low,0,No failure,0
1458,L48637,0,0.0,100.0,Low,0,No failure,0
1459,L48638,0,0.0025,99.8,Low,0,No failure,0
1460,L48639,0,0.0,100.0,Low,0,No failure,0
1461,L48640,0,0.0,100.0,Low,0,No failure,0
1462,L48641,0,0.0,100.0,Low,0,No failure,0
1463,L48642,0,0.0,100.0,Low,0,No failure,0
1464,L48643,0,0.0,100.0,Low,0,No failure,0
1465,L48644,0,0.0,100.0,Low,0,No failure,0
1466,L48645,0,0.0,100.0,Low,0,No failure,0
1467,L48646,0,0.0,100.0,Low,0,No failure,0
1468,L48647,0,0.0,100.0,Low,0,No failure,0
1469,M16328,0,0.0,100.0,Low,0,No failure,0
1470,L48649,0,0.0,100.0,Low,0,No failure,0
1471,L48650,0,0.0,100.0,Low,0,No failure,0
1472,L48651,0,0.0,100.0,Low,0,No failure,0
1473,M16332,0,0.0,100.0,Low,0,No failure,0
1474,M16333,0,0.0,100.0,Low,0,No failure,0
1475,M16334,0,0.0225,97.8,Low,0,No failure,0
1476,M16335,0,0.0,100.0,Low,0,No failure,0
1477,L48656,0,0.0,100.0,Low,0,No failure,0
1478,L48657,0,0.0,100.0,Low,0,No failure,0
1479,L48658,0,0.0,100.0,Low,0,No failure,0
1480,L48659,0,0.0,100.0,Low,0,No failure,0
1481,M16340,0,0.0,100.0,Low,0,No failure,0
1482,M16341,0,0.015,98.5,Low,0,No failure,0
1483,M16342,0,0.0,100.0,Low,0,No failure,0
1484,L48663,0,0.0,100.0,Low,0,No failure,0
1485,M16344,0,0.0,100.0,Low,0,No failure,0
1486,M16345,0,0.0,100.0,Low,0,No failure,0
1487,M16346,0,0.0,100.0,Low,0,No failure,0
1488,L48667,0,0.0,100.0,Low,0,No failure,0
1489,L48668,0,0.0,100.0,Low,0,No failure,0
1490,M16349,0,0.0,100.0,Low,0,No failure,0
1491,L48670,0,0.0,100.0,Low,0,No failure,0
1492,M16351,0,0.0,100.0,Low,0,No failure,0
1493,M16352,1,0.6725,32.8,High,1,Power Failure,0
1494,L48673,0,0.0,100.0,Low,0,No failure,0
1495,M16354,0,0.0,100.0,Low,0,No failure,0
1496,H30909,0,0.0,100.0,Low,0,No failure,0
1497,L48676,1,0.8375,16.2,High,1,Multiple causes,0
1498,L48677,0,0.0,100.0,Low,0,No failure,0
1499,L48678,0,0.0,100.0,Low,0,No failure,0
1500,M16359,0,0.0025,99.8,Low,0,No failure,0
1501,M16360,0,0.0,100.0,Low,0,No failure,0
1502,M16361,0,0.0025,99.8,Low,0,No failure,0
1503,L48682,0,0.0025,99.8,Low,0,No failure,0
1504,L48683,0,0.005,99.5,Low,0,No failure,0
1505,L48684,0,0.035,96.5,Low,0,No failure,0
1506,L48685,0,0.0075,99.2,Low,0,No failure,0
1507,L48686,0,0.0125,98.8,Low,0,No failure,0
1508,M16367,0,0.0675,93.2,Low,0,No failure,0
1509,M16368,0,0.0325,96.8,Low,0,No failure,0
1510,L48689,1,0.6425,35.8,High,1,Tool Wear Failure,0
1511,M16370,0,0.0,100.0,Low,0,No failure,0
1512,L48691,0,0.0,100.0,Low,0,No failure,0
1513,H30926,0,0.0,100.0,Low,0,No failure,0
1514,L48693,0,0.0,100.0,Low,0,No failure,0
1515,M16374,0,0.0,100.0,Low,0,No failure,0
1516,M16375,0,0.0,100.0,Low,0,No failure,0
1517,L48696,0,0.0025,99.8,Low,0,No failure,0
1518,M16377,0,0.0,100.0,Low,0,No failure,0
1519,H30932,0,0.0,100.0,Low,0,No failure,0
1520,M16379,0,0.0,100.0,Low,0,No failure,0
1521,L48700,0,0.0,100.0,Low,0,No failure,0
1522,M16381,0,0.0,100.0,Low,0,No failure,0
1523,H30936,0,0.0,100.0,Low,0,No failure,0
1524,L48703,0,0.0,100.0,Low,0,No failure,0
1525,L48704,0,0.0,100.0,Low,0,No failure,0
1526,L48705,0,0.015,98.5,Low,0,No failure,0
1527,L48706,0,0.0,100.0,Low,0,No failure,0
1528,H30941,0,0.0,100.0,Low,0,No failure,0
1529,L48708,0,0.0,100.0,Low,0,No failure,0
1530,L48709,0,0.0,100.0,Low,0,No failure,0
1531,L48710,0,0.0025,99.8,Low,0,No failure,0
1532,H30945,0,0.0,100.0,Low,0,No failure,0
1533,M16392,0,0.0,100.0,Low,0,No failure,0
1534,M16393,0,0.0,100.0,Low,0,No failure,0
1535,L48714,0,0.0,100.0,Low,0,No failure,0
1536,L48715,0,0.0,100.0,Low,0,No failure,0
1537,M16396,0,0.0,100.0,Low,0,No failure,0
1538,M16397,0,0.0,100.0,Low,0,No failure,0
1539,L48718,0,0.0,100.0,Low,0,No failure,0
1540,M16399,0,0.0,100.0,Low,0,No failure,0
1541,M16400,0,0.0,100.0,Low,0,No failure,0
1542,L48721,0,0.08,92.0,Low,0,No failure,0
1543,L48722,0,0.0,100.0,Low,0,No failure,0
1544,L48723,0,0.0,100.0,Low,0,No failure,0
1545,L48724,0,0.0,100.0,Low,0,No failure,0
1546,M16405,0,0.0,100.0,Low,0,No failure,0
1547,L48726,0,0.0,100.0,Low,0,No failure,0
1548,L48727,0,0.0,100.0,Low,0,No failure,0
1549,M16408,0,0.0,100.0,Low,0,No failure,0
1550,L48729,0,0.0,100.0,Low,0,No failure,0
1551,L48730,0,0.0,100.0,Low,0,No failure,0
1552,L48731,0,0.0,100.0,Low,0,No failure,0
1553,L48732,0,0.0,100.0,Low,0,No failure,0
1554,L48733,0,0.005,99.5,Low,0,No failure,0
1555,M16414,0,0.0,100.0,Low,0,No failure,0
1556,L48735,0,0.0,100.0,Low,0,No failure,0
1557,H30970,0,0.0,100.0,Low,0,No failure,0
1558,L48737,0,0.0025,99.8,Low,0,No failure,0
1559,M16418,0,0.0,100.0,Low,0,No failure,0
1560,L48739,0,0.0,100.0,Low,0,No failure,0
1561,M16420,0,0.0,100.0,Low,0,No failure,0
1562,L48741,0,0.0,100.0,Low,0,No failure,0
1563,L48742,0,0.0,100.0,Low,0,No failure,0
1564,L48743,0,0.0,100.0,Low,0,No failure,0
1565,M16424,0,0.0,100.0,Low,0,No failure,0
1566,L48745,0,0.0,100.0,Low,0,No failure,0
1567,M16426,0,0.0,100.0,Low,0,No failure,0
1568,L48747,0,0.0,100.0,Low,0,No failure,0
1569,L48748,0,0.0,100.0,Low,0,No failure,0
1570,M16429,0,0.0025,99.8,Low,0,No failure,0
1571,L48750,0,0.0,100.0,Low,0,No failure,0
1572,L48751,0,0.0,100.0,Low,0,No failure,0
1573,L48752,0,0.0125,98.8,Low,0,No failure,0
1574,L48753,0,0.0,100.0,Low,0,No failure,0
1575,L48754,0,0.0,100.0,Low,0,No failure,0
1576,L48755,0,0.0,100.0,Low,0,No failure,0
1577,L48756,0,0.0,100.0,Low,0,No failure,0
1578,L48757,0,0.0,100.0,Low,0,No failure,0
1579,L48758,0,0.0,100.0,Low,0,No failure,0
1580,L48759,0,0.0,100.0,Low,0,No failure,0
1581,M16440,0,0.0,100.0,Low,0,No failure,0
1582,M16441,0,0.0,100.0,Low,0,No failure,0
1583,H30996,0,0.0,100.0,Low,0,No failure,0
1584,L48763,1,0.8675,13.2,High,1,Overstrain Failure,0
1585,M16444,0,0.0,100.0,Low,0,No failure,0
1586,L48765,0,0.0025,99.8,Low,0,No failure,0
1587,M16446,0,0.0,100.0,Low,0,No failure,0
1588,M16447,0,0.0,100.0,Low,0,No failure,0
1589,L48768,0,0.0,100.0,Low,0,No failure,0
1590,M16449,0,0.0025,99.8,Low,0,No failure,0
1591,L48770,0,0.0975,90.2,Low,0,No failure,0
1592,L48771,0,0.11,89.0,Low,0,No failure,0
1593,L48772,0,0.02,98.0,Low,0,No failure,0
1594,L48773,0,0.025,97.5,Low,0,No failure,0
1595,M16454,0,0.0275,97.2,Low,0,No failure,0
1596,L48775,1,0.8575,14.2,High,1,Overstrain Failure,0
1597,L48776,0,0.0,100.0,Low,0,No failure,0
1598,L48777,0,0.0,100.0,Low,0,No failure,0
1599,L48778,0,0.0,100.0,Low,0,No failure,0
1600,L48779,0,0.0,100.0,Low,0,No failure,0
1601,M16460,0,0.0,100.0,Low,0,No failure,0
1602,L48781,0,0.0,100.0,Low,0,No failure,0
1603,H31016,0,0.0,100.0,Low,0,No failure,0
1604,M16463,0,0.0,100.0,Low,0,No failure,0
1605,L48784,0,0.0,100.0,Low,0,No failure,0
1606,L48785,0,0.0,100.0,Low,0,No failure,0
1607,L48786,0,0.0,100.0,Low,0,No failure,0
1608,L48787,0,0.0,100.0,Low,0,No failure,0
1609,L48788,0,0.0,100.0,Low,0,No failure,0
1610,L48789,0,0.0,100.0,Low,0,No failure,0
1611,L48790,0,0.0,100.0,Low,0,No failure,0
1612,M16471,0,0.0,100.0,Low,0,No failure,0
1613,M16472,0,0.0,100.0,Low,0,No failure,0
1614,L48793,0,0.0725,92.8,Low,0,No failure,0
1615,M16474,0,0.0,100.0,Low,0,No failure,0
1616,L48795,0,0.0,100.0,Low,0,No failure,0
1617,H31030,0,0.0,100.0,Low,0,No failure,0
1618,L48797,0,0.0,100.0,Low,0,No failure,0
1619,L48798,0,0.01,99.0,Low,0,No failure,0
1620,L48799,0,0.0,100.0,Low,0,No failure,0
1621,L48800,0,0.0,100.0,Low,0,No failure,0
1622,L48801,0,0.0,100.0,Low,0,No failure,0
1623,H31036,0,0.0,100.0,Low,0,No failure,0
1624,L48803,0,0.0,100.0,Low,0,No failure,0
1625,M16484,0,0.0,100.0,Low,0,No failure,0
1626,L48805,0,0.0,100.0,Low,0,No failure,0
1627,M16486,0,0.005,99.5,Low,0,No failure,0
1628,L48807,0,0.0,100.0,Low,0,No failure,0
1629,L48808,0,0.0,100.0,Low,0,No failure,0
1630,M16489,0,0.0,100.0,Low,0,No failure,0
1631,L48810,0,0.0,100.0,Low,0,No failure,0
1632,L48811,0,0.0,100.0,Low,0,No failure,0
1633,L48812,0,0.0,100.0,Low,0,No failure,0
1634,L48813,0,0.0,100.0,Low,0,No failure,0
1635,H31048,0,0.0825,91.8,Low,0,No failure,0
1636,L48815,0,0.0,100.0,Low,0,No failure,0
1637,L48816,0,0.0,100.0,Low,0,No failure,0
1638,L48817,0,0.0,100.0,Low,0,No failure,0
1639,L48818,0,0.0,100.0,Low,0,No failure,0
1640,M16499,0,0.0,100.0,Low,0,No failure,0
1641,L48820,0,0.0,100.0,Low,0,No failure,0
1642,M16501,0,0.0,100.0,Low,0,No failure,0
1643,H31056,0,0.0,100.0,Low,0,No failure,0
1644,L48823,0,0.0,100.0,Low,0,No failure,0
1645,L48824,0,0.0,100.0,Low,0,No failure,0
1646,L48825,0,0.0,100.0,Low,0,No failure,0
1647,M16506,0,0.0,100.0,Low,0,No failure,0
1648,L48827,0,0.0,100.0,Low,0,No failure,0
1649,L48828,0,0.0,100.0,Low,0,No failure,0
1650,H31063,0,0.0,100.0,Low,0,No failure,0
1651,M16510,0,0.0,100.0,Low,0,No failure,0
1652,L48831,0,0.0,100.0,Low,0,No failure,0
1653,H31066,0,0.0,100.0,Low,0,No failure,0
1654,L48833,0,0.005,99.5,Low,0,No failure,0
1655,L48834,0,0.3425,65.8,Medium,0,No failure,0
1656,M16515,0,0.0,100.0,Low,0,No failure,0
1657,L48836,0,0.0,100.0,Low,0,No failure,0
1658,M16517,0,0.0,100.0,Low,0,No failure,0
1659,H31072,0,0.0,100.0,Low,0,No failure,0
1660,L48839,0,0.0,100.0,Low,0,No failure,0
1661,L48840,0,0.0,100.0,Low,0,No failure,0
1662,M16521,0,0.0,100.0,Low,0,No failure,0
1663,H31076,0,0.0,100.0,Low,0,No failure,0
1664,M16523,0,0.0025,99.8,Low,0,No failure,0
1665,L48844,0,0.0,100.0,Low,0,No failure,0
1666,H31079,0,0.0,100.0,Low,0,No failure,0
1667,L48846,0,0.0,100.0,Low,0,No failure,0
1668,L48847,0,0.0,100.0,Low,0,No failure,0
1669,L48848,0,0.0,100.0,Low,0,No failure,0
1670,L48849,0,0.0,100.0,Low,0,No failure,0
1671,L48850,0,0.0,100.0,Low,0,No failure,0
1672,L48851,0,0.0,100.0,Low,0,No failure,0
1673,L48852,0,0.0,100.0,Low,0,No failure,0
1674,M16533,0,0.0025,99.8,Low,0,No failure,0
1675,L48854,0,0.0225,97.8,Low,0,No failure,0
1676,L48855,0,0.02,98.0,Low,0,No failure,0
1677,H31090,0,0.055,94.5,Low,0,No failure,0
1678,M16537,0,0.0325,96.8,Low,0,No failure,0
1679,L48858,0,0.0575,94.2,Low,0,No failure,0
1680,L48859,0,0.07,93.0,Low,0,No failure,0
1681,M16540,0,0.19,81.0,Low,0,No failure,0
1682,M16541,0,0.06,94.0,Low,0,No failure,0
1683,H31096,1,0.665,33.5,High,1,Tool Wear Failure,0
1684,M16543,0,0.005,99.5,Low,0,No failure,0
1685,L48864,0,0.0,100.0,Low,0,No failure,0
1686,L48865,0,0.0,100.0,Low,0,No failure,0
1687,H31100,0,0.0,100.0,Low,0,No failure,0
1688,L48867,0,0.0,100.0,Low,0,No failure,0
1689,L48868,0,0.0025,99.8,Low,0,No failure,0
1690,L48869,0,0.0,100.0,Low,0,No failure,0
1691,M16550,0,0.0,100.0,Low,0,No failure,0
1692,L48871,0,0.0,100.0,Low,0,No failure,0
1693,M16552,0,0.0,100.0,Low,0,No failure,0
1694,H31107,0,0.0,100.0,Low,0,No failure,0
1695,L48874,0,0.0,100.0,Low,0,No failure,0
1696,L48875,0,0.0,100.0,Low,0,No failure,0
1697,L48876,0,0.0,100.0,Low,0,No failure,0
1698,M16557,0,0.0,100.0,Low,0,No failure,0
1699,L48878,0,0.0,100.0,Low,0,No failure,0
1700,L48879,0,0.0,100.0,Low,0,No failure,0
1701,M16560,0,0.0,100.0,Low,0,No failure,0
1702,L48881,0,0.0025,99.8,Low,0,No failure,0
1703,L48882,0,0.0,100.0,Low,0,No failure,0
1704,M16563,0,0.0,100.0,Low,0,No failure,0
1705,M16564,0,0.0,100.0,Low,0,No failure,0
1706,M16565,0,0.0,100.0,Low,0,No failure,0
1707,L48886,0,0.0,100.0,Low,0,No failure,0
1708,L48887,0,0.0,100.0,Low,0,No failure,0
1709,L48888,0,0.0,100.0,Low,0,No failure,0
1710,L48889,0,0.0,100.0,Low,0,No failure,0
1711,L48890,0,0.0,100.0,Low,0,No failure,0
1712,L48891,0,0.0,100.0,Low,0,No failure,0
1713,L48892,0,0.0,100.0,Low,0,No failure,0
1714,L48893,0,0.0,100.0,Low,0,No failure,0
1715,L48894,0,0.0,100.0,Low,0,No failure,0
1716,L48895,0,0.0,100.0,Low,0,No failure,0
1717,L48896,0,0.0,100.0,Low,0,No failure,0
1718,L48897,0,0.0,100.0,Low,0,No failure,0
1719,M16578,0,0.0,100.0,Low,0,No failure,0
1720,L48899,0,0.0,100.0,Low,0,No failure,0
1721,L48900,0,0.0,100.0,Low,0,No failure,0
1722,L48901,0,0.0,100.0,Low,0,No failure,0
1723,M16582,0,0.0,100.0,Low,0,No failure,0
1724,L48903,0,0.0,100.0,Low,0,No failure,0
1725,M16584,0,0.0,100.0,Low,0,No failure,0
1726,M16585,0,0.0,100.0,Low,0,No failure,0
1727,L48906,0,0.0,100.0,Low,0,No failure,0
1728,M16587,0,0.0,100.0,Low,0,No failure,0
1729,L48908,0,0.0,100.0,Low,0,No failure,0
1730,M16589,0,0.0,100.0,Low,0,No failure,0
1731,M16590,0,0.0,100.0,Low,0,No failure,0
1732,M16591,0,0.0,100.0,Low,0,No failure,0
1733,H31146,0,0.0,100.0,Low,0,No failure,0
1734,L48913,0,0.0,100.0,Low,0,No failure,0
1735,M16594,0,0.0,100.0,Low,0,No failure,0
1736,L48915,0,0.0,100.0,Low,0,No failure,0
1737,L48916,0,0.0,100.0,Low,0,No failure,0
1738,L48917,0,0.0,100.0,Low,0,No failure,0
1739,H31152,0,0.0,100.0,Low,0,No failure,0
1740,H31153,0,0.0025,99.8,Low,0,No failure,0
1741,M16600,0,0.0,100.0,Low,0,No failure,0
1742,M16601,0,0.0,100.0,Low,0,No failure,0
1743,L48922,0,0.0,100.0,Low,0,No failure,0
1744,M16603,0,0.0,100.0,Low,0,No failure,0
1745,M16604,0,0.0,100.0,Low,0,No failure,0
1746,L48925,0,0.0,100.0,Low,0,No failure,0
1747,L48926,0,0.0,100.0,Low,0,No failure,0
1748,L48927,0,0.05,95.0,Low,0,No failure,0
1749,H31162,0,0.0,100.0,Low,0,Random Failure,1
1750,L48929,0,0.0,100.0,Low,0,No failure,0
1751,M16610,0,0.0,100.0,Low,0,No failure,0
1752,L48931,0,0.0,100.0,Low,0,No failure,0
1753,L48932,0,0.0,100.0,Low,0,No failure,0
1754,L48933,0,0.0,100.0,Low,0,No failure,0
1755,M16614,0,0.0,100.0,Low,0,No failure,0
1756,L48935,0,0.0,100.0,Low,0,No failure,0
1757,M16616,0,0.195,80.5,Low,0,No failure,0
1758,M16617,0,0.0075,99.2,Low,0,No failure,0
1759,L48938,0,0.0025,99.8,Low,0,No failure,0
1760,H31173,0,0.0025,99.8,Low,0,No failure,0
1761,L48940,0,0.005,99.5,Low,0,No failure,0
1762,L48941,0,0.1325,86.8,Low,0,No failure,0
1763,H31176,0,0.0275,97.2,Low,0,No failure,0
1764,L48943,1,0.65,35.0,High,1,Tool Wear Failure,0
1765,H31178,0,0.0025,99.8,Low,0,No failure,0
1766,L48945,0,0.0,100.0,Low,0,No failure,0
1767,M16626,0,0.0,100.0,Low,0,No failure,0
1768,M16627,0,0.0,100.0,Low,0,No failure,0
1769,M16628,0,0.0,100.0,Low,0,No failure,0
1770,L48949,0,0.0,100.0,Low,0,No failure,0
1771,H31184,0,0.0,100.0,Low,0,No failure,0
1772,L48951,0,0.0,100.0,Low,0,No failure,0
1773,L48952,0,0.0,100.0,Low,0,No failure,0
1774,L48953,0,0.0275,97.2,Low,0,No failure,0
1775,M16634,0,0.0,100.0,Low,0,No failure,0
1776,L48955,0,0.0,100.0,Low,0,No failure,0
1777,L48956,0,0.0,100.0,Low,0,No failure,0
1778,H31191,0,0.0,100.0,Low,0,No failure,0
1779,L48958,0,0.0,100.0,Low,0,No failure,0
1780,M16639,0,0.0,100.0,Low,0,No failure,0
1781,L48960,0,0.0,100.0,Low,0,No failure,0
1782,L48961,0,0.0,100.0,Low,0,No failure,0
1783,L48962,0,0.0,100.0,Low,0,No failure,0
1784,H31197,0,0.0,100.0,Low,0,No failure,0
1785,L48964,1,0.9025,9.8,High,1,Power Failure,0
1786,L48965,0,0.0,100.0,Low,0,No failure,0
1787,L48966,0,0.0,100.0,Low,0,No failure,0
1788,L48967,0,0.0,100.0,Low,0,No failure,0
1789,L48968,0,0.0,100.0,Low,0,No failure,0
1790,L48969,1,0.85,15.0,High,1,Power Failure,0
1791,L48970,0,0.0,100.0,Low,0,No failure,0
1792,L48971,0,0.0,100.0,Low,0,No failure,0
1793,M16652,0,0.0,100.0,Low,0,No failure,0
1794,L48973,0,0.0,100.0,Low,0,No failure,0
1795,M16654,0,0.0,100.0,Low,0,No failure,0
1796,M16655,0,0.0,100.0,Low,0,No failure,0
1797,H31210,0,0.0,100.0,Low,0,No failure,0
1798,M16657,0,0.0,100.0,Low,0,No failure,0
1799,M16658,0,0.0,100.0,Low,0,No failure,0
1800,M16659,0,0.0,100.0,Low,0,No failure,0
1801,M16660,0,0.0025,99.8,Low,0,No failure,0
1802,M16661,0,0.0,100.0,Low,0,No failure,0
1803,H31216,0,0.0,100.0,Low,0,No failure,0
1804,L48983,0,0.0,100.0,Low,0,No failure,0
1805,L48984,0,0.0,100.0,Low,0,No failure,0
1806,H31219,0,0.0,100.0,Low,0,No failure,0
1807,H31220,0,0.0,100.0,Low,0,No failure,0
1808,L48987,0,0.0,100.0,Low,0,No failure,0
1809,L48988,1,0.775,22.5,High,1,Power Failure,0
1810,L48989,0,0.0025,99.8,Low,0,No failure,0
1811,L48990,0,0.0,100.0,Low,0,No failure,0
1812,M16671,0,0.0,100.0,Low,0,No failure,0
1813,L48992,0,0.0,100.0,Low,0,No failure,0
1814,L48993,0,0.0,100.0,Low,0,No failure,0
1815,L48994,0,0.0,100.0,Low,0,No failure,0
1816,M16675,0,0.0025,99.8,Low,0,No failure,0
1817,L48996,0,0.0,100.0,Low,0,No failure,0
1818,L48997,0,0.0,100.0,Low,0,No failure,0
1819,M16678,0,0.0,100.0,Low,0,No failure,0
1820,M16679,0,0.0,100.0,Low,0,No failure,0
1821,L49000,0,0.0,100.0,Low,0,No failure,0
1822,L49001,0,0.0,100.0,Low,0,No failure,0
1823,L49002,0,0.0,100.0,Low,0,No failure,0
1824,L49003,0,0.0,100.0,Low,0,No failure,0
1825,L49004,0,0.015,98.5,Low,0,No failure,0
1826,M16685,0,0.0,100.0,Low,0,No failure,0
1827,H31240,0,0.0,100.0,Low,0,No failure,0
1828,M16687,0,0.0,100.0,Low,0,No failure,0
1829,L49008,0,0.0025,99.8,Low,0,No failure,0
1830,L49009,0,0.005,99.5,Low,0,No failure,0
1831,L49010,0,0.0025,99.8,Low,0,No failure,0
1832,M16691,0,0.0,100.0,Low,0,No failure,0
1833,M16692,0,0.0,100.0,Low,0,No failure,0
1834,L49013,1,0.7475,25.2,High,1,Overstrain Failure,0
1835,L49014,0,0.0,100.0,Low,0,No failure,0
1836,H31249,0,0.0025,99.8,Low,0,No failure,0
1837,L49016,0,0.0,100.0,Low,0,No failure,0
1838,L49017,0,0.0,100.0,Low,0,No failure,0
1839,M16698,0,0.0,100.0,Low,0,No failure,0
1840,L49019,0,0.0,100.0,Low,0,No failure,0
1841,M16700,0,0.0,100.0,Low,0,No failure,0
1842,L49021,0,0.0,100.0,Low,0,No failure,0
1843,H31256,0,0.0,100.0,Low,0,No failure,0
1844,L49023,0,0.0,100.0,Low,0,No failure,0
1845,M16704,0,0.0,100.0,Low,0,No failure,0
1846,L49025,0,0.0,100.0,Low,0,No failure,0
1847,H31260,0,0.0,100.0,Low,0,No failure,0
1848,L49027,0,0.0,100.0,Low,0,No failure,0
1849,H31262,0,0.0,100.0,Low,0,No failure,0
1850,L49029,0,0.0,100.0,Low,0,No failure,0
1851,M16710,0,0.005,99.5,Low,0,No failure,0
1852,M16711,0,0.0,100.0,Low,0,No failure,0
1853,M16712,0,0.0,100.0,Low,0,No failure,0
1854,L49033,0,0.0,100.0,Low,0,No failure,0
1855,M16714,0,0.0,100.0,Low,0,No failure,0
1856,H31269,0,0.0225,97.8,Low,0,No failure,0
1857,M16716,0,0.0,100.0,Low,0,No failure,0
1858,L49037,0,0.0,100.0,Low,0,No failure,0
1859,M16718,0,0.0,100.0,Low,0,No failure,0
1860,L49039,0,0.0,100.0,Low,0,No failure,0
1861,L49040,0,0.0,100.0,Low,0,No failure,0
1862,M16721,0,0.0,100.0,Low,0,No failure,0
1863,L49042,0,0.0,100.0,Low,0,No failure,0
1864,M16723,0,0.0,100.0,Low,0,No failure,0
1865,L49044,0,0.0,100.0,Low,0,No failure,0
1866,L49045,0,0.0,100.0,Low,0,No failure,0
1867,M16726,0,0.0,100.0,Low,0,No failure,0
1868,L49047,0,0.0,100.0,Low,0,No failure,0
1869,L49048,0,0.0,100.0,Low,0,No failure,0
1870,M16729,0,0.0,100.0,Low,0,No failure,0
1871,L49050,0,0.0,100.0,Low,0,No failure,0
1872,L49051,0,0.0,100.0,Low,0,No failure,0
1873,L49052,0,0.0,100.0,Low,0,No failure,0
1874,L49053,0,0.0,100.0,Low,0,No failure,0
1875,L49054,0,0.0,100.0,Low,0,No failure,0
1876,L49055,0,0.0,100.0,Low,0,No failure,0
1877,L49056,0,0.0375,96.2,Low,0,No failure,0
1878,M16737,0,0.0,100.0,Low,0,No failure,0
1879,M16738,0,0.0,100.0,Low,0,No failure,0
1880,M16739,0,0.0,100.0,Low,0,No failure,0
1881,L49060,0,0.0,100.0,Low,0,No failure,0
1882,L49061,0,0.0,100.0,Low,0,No failure,0
1883,M16742,0,0.0,100.0,Low,0,No failure,0
1884,M16743,0,0.0,100.0,Low,0,No failure,0
1885,M16744,0,0.0,100.0,Low,0,No failure,0
1886,L49065,0,0.0,100.0,Low,0,No failure,0
1887,L49066,0,0.0,100.0,Low,0,No failure,0
1888,M16747,0,0.0,100.0,Low,0,No failure,0
1889,M16748,0,0.0,100.0,Low,0,No failure,0
1890,H31303,0,0.0025,99.8,Low,0,No failure,0
1891,L49070,0,0.0,100.0,Low,0,No failure,0
1892,L49071,0,0.0,100.0,Low,0,No failure,0
1893,M16752,0,0.0,100.0,Low,0,No failure,0
1894,L49073,0,0.0,100.0,Low,0,No failure,0
1895,H31308,0,0.0,100.0,Low,0,No failure,0
1896,L49075,0,0.0025,99.8,Low,0,No failure,0
1897,L49076,0,0.0,100.0,Low,0,No failure,0
1898,L49077,0,0.0025,99.8,Low,0,No failure,0
1899,L49078,0,0.0,100.0,Low,0,No failure,0
1900,L49079,0,0.0,100.0,Low,0,No failure,0
1901,H31314,0,0.0,100.0,Low,0,No failure,0
1902,M16761,0,0.0,100.0,Low,0,No failure,0
1903,L49082,0,0.0,100.0,Low,0,No failure,0
1904,L49083,0,0.0,100.0,Low,0,No failure,0
1905,M16764,0,0.0,100.0,Low,0,No failure,0
1906,L49085,0,0.0025,99.8,Low,0,No failure,0
1907,L49086,0,0.0075,99.2,Low,0,No failure,0
1908,L49087,0,0.0,100.0,Low,0,No failure,0
1909,L49088,0,0.0,100.0,Low,0,No failure,0
1910,L49089,0,0.0,100.0,Low,0,No failure,0
1911,H31324,0,0.0,100.0,Low,0,No failure,0
1912,M16771,0,0.025,97.5,Low,0,No failure,0
1913,M16772,0,0.0,100.0,Low,0,No failure,0
1914,M16773,0,0.0,100.0,Low,0,No failure,0
1915,L49094,0,0.005,99.5,Low,0,No failure,0
1916,L49095,0,0.0075,99.2,Low,0,No failure,0
1917,L49096,0,0.035,96.5,Low,0,No failure,0
1918,M16777,0,0.055,94.5,Low,0,No failure,0
1919,M16778,0,0.0,100.0,Low,0,No failure,0
1920,L49099,0,0.0,100.0,Low,0,No failure,0
1921,L49100,0,0.005,99.5,Low,0,No failure,0
1922,L49101,0,0.0,100.0,Low,0,No failure,0
1923,L49102,0,0.0,100.0,Low,0,No failure,0
1924,L49103,0,0.0,100.0,Low,0,No failure,0
1925,L49104,0,0.0,100.0,Low,0,No failure,0
1926,L49105,0,0.0,100.0,Low,0,No failure,0
1927,L49106,0,0.0,100.0,Low,0,No failure,0
1928,H31341,0,0.0,100.0,Low,0,No failure,0
1929,L49108,0,0.0,100.0,Low,0,No failure,0
1930,M16789,0,0.0,100.0,Low,0,No failure,0
1931,M16790,0,0.0,100.0,Low,0,No failure,0
1932,M16791,0,0.0,100.0,Low,0,No failure,0
1933,M16792,0,0.0,100.0,Low,0,No failure,0
1934,L49113,0,0.0,100.0,Low,0,No failure,0
1935,L49114,0,0.0,100.0,Low,0,No failure,0
1936,M16795,0,0.0,100.0,Low,0,No failure,0
1937,M16796,0,0.0,100.0,Low,0,No failure,0
1938,L49117,0,0.0,100.0,Low,0,No failure,0
1939,L49118,0,0.0,100.0,Low,0,No failure,0
1940,M16799,0,0.0,100.0,Low,0,No failure,0
1941,L49120,0,0.0,100.0,Low,0,No failure,0
1942,L49121,0,0.0625,93.8,Low,0,No failure,0
1943,L49122,0,0.0,100.0,Low,0,No failure,0
1944,L49123,0,0.0,100.0,Low,0,No failure,0
1945,L49124,0,0.0,100.0,Low,0,No failure,0
1946,L49125,0,0.0,100.0,Low,0,No failure,0
1947,L49126,0,0.0,100.0,Low,0,No failure,0
1948,L49127,0,0.0,100.0,Low,0,No failure,0
1949,L49128,0,0.0,100.0,Low,0,No failure,0
1950,M16809,0,0.0,100.0,Low,0,No failure,0
1951,M16810,0,0.0025,99.8,Low,0,No failure,0
1952,L49131,0,0.0,100.0,Low,0,No failure,0
1953,L49132,0,0.005,99.5,Low,0,No failure,0
1954,L49133,0,0.0,100.0,Low,0,No failure,0
1955,L49134,0,0.0,100.0,Low,0,No failure,0
1956,L49135,0,0.0,100.0,Low,0,No failure,0
1957,M16816,0,0.0,100.0,Low,0,No failure,0
1958,H31371,0,0.0,100.0,Low,0,No failure,0
1959,H31372,0,0.0,100.0,Low,0,No failure,0
1960,M16819,0,0.0,100.0,Low,0,No failure,0
1961,L49140,0,0.0,100.0,Low,0,No failure,0
1962,L49141,0,0.0,100.0,Low,0,No failure,0
1963,L49142,0,0.0,100.0,Low,0,No failure,0
1964,L49143,0,0.0,100.0,Low,0,No failure,0
1965,M16824,0,0.0,100.0,Low,0,No failure,0
1966,L49145,0,0.0,100.0,Low,0,No failure,0
1967,L49146,0,0.0,100.0,Low,0,No failure,0
1968,L49147,0,0.0,100.0,Low,0,No failure,0
1969,L49148,0,0.0,100.0,Low,0,No failure,0
1970,H31383,0,0.0,100.0,Low,0,No failure,0
1971,M16830,0,0.1175,88.2,Low,0,No failure,0
1972,L49151,0,0.0025,99.8,Low,0,No failure,0
1973,L49152,0,0.0,100.0,Low,0,No failure,0
1974,L49153,0,0.0,100.0,Low,0,No failure,0
1975,L49154,0,0.0,100.0,Low,0,No failure,0
1976,L49155,0,0.0,100.0,Low,0,No failure,0
1977,M16836,0,0.0,100.0,Low,0,No failure,0
1978,M16837,0,0.0,100.0,Low,0,No failure,0
1979,L49158,0,0.0,100.0,Low,0,No failure,0
1980,H31393,0,0.0,100.0,Low,0,No failure,0
1981,M16840,0,0.015,98.5,Low,0,No failure,0
1982,L49161,0,0.0025,99.8,Low,0,No failure,0
1983,M16842,0,0.0,100.0,Low,0,No failure,0
1984,M16843,0,0.0,100.0,Low,0,No failure,0
1985,M16844,0,0.0,100.0,Low,0,No failure,0
1986,L49165,0,0.0,100.0,Low,0,No failure,0
1987,L49166,0,0.0,100.0,Low,0,No failure,0
1988,M16847,0,0.0,100.0,Low,0,No failure,0
1989,H31402,0,0.0,100.0,Low,0,No failure,0
1990,L49169,0,0.0,100.0,Low,0,No failure,0
1991,L49170,0,0.0,100.0,Low,0,No failure,0
1992,M16851,0,0.0,100.0,Low,0,No failure,0
1993,L49172,0,0.0,100.0,Low,0,No failure,0
1994,M16853,0,0.0,100.0,Low,0,No failure,0
1995,M16854,0,0.0,100.0,Low,0,No failure,0
1996,L49175,0,0.0,100.0,Low,0,No failure,0
1997,M16856,1,0.0,100.0,Low,0,Tool Wear Failure,0
1998,L49177,0,0.0,100.0,Low,0,No failure,0
1999,H31412,0,0.0,100.0,Low,0,No failure,0
2000,L49179,0,0.0,100.0,Low,0,No failure,0
2001,L49180,0,0.0,100.0,Low,0,No failure,0
2002,L49181,0,0.0,100.0,Low,0,No failure,0
2003,L49182,0,0.0,100.0,Low,0,No failure,0
2004,M16863,0,0.0,100.0,Low,0,No failure,0
2005,L49184,0,0.0025,99.8,Low,0,No failure,0
2006,L49185,0,0.0,100.0,Low,0,No failure,0
2007,M16866,0,0.0,100.0,Low,0,No failure,0
2008,L49187,0,0.0,100.0,Low,0,No failure,0
2009,L49188,0,0.0,100.0,Low,0,No failure,0
2010,M16869,0,0.0,100.0,Low,0,No failure,0
2011,L49190,0,0.0025,99.8,Low,0,No failure,0
2012,L49191,0,0.0,100.0,Low,0,No failure,0
2013,L49192,0,0.0,100.0,Low,0,No failure,0
2014,L49193,0,0.0,100.0,Low,0,No failure,0
2015,L49194,0,0.0,100.0,Low,0,No failure,0
2016,L49195,1,0.555,44.5,Medium,1,Power Failure,0
2017,L49196,0,0.0,100.0,Low,0,No failure,0
2018,L49197,0,0.0,100.0,Low,0,No failure,0
2019,L49198,0,0.0,100.0,Low,0,No failure,0
2020,M16879,0,0.0,100.0,Low,0,No failure,0
2021,H31434,0,0.0,100.0,Low,0,No failure,0
2022,L49201,0,0.0,100.0,Low,0,No failure,0
2023,L49202,0,0.0,100.0,Low,0,No failure,0
2024,L49203,0,0.0,100.0,Low,0,No failure,0
2025,M16884,0,0.0,100.0,Low,0,No failure,0
2026,L49205,0,0.0,100.0,Low,0,No failure,0
2027,M16886,0,0.0,100.0,Low,0,No failure,0
2028,L49207,0,0.0,100.0,Low,0,No failure,0
2029,M16888,0,0.0,100.0,Low,0,No failure,0
2030,L49209,0,0.0,100.0,Low,0,No failure,0
2031,L49210,0,0.0,100.0,Low,0,No failure,0
2032,L49211,0,0.06,94.0,Low,0,No failure,0
2033,L49212,0,0.0,100.0,Low,0,No failure,0
2034,H31447,0,0.0,100.0,Low,0,No failure,0
2035,M16894,0,0.0,100.0,Low,0,No failure,0
2036,M16895,0,0.0,100.0,Low,0,No failure,0
2037,L49216,0,0.0,100.0,Low,0,No failure,0
2038,H31451,0,0.0,100.0,Low,0,No failure,0
2039,L49218,0,0.0,100.0,Low,0,No failure,0
2040,M16899,0,0.0,100.0,Low,0,No failure,0
2041,L49220,0,0.0,100.0,Low,0,No failure,0
2042,L49221,0,0.0,100.0,Low,0,No failure,0
2043,M16902,0,0.0,100.0,Low,0,No failure,0
2044,M16903,0,0.0,100.0,Low,0,No failure,0
2045,L49224,0,0.0,100.0,Low,0,No failure,0
2046,M16905,0,0.0,100.0,Low,0,No failure,0
2047,L49226,0,0.0,100.0,Low,0,No failure,0
2048,L49227,0,0.0,100.0,Low,0,No failure,0
2049,L49228,0,0.0,100.0,Low,0,No failure,0
2050,M16909,0,0.0,100.0,Low,0,No failure,0
2051,M16910,0,0.0,100.0,Low,0,No failure,0
2052,M16911,0,0.0,100.0,Low,0,No failure,0
2053,L49232,0,0.0,100.0,Low,0,No failure,0
2054,L49233,0,0.175,82.5,Low,0,No failure,0
2055,M16914,0,0.0,100.0,Low,0,No failure,0
2056,L49235,0,0.0,100.0,Low,0,No failure,0
2057,L49236,0,0.0,100.0,Low,0,No failure,0
2058,L49237,0,0.0,100.0,Low,0,No failure,0
2059,M16918,0,0.0025,99.8,Low,0,No failure,0
2060,H31473,0,0.0,100.0,Low,0,No failure,0
2061,L49240,0,0.0,100.0,Low,0,No failure,0
2062,L49241,0,0.0,100.0,Low,0,No failure,0
2063,M16922,0,0.0,100.0,Low,0,No failure,0
2064,L49243,0,0.0,100.0,Low,0,No failure,0
2065,L49244,0,0.0,100.0,Low,0,No failure,0
2066,L49245,0,0.0,100.0,Low,0,No failure,0
2067,L49246,0,0.0,100.0,Low,0,No failure,0
2068,L49247,0,0.0,100.0,Low,0,No failure,0
2069,M16928,0,0.0,100.0,Low,0,No failure,0
2070,H31483,0,0.0,100.0,Low,0,No failure,0
2071,L49250,0,0.0,100.0,Low,0,No failure,0
2072,M16931,0,0.0375,96.2,Low,0,No failure,0
2073,L49252,0,0.0,100.0,Low,0,Random Failure,1
2074,L49253,0,0.0,100.0,Low,0,No failure,0
2075,L49254,0,0.0,100.0,Low,0,No failure,0
2076,L49255,1,0.775,22.5,High,1,Overstrain Failure,0
2077,L49256,0,0.0,100.0,Low,0,No failure,0
2078,L49257,0,0.0,100.0,Low,0,No failure,0
2079,M16938,0,0.0,100.0,Low,0,No failure,0
2080,M16939,0,0.0025,99.8,Low,0,No failure,0
2081,L49260,0,0.045,95.5,Low,0,No failure,0
2082,M16941,0,0.02,98.0,Low,0,No failure,0
2083,H31496,0,0.03,97.0,Low,0,No failure,0
2084,H31497,0,0.0,100.0,Low,0,No failure,0
2085,L49264,0,0.0,100.0,Low,0,No failure,0
2086,L49265,0,0.0,100.0,Low,0,No failure,0
2087,H31500,0,0.0,100.0,Low,0,No failure,0
2088,L49267,0,0.0,100.0,Low,0,No failure,0
2089,L49268,0,0.0,100.0,Low,0,No failure,0
2090,L49269,0,0.0,100.0,Low,0,No failure,0
2091,L49270,0,0.0,100.0,Low,0,No failure,0
2092,L49271,0,0.0,100.0,Low,0,No failure,0
2093,L49272,0,0.0,100.0,Low,0,No failure,0
2094,L49273,0,0.0,100.0,Low,0,No failure,0
2095,L49274,0,0.0,100.0,Low,0,No failure,0
2096,L49275,0,0.0,100.0,Low,0,No failure,0
2097,M16956,0,0.0,100.0,Low,0,No failure,0
2098,M16957,0,0.0,100.0,Low,0,No failure,0
2099,L49278,0,0.1525,84.8,Low,0,No failure,0
2100,L49279,0,0.0,100.0,Low,0,No failure,0
2101,M16960,0,0.0,100.0,Low,0,No failure,0
2102,L49281,0,0.0,100.0,Low,0,No failure,0
2103,L49282,0,0.025,97.5,Low,0,No failure,0
2104,M16963,0,0.0,100.0,Low,0,No failure,0
2105,M16964,0,0.0,100.0,Low,0,No failure,0
2106,L49285,0,0.0,100.0,Low,0,No failure,0
2107,L49286,0,0.0,100.0,Low,0,No failure,0
2108,M16967,0,0.0,100.0,Low,0,No failure,0
2109,H31522,0,0.0,100.0,Low,0,No failure,0
2110,M16969,0,0.0,100.0,Low,0,No failure,0
2111,H31524,0,0.0,100.0,Low,0,No failure,0
2112,L49291,0,0.0,100.0,Low,0,No failure,0
2113,L49292,0,0.0,100.0,Low,0,No failure,0
2114,L49293,0,0.0,100.0,Low,0,No failure,0
2115,H31528,0,0.0,100.0,Low,0,No failure,0
2116,L49295,0,0.0,100.0,Low,0,No failure,0
2117,M16976,0,0.0,100.0,Low,0,No failure,0
2118,H31531,0,0.0,100.0,Low,0,No failure,0
2119,H31532,0,0.0,100.0,Low,0,No failure,0
2120,M16979,0,0.0,100.0,Low,0,No failure,0
2121,H31534,0,0.0,100.0,Low,0,No failure,0
2122,M16981,0,0.0,100.0,Low,0,No failure,0
2123,M16982,0,0.0,100.0,Low,0,No failure,0
2124,L49303,0,0.0,100.0,Low,0,No failure,0
2125,L49304,0,0.0,100.0,Low,0,No failure,0
2126,L49305,1,0.88,12.0,High,1,Power Failure,0
2127,L49306,0,0.0,100.0,Low,0,No failure,0
2128,H31541,0,0.0,100.0,Low,0,No failure,0
2129,L49308,0,0.0,100.0,Low,0,No failure,0
2130,H31543,0,0.0,100.0,Low,0,No failure,0
2131,L49310,0,0.0675,93.2,Low,0,No failure,0
2132,L49311,0,0.0,100.0,Low,0,No failure,0
2133,L49312,0,0.0,100.0,Low,0,No failure,0
2134,H31547,0,0.0,100.0,Low,0,No failure,0
2135,L49314,0,0.0,100.0,Low,0,No failure,0
2136,L49315,0,0.0,100.0,Low,0,No failure,0
2137,L49316,0,0.0,100.0,Low,0,No failure,0
2138,L49317,0,0.0,100.0,Low,0,No failure,0
2139,L49318,0,0.0,100.0,Low,0,No failure,0
2140,L49319,0,0.0,100.0,Low,0,No failure,0
2141,L49320,0,0.0,100.0,Low,0,No failure,0
2142,M17001,0,0.0,100.0,Low,0,No failure,0
2143,L49322,0,0.0225,97.8,Low,0,No failure,0
2144,M17003,0,0.0,100.0,Low,0,No failure,0
2145,L49324,0,0.0,100.0,Low,0,No failure,0
2146,L49325,0,0.0,100.0,Low,0,No failure,0
2147,L49326,0,0.0,100.0,Low,0,No failure,0
2148,L49327,0,0.0,100.0,Low,0,No failure,0
2149,L49328,0,0.0,100.0,Low,0,No failure,0
2150,L49329,0,0.0,100.0,Low,0,No failure,0
2151,H31564,0,0.0,100.0,Low,0,No failure,0
2152,M17011,0,0.0,100.0,Low,0,No failure,0
2153,M17012,0,0.0,100.0,Low,0,No failure,0
2154,H31567,0,0.005,99.5,Low,0,No failure,0
2155,M17014,0,0.0,100.0,Low,0,No failure,0
2156,L49335,0,0.0075,99.2,Low,0,No failure,0
2157,M17016,0,0.0,100.0,Low,0,No failure,0
2158,M17017,0,0.0875,91.2,Low,0,No failure,0
2159,M17018,0,0.01,99.0,Low,0,No failure,0
2160,M17019,0,0.0125,98.8,Low,0,No failure,0
2161,L49340,0,0.0175,98.2,Low,0,No failure,0
2162,L49341,0,0.015,98.5,Low,0,No failure,0
2163,L49342,0,0.0275,97.2,Low,0,No failure,0
2164,L49343,0,0.045,95.5,Low,0,No failure,0
2165,L49344,0,0.12,88.0,Low,0,No failure,0
2166,L49345,0,0.2675,73.2,Low,0,No failure,0
2167,M17026,1,0.65,35.0,High,1,Tool Wear Failure,0
2168,H31581,0,0.0,100.0,Low,0,No failure,0
2169,M17028,0,0.0025,99.8,Low,0,No failure,0
2170,L49349,0,0.0,100.0,Low,0,No failure,0
2171,M17030,0,0.0,100.0,Low,0,No failure,0
2172,L49351,0,0.0,100.0,Low,0,No failure,0
2173,L49352,0,0.0,100.0,Low,0,No failure,0
2174,M17033,0,0.0,100.0,Low,0,No failure,0
2175,L49354,0,0.0,100.0,Low,0,No failure,0
2176,M17035,0,0.0,100.0,Low,0,No failure,0
2177,M17036,0,0.0,100.0,Low,0,No failure,0
2178,M17037,0,0.0,100.0,Low,0,No failure,0
2179,L49358,0,0.0,100.0,Low,0,No failure,0
2180,L49359,0,0.0,100.0,Low,0,No failure,0
2181,H31594,0,0.0,100.0,Low,0,No failure,0
2182,H31595,0,0.0,100.0,Low,0,No failure,0
2183,M17042,0,0.01,99.0,Low,0,No failure,0
2184,M17043,0,0.0,100.0,Low,0,No failure,0
2185,L49364,0,0.0,100.0,Low,0,No failure,0
2186,L49365,0,0.0,100.0,Low,0,No failure,0
2187,L49366,0,0.0,100.0,Low,0,No failure,0
2188,M17047,0,0.0,100.0,Low,0,No failure,0
2189,L49368,0,0.0,100.0,Low,0,No failure,0
2190,H31603,0,0.0,100.0,Low,0,No failure,0
2191,M17050,0,0.0,100.0,Low,0,No failure,0
2192,L49371,0,0.0,100.0,Low,0,No failure,0
2193,L49372,0,0.0,100.0,Low,0,No failure,0
2194,M17053,0,0.0,100.0,Low,0,No failure,0
2195,M17054,0,0.0,100.0,Low,0,No failure,0
2196,L49375,0,0.0,100.0,Low,0,No failure,0
2197,M17056,0,0.0,100.0,Low,0,No failure,0
2198,L49377,0,0.0,100.0,Low,0,No failure,0
2199,M17058,0,0.0,100.0,Low,0,No failure,0
2200,M17059,0,0.0,100.0,Low,0,No failure,0
2201,L49380,0,0.0,100.0,Low,0,No failure,0
2202,L49381,0,0.0,100.0,Low,0,No failure,0
2203,M17062,0,0.0,100.0,Low,0,No failure,0
2204,L49383,0,0.0,100.0,Low,0,No failure,0
2205,M17064,0,0.0,100.0,Low,0,No failure,0
2206,L49385,0,0.0,100.0,Low,0,No failure,0
2207,L49386,0,0.0,100.0,Low,0,No failure,0
2208,L49387,0,0.0,100.0,Low,0,No failure,0
2209,H31622,0,0.0,100.0,Low,0,No failure,0
2210,L49389,0,0.0,100.0,Low,0,No failure,0
2211,L49390,0,0.0,100.0,Low,0,No failure,0
2212,M17071,0,0.065,93.5,Low,0,No failure,0
2213,L49392,0,0.0,100.0,Low,0,No failure,0
2214,L49393,0,0.0,100.0,Low,0,No failure,0
2215,H31628,0,0.0,100.0,Low,0,No failure,0
2216,H31629,0,0.0,100.0,Low,0,No failure,0
2217,L49396,0,0.0,100.0,Low,0,No failure,0
2218,L49397,0,0.0,100.0,Low,0,No failure,0
2219,L49398,0,0.0,100.0,Low,0,No failure,0
2220,M17079,0,0.0,100.0,Low,0,No failure,0
2221,M17080,0,0.0025,99.8,Low,0,No failure,0
2222,L49401,0,0.0125,98.8,Low,0,No failure,0
2223,L49402,0,0.0,100.0,Low,0,No failure,0
2224,L49403,0,0.0,100.0,Low,0,No failure,0
2225,M17084,0,0.0,100.0,Low,0,No failure,0
2226,M17085,0,0.0,100.0,Low,0,No failure,0
2227,M17086,0,0.0025,99.8,Low,0,No failure,0
2228,L49407,0,0.0,100.0,Low,0,No failure,0
2229,H31642,0,0.0,100.0,Low,0,No failure,0
2230,L49409,0,0.0,100.0,Low,0,No failure,0
2231,L49410,0,0.0025,99.8,Low,0,No failure,0
2232,L49411,0,0.0125,98.8,Low,0,No failure,0
2233,L49412,0,0.0,100.0,Low,0,No failure,0
2234,L49413,1,0.8025,19.8,High,1,Power Failure,0
2235,L49414,0,0.0,100.0,Low,0,No failure,0
2236,M17095,0,0.0,100.0,Low,0,No failure,0
2237,M17096,0,0.0,100.0,Low,0,No failure,0
2238,L49417,0,0.005,99.5,Low,0,No failure,0
2239,L49418,0,0.0,100.0,Low,0,No failure,0
2240,L49419,0,0.0075,99.2,Low,0,No failure,0
2241,L49420,0,0.0,100.0,Low,0,No failure,0
2242,L49421,0,0.0,100.0,Low,0,No failure,0
2243,L49422,0,0.0,100.0,Low,0,No failure,0
2244,L49423,0,0.0075,99.2,Low,0,No failure,0
2245,M17104,1,0.0075,99.2,Low,0,Tool Wear Failure,0
2246,M17105,0,0.0,100.0,Low,0,No failure,0
2247,L49426,0,0.0,100.0,Low,0,No failure,0
2248,M17107,0,0.0,100.0,Low,0,No failure,0
2249,M17108,0,0.01,99.0,Low,0,No failure,0
2250,L49429,0,0.0,100.0,Low,0,No failure,0
2251,M17110,0,0.0,100.0,Low,0,No failure,0
2252,H31665,0,0.0,100.0,Low,0,No failure,0
2253,H31666,0,0.0025,99.8,Low,0,No failure,0
2254,L49433,0,0.0,100.0,Low,0,No failure,0
2255,L49434,0,0.0025,99.8,Low,0,No failure,0
2256,L49435,0,0.0,100.0,Low,0,No failure,0
2257,L49436,0,0.0,100.0,Low,0,No failure,0
2258,L49437,0,0.0,100.0,Low,0,No failure,0
2259,L49438,0,0.0,100.0,Low,0,No failure,0
2260,L49439,0,0.0,100.0,Low,0,No failure,0
2261,H31674,0,0.0,100.0,Low,0,No failure,0
2262,M17121,0,0.0,100.0,Low,0,No failure,0
2263,L49442,0,0.0,100.0,Low,0,No failure,0
2264,M17123,0,0.0,100.0,Low,0,No failure,0
2265,M17124,0,0.0,100.0,Low,0,No failure,0
2266,M17125,0,0.0,100.0,Low,0,No failure,0
2267,L49446,0,0.05,95.0,Low,0,No failure,0
2268,L49447,0,0.0025,99.8,Low,0,No failure,0
2269,L49448,0,0.0,100.0,Low,0,No failure,0
2270,L49449,0,0.0,100.0,Low,0,No failure,0
2271,L49450,0,0.0,100.0,Low,0,No failure,0
2272,L49451,0,0.0,100.0,Low,0,No failure,0
2273,M17132,0,0.0,100.0,Low,0,No failure,0
2274,L49453,0,0.0,100.0,Low,0,No failure,0
2275,L49454,0,0.0,100.0,Low,0,No failure,0
2276,L49455,0,0.0025,99.8,Low,0,No failure,0
2277,L49456,0,0.0,100.0,Low,0,No failure,0
2278,H31691,0,0.0,100.0,Low,0,No failure,0
2279,M17138,0,0.0,100.0,Low,0,No failure,0
2280,L49459,0,0.0,100.0,Low,0,No failure,0
2281,L49460,0,0.0,100.0,Low,0,No failure,0
2282,L49461,0,0.0,100.0,Low,0,No failure,0
2283,L49462,0,0.0,100.0,Low,0,No failure,0
2284,L49463,0,0.0,100.0,Low,0,No failure,0
2285,L49464,0,0.005,99.5,Low,0,No failure,0
2286,L49465,0,0.0025,99.8,Low,0,No failure,0
2287,M17146,0,0.0125,98.8,Low,0,No failure,0
2288,L49467,0,0.0,100.0,Low,0,No failure,0
2289,M17148,0,0.0,100.0,Low,0,No failure,0
2290,L49469,0,0.0,100.0,Low,0,No failure,0
2291,M17150,0,0.0,100.0,Low,0,No failure,0
2292,M17151,0,0.0,100.0,Low,0,No failure,0
2293,L49472,0,0.0,100.0,Low,0,No failure,0
2294,L49473,0,0.0,100.0,Low,0,No failure,0
2295,L49474,0,0.0,100.0,Low,0,No failure,0
2296,L49475,0,0.0,100.0,Low,0,No failure,0
2297,L49476,0,0.0,100.0,Low,0,No failure,0
2298,L49477,0,0.0,100.0,Low,0,No failure,0
2299,L49478,0,0.0,100.0,Low,0,No failure,0
2300,L49479,1,0.8,20.0,High,1,Power Failure,0
2301,L49480,0,0.0,100.0,Low,0,No failure,0
2302,M17161,0,0.0,100.0,Low,0,No failure,0
2303,L49482,0,0.0,100.0,Low,0,No failure,0
2304,L49483,0,0.0025,99.8,Low,0,No failure,0
2305,L49484,0,0.0,100.0,Low,0,No failure,0
2306,H31719,0,0.0,100.0,Low,0,No failure,0
2307,L49486,0,0.0025,99.8,Low,0,No failure,0
2308,H31721,0,0.0,100.0,Low,0,No failure,0
2309,L49488,0,0.0,100.0,Low,0,No failure,0
2310,L49489,0,0.0,100.0,Low,0,No failure,0
2311,M17170,0,0.0,100.0,Low,0,No failure,0
2312,M17171,0,0.0,100.0,Low,0,No failure,0
2313,M17172,0,0.0,100.0,Low,0,No failure,0
2314,M17173,0,0.0,100.0,Low,0,No failure,0
2315,L49494,0,0.0,100.0,Low,0,No failure,0
2316,L49495,0,0.0,100.0,Low,0,No failure,0
2317,L49496,0,0.0,100.0,Low,0,No failure,0
2318,L49497,0,0.0,100.0,Low,0,No failure,0
2319,L49498,0,0.0025,99.8,Low,0,No failure,0
2320,M17179,0,0.0,100.0,Low,0,No failure,0
2321,H31734,0,0.0,100.0,Low,0,No failure,0
2322,M17181,0,0.01,99.0,Low,0,No failure,0
2323,L49502,0,0.0,100.0,Low,0,No failure,0
2324,M17183,0,0.0025,99.8,Low,0,No failure,0
2325,L49504,0,0.005,99.5,Low,0,No failure,0
2326,L49505,0,0.0,100.0,Low,0,No failure,0
2327,M17186,0,0.045,95.5,Low,0,No failure,0
2328,M17187,0,0.015,98.5,Low,0,No failure,0
2329,L49508,0,0.0225,97.8,Low,0,No failure,0
2330,L49509,0,0.0075,99.2,Low,0,No failure,0
2331,M17190,0,0.02,98.0,Low,0,No failure,0
2332,L49511,1,0.8625,13.7,High,1,Overstrain Failure,0
2333,L49512,1,0.805,19.5,High,1,Overstrain Failure,0
2334,L49513,0,0.08,92.0,Low,0,No failure,0
2335,L49514,0,0.025,97.5,Low,0,No failure,0
2336,L49515,0,0.0,100.0,Low,0,No failure,0
2337,L49516,0,0.0,100.0,Low,0,No failure,0
2338,L49517,0,0.0,100.0,Low,0,No failure,0
2339,L49518,0,0.0,100.0,Low,0,No failure,0
2340,L49519,0,0.0,100.0,Low,0,No failure,0
2341,L49520,0,0.0,100.0,Low,0,No failure,0
2342,L49521,0,0.0,100.0,Low,0,No failure,0
2343,M17202,0,0.0,100.0,Low,0,No failure,0
2344,L49523,0,0.08,92.0,Low,0,No failure,0
2345,M17204,0,0.0,100.0,Low,0,No failure,0
2346,L49525,0,0.0,100.0,Low,0,No failure,0
2347,L49526,0,0.0,100.0,Low,0,No failure,0
2348,L49527,0,0.0,100.0,Low,0,No failure,0
2349,L49528,0,0.0,100.0,Low,0,No failure,0
2350,M17209,0,0.0,100.0,Low,0,No failure,0
2351,L49530,0,0.0,100.0,Low,0,No failure,0
2352,L49531,0,0.0,100.0,Low,0,No failure,0
2353,M17212,0,0.0,100.0,Low,0,No failure,0
2354,L49533,0,0.0,100.0,Low,0,No failure,0
2355,L49534,0,0.0025,99.8,Low,0,No failure,0
2356,M17215,0,0.005,99.5,Low,0,No failure,0
2357,H31770,0,0.0,100.0,Low,0,No failure,0
2358,L49537,0,0.0,100.0,Low,0,No failure,0
2359,M17218,0,0.0,100.0,Low,0,No failure,0
2360,L49539,0,0.0,100.0,Low,0,No failure,0
2361,H31774,0,0.0,100.0,Low,0,No failure,0
2362,M17221,0,0.0,100.0,Low,0,No failure,0
2363,H31776,0,0.0,100.0,Low,0,No failure,0
2364,L49543,0,0.0,100.0,Low,0,No failure,0
2365,L49544,0,0.0025,99.8,Low,0,No failure,0
2366,L49545,0,0.0,100.0,Low,0,No failure,0
2367,L49546,0,0.0,100.0,Low,0,No failure,0
2368,M17227,0,0.0,100.0,Low,0,No failure,0
2369,M17228,0,0.0,100.0,Low,0,No failure,0
2370,M17229,0,0.0,100.0,Low,0,No failure,0
2371,L49550,0,0.0,100.0,Low,0,No failure,0
2372,L49551,0,0.0,100.0,Low,0,No failure,0
2373,M17232,0,0.0,100.0,Low,0,No failure,0
2374,L49553,0,0.0,100.0,Low,0,No failure,0
2375,M17234,0,0.0,100.0,Low,0,No failure,0
2376,M17235,0,0.0,100.0,Low,0,No failure,0
2377,M17236,0,0.0,100.0,Low,0,No failure,0
2378,M17237,0,0.0,100.0,Low,0,No failure,0
2379,L49558,0,0.0,100.0,Low,0,No failure,0
2380,H31793,0,0.0025,99.8,Low,0,No failure,0
2381,L49560,0,0.025,97.5,Low,0,No failure,0
2382,L49561,0,0.0,100.0,Low,0,No failure,0
2383,L49562,0,0.0,100.0,Low,0,No failure,0
2384,L49563,0,0.0,100.0,Low,0,No failure,0
2385,M17244,0,0.0,100.0,Low,0,No failure,0
2386,L49565,0,0.0,100.0,Low,0,No failure,0
2387,L49566,0,0.0,100.0,Low,0,No failure,0
2388,M17247,0,0.0,100.0,Low,0,No failure,0
2389,M17248,0,0.0,100.0,Low,0,No failure,0
2390,L49569,0,0.0025,99.8,Low,0,No failure,0
2391,L49570,0,0.0,100.0,Low,0,No failure,0
2392,L49571,0,0.0,100.0,Low,0,No failure,0
2393,L49572,0,0.0025,99.8,Low,0,No failure,0
2394,L49573,0,0.0,100.0,Low,0,No failure,0
2395,L49574,0,0.0,100.0,Low,0,No failure,0
2396,M17255,0,0.0,100.0,Low,0,No failure,0
2397,M17256,0,0.0,100.0,Low,0,No failure,0
2398,L49577,0,0.0,100.0,Low,0,No failure,0
2399,L49578,0,0.0,100.0,Low,0,No failure,0
2400,M17259,0,0.0,100.0,Low,0,No failure,0
2401,H31814,0,0.0075,99.2,Low,0,No failure,0
2402,M17261,0,0.0,100.0,Low,0,No failure,0
2403,L49582,0,0.0,100.0,Low,0,No failure,0
2404,H31817,0,0.0025,99.8,Low,0,No failure,0
2405,M17264,0,0.0025,99.8,Low,0,No failure,0
2406,L49585,0,0.0,100.0,Low,0,No failure,0
2407,L49586,0,0.0,100.0,Low,0,No failure,0
2408,M17267,0,0.0,100.0,Low,0,No failure,0
2409,L49588,0,0.03,97.0,Low,0,No failure,0
2410,L49589,0,0.0,100.0,Low,0,No failure,0
2411,L49590,0,0.0,100.0,Low,0,No failure,0
2412,L49591,0,0.0,100.0,Low,0,No failure,0
2413,L49592,0,0.005,99.5,Low,0,No failure,0
2414,L49593,0,0.0025,99.8,Low,0,No failure,0
2415,L49594,0,0.0,100.0,Low,0,No failure,0
2416,M17275,0,0.0,100.0,Low,0,No failure,0
2417,L49596,0,0.0,100.0,Low,0,No failure,0
2418,L49597,0,0.0,100.0,Low,0,No failure,0
2419,L49598,0,0.0,100.0,Low,0,No failure,0
2420,M17279,0,0.0025,99.8,Low,0,No failure,0
2421,H31834,0,0.0,100.0,Low,0,No failure,0
2422,L49601,0,0.0325,96.8,Low,0,No failure,0
2423,L49602,0,0.005,99.5,Low,0,No failure,0
2424,M17283,0,0.0,100.0,Low,0,No failure,0
2425,L49604,0,0.0,100.0,Low,0,No failure,0
2426,L49605,0,0.0025,99.8,Low,0,No failure,0
2427,M17286,1,0.665,33.5,High,1,Power Failure,0
2428,L49607,0,0.0,100.0,Low,0,No failure,0
2429,M17288,0,0.0025,99.8,Low,0,No failure,0
2430,L49609,0,0.0,100.0,Low,0,No failure,0
2431,M17290,0,0.0025,99.8,Low,0,No failure,0
2432,M17291,0,0.0025,99.8,Low,0,No failure,0
2433,L49612,0,0.0,100.0,Low,0,No failure,0
2434,L49613,0,0.0,100.0,Low,0,No failure,0
2435,M17294,0,0.005,99.5,Low,0,No failure,0
2436,L49615,0,0.0,100.0,Low,0,No failure,0
2437,H31850,0,0.0,100.0,Low,0,No failure,0
2438,L49617,0,0.0025,99.8,Low,0,No failure,0
2439,M17298,0,0.0,100.0,Low,0,No failure,0
2440,L49619,0,0.0,100.0,Low,0,No failure,0
2441,L49620,0,0.0,100.0,Low,0,No failure,0
2442,L49621,0,0.0,100.0,Low,0,No failure,0
2443,M17302,0,0.0,100.0,Low,0,No failure,0
2444,L49623,0,0.0,100.0,Low,0,No failure,0
2445,L49624,1,0.9075,9.3,High,1,Power Failure,0
2446,H31859,0,0.0025,99.8,Low,0,No failure,0
2447,L49626,0,0.0025,99.8,Low,0,No failure,0
2448,L49627,0,0.0,100.0,Low,0,No failure,0
2449,L49628,0,0.0,100.0,Low,0,No failure,0
2450,L49629,0,0.0,100.0,Low,0,No failure,0
2451,L49630,0,0.0025,99.8,Low,0,No failure,0
2452,L49631,0,0.0,100.0,Low,0,No failure,0
2453,M17312,0,0.1125,88.8,Low,0,No failure,0
2454,L49633,0,0.0,100.0,Low,0,No failure,0
2455,L49634,0,0.0,100.0,Low,0,No failure,0
2456,L49635,0,0.0,100.0,Low,0,No failure,0
2457,L49636,0,0.0,100.0,Low,0,No failure,0
2458,L49637,0,0.0,100.0,Low,0,No failure,0
2459,L49638,0,0.0,100.0,Low,0,No failure,0
2460,L49639,0,0.0,100.0,Low,0,No failure,0
2461,L49640,0,0.0,100.0,Low,0,No failure,0
2462,M17321,0,0.0,100.0,Low,0,No failure,0
2463,L49642,0,0.0,100.0,Low,0,No failure,0
2464,L49643,0,0.0,100.0,Low,0,No failure,0
2465,M17324,0,0.0,100.0,Low,0,No failure,0
2466,L49645,0,0.0,100.0,Low,0,No failure,0
2467,L49646,0,0.0025,99.8,Low,0,No failure,0
2468,M17327,0,0.0,100.0,Low,0,No failure,0
2469,M17328,0,0.0,100.0,Low,0,No failure,0
2470,L49649,0,0.0,100.0,Low,0,No failure,0
2471,L49650,0,0.0,100.0,Low,0,No failure,0
2472,L49651,0,0.0,100.0,Low,0,No failure,0
2473,L49652,0,0.0,100.0,Low,0,No failure,0
2474,M17333,0,0.0,100.0,Low,0,No failure,0
2475,L49654,0,0.0,100.0,Low,0,No failure,0
2476,L49655,0,0.0,100.0,Low,0,No failure,0
2477,H31890,0,0.0,100.0,Low,0,No failure,0
2478,L49657,0,0.0025,99.8,Low,0,No failure,0
2479,M17338,0,0.0,100.0,Low,0,No failure,0
2480,L49659,0,0.0,100.0,Low,0,No failure,0
2481,L49660,0,0.0,100.0,Low,0,No failure,0
2482,L49661,0,0.0,100.0,Low,0,No failure,0
2483,L49662,0,0.0,100.0,Low,0,No failure,0
2484,M17343,0,0.0,100.0,Low,0,No failure,0
2485,H31898,0,0.0,100.0,Low,0,No failure,0
2486,L49665,0,0.0,100.0,Low,0,No failure,0
2487,M17346,0,0.0025,99.8,Low,0,No failure,0
2488,H31901,0,0.0,100.0,Low,0,No failure,0
2489,L49668,0,0.0,100.0,Low,0,No failure,0
2490,H31903,0,0.0,100.0,Low,0,No failure,0
2491,H31904,0,0.0,100.0,Low,0,No failure,0
2492,L49671,0,0.005,99.5,Low,0,No failure,0
2493,H31906,0,0.1025,89.8,Low,0,No failure,0
2494,M17353,0,0.005,99.5,Low,0,No failure,0
2495,L49674,1,0.6075,39.2,High,1,Overstrain Failure,0
2496,M17355,0,0.0225,97.8,Low,0,No failure,0
2497,M17356,0,0.01,99.0,Low,0,No failure,0
2498,M17357,0,0.0025,99.8,Low,0,No failure,0
2499,L49678,0,0.1075,89.2,Low,0,No failure,0
2500,M17359,0,0.035,96.5,Low,0,No failure,0
2501,L49680,0,0.115,88.5,Low,0,No failure,0
2502,M17361,0,0.1175,88.2,Low,0,No failure,0
2503,L49682,1,0.71,29.0,High,1,Overstrain Failure,0
2504,L49683,0,0.0,100.0,Low,0,No failure,0
2505,L49684,0,0.0,100.0,Low,0,No failure,0
2506,L49685,0,0.0,100.0,Low,0,No failure,0
2507,M17366,0,0.0,100.0,Low,0,No failure,0
2508,H31921,0,0.0,100.0,Low,0,No failure,0
2509,L49688,0,0.0,100.0,Low,0,No failure,0
2510,L49689,0,0.0,100.0,Low,0,No failure,0
2511,L49690,0,0.005,99.5,Low,0,No failure,0
2512,M17371,0,0.0,100.0,Low,0,No failure,0
2513,L49692,0,0.0,100.0,Low,0,No failure,0
2514,L49693,0,0.0,100.0,Low,0,No failure,0
2515,L49694,0,0.0,100.0,Low,0,No failure,0
2516,L49695,0,0.0,100.0,Low,0,No failure,0
2517,L49696,0,0.0,100.0,Low,0,No failure,0
2518,L49697,0,0.0,100.0,Low,0,No failure,0
2519,M17378,0,0.0,100.0,Low,0,No failure,0
2520,L49699,0,0.0,100.0,Low,0,No failure,0
2521,L49700,0,0.0,100.0,Low,0,No failure,0
2522,L49701,0,0.0,100.0,Low,0,No failure,0
2523,M17382,0,0.0,100.0,Low,0,No failure,0
2524,L49703,0,0.0,100.0,Low,0,No failure,0
2525,M17384,0,0.0,100.0,Low,0,No failure,0
2526,M17385,0,0.0,100.0,Low,0,No failure,0
2527,L49706,0,0.0,100.0,Low,0,No failure,0
2528,L49707,0,0.0,100.0,Low,0,No failure,0
2529,L49708,0,0.0,100.0,Low,0,No failure,0
2530,M17389,0,0.0,100.0,Low,0,No failure,0
2531,L49710,0,0.0,100.0,Low,0,No failure,0
2532,M17391,0,0.0,100.0,Low,0,No failure,0
2533,L49712,0,0.0,100.0,Low,0,No failure,0
2534,L49713,0,0.0,100.0,Low,0,No failure,0
2535,L49714,0,0.0,100.0,Low,0,No failure,0
2536,L49715,0,0.0,100.0,Low,0,No failure,0
2537,L49716,0,0.0,100.0,Low,0,No failure,0
2538,H31951,0,0.0,100.0,Low,0,No failure,0
2539,L49718,0,0.0,100.0,Low,0,No failure,0
2540,L49719,0,0.0,100.0,Low,0,No failure,0
2541,L49720,0,0.0,100.0,Low,0,No failure,0
2542,H31955,0,0.0,100.0,Low,0,No failure,0
2543,H31956,0,0.0,100.0,Low,0,No failure,0
2544,L49723,0,0.0,100.0,Low,0,No failure,0
2545,L49724,0,0.0,100.0,Low,0,No failure,0
2546,M17405,0,0.0,100.0,Low,0,No failure,0
2547,L49726,0,0.0,100.0,Low,0,No failure,0
2548,L49727,0,0.0,100.0,Low,0,No failure,0
2549,M17408,0,0.0,100.0,Low,0,No failure,0
2550,L49729,0,0.0,100.0,Low,0,No failure,0
2551,L49730,0,0.0,100.0,Low,0,No failure,0
2552,L49731,0,0.0,100.0,Low,0,No failure,0
2553,H31966,0,0.0,100.0,Low,0,No failure,0
2554,L49733,0,0.0,100.0,Low,0,No failure,0
2555,L49734,0,0.0,100.0,Low,0,No failure,0
2556,L49735,0,0.0,100.0,Low,0,No failure,0
2557,M17416,0,0.0,100.0,Low,0,No failure,0
2558,M17417,0,0.0,100.0,Low,0,No failure,0
2559,M17418,0,0.0025,99.8,Low,0,No failure,0
2560,L49739,0,0.0,100.0,Low,0,Random Failure,1
2561,M17420,0,0.0275,97.2,Low,0,No failure,0
2562,L49741,0,0.0,100.0,Low,0,No failure,0
2563,L49742,0,0.0,100.0,Low,0,No failure,0
2564,L49743,0,0.0,100.0,Low,0,No failure,0
2565,L49744,0,0.0025,99.8,Low,0,No failure,0
2566,L49745,0,0.0025,99.8,Low,0,No failure,0
2567,M17426,0,0.0,100.0,Low,0,No failure,0
2568,L49747,0,0.0,100.0,Low,0,No failure,0
2569,L49748,0,0.0,100.0,Low,0,No failure,0
2570,H31983,0,0.005,99.5,Low,0,No failure,0
2571,L49750,0,0.0,100.0,Low,0,No failure,0
2572,M17431,0,0.0,100.0,Low,0,No failure,0
2573,M17432,0,0.0,100.0,Low,0,No failure,0
2574,L49753,0,0.0,100.0,Low,0,No failure,0
2575,L49754,0,0.0,100.0,Low,0,No failure,0
2576,L49755,0,0.0,100.0,Low,0,No failure,0
2577,L49756,0,0.0,100.0,Low,0,No failure,0
2578,L49757,0,0.0,100.0,Low,0,No failure,0
2579,L49758,0,0.0,100.0,Low,0,No failure,0
2580,L49759,0,0.0,100.0,Low,0,No failure,0
2581,L49760,0,0.0525,94.8,Low,0,No failure,0
2582,L49761,1,0.8475,15.2,High,1,Overstrain Failure,0
2583,L49762,0,0.0025,99.8,Low,0,No failure,0
2584,L49763,0,0.01,99.0,Low,0,No failure,0
2585,L49764,0,0.0,100.0,Low,0,No failure,0
2586,M17445,0,0.0,100.0,Low,0,No failure,0
2587,L49766,0,0.0,100.0,Low,0,No failure,0
2588,L49767,0,0.0175,98.2,Low,0,No failure,0
2589,L49768,0,0.015,98.5,Low,0,No failure,0
2590,L49769,0,0.015,98.5,Low,0,No failure,0
2591,L49770,0,0.0,100.0,Low,0,No failure,0
2592,L49771,0,0.0,100.0,Low,0,No failure,0
2593,L49772,0,0.0,100.0,Low,0,No failure,0
2594,H32007,0,0.0,100.0,Low,0,No failure,0
2595,L49774,0,0.0,100.0,Low,0,No failure,0
2596,M17455,0,0.0,100.0,Low,0,No failure,0
2597,L49776,0,0.0,100.0,Low,0,No failure,0
2598,L49777,0,0.0,100.0,Low,0,No failure,0
2599,L49778,1,0.8875,11.3,High,1,Power Failure,0
2600,M17459,0,0.0,100.0,Low,0,No failure,0
2601,L49780,0,0.0,100.0,Low,0,No failure,0
2602,L49781,0,0.0,100.0,Low,0,No failure,0
2603,L49782,0,0.0,100.0,Low,0,No failure,0
2604,M17463,0,0.0,100.0,Low,0,No failure,0
2605,M17464,0,0.0,100.0,Low,0,No failure,0
2606,L49785,0,0.0,100.0,Low,0,No failure,0
2607,H32020,0,0.0,100.0,Low,0,No failure,0
2608,L49787,0,0.0,100.0,Low,0,No failure,0
2609,L49788,0,0.0,100.0,Low,0,No failure,0
2610,L49789,0,0.0,100.0,Low,0,No failure,0
2611,H32024,0,0.0,100.0,Low,0,No failure,0
2612,L49791,0,0.0,100.0,Low,0,No failure,0
2613,L49792,0,0.0175,98.2,Low,0,No failure,0
2614,M17473,0,0.0,100.0,Low,0,No failure,0
2615,L49794,0,0.0,100.0,Low,0,No failure,0
2616,L49795,0,0.0,100.0,Low,0,No failure,0
2617,L49796,0,0.1,90.0,Low,0,No failure,0
2618,L49797,0,0.0,100.0,Low,0,No failure,0
2619,M17478,0,0.0,100.0,Low,0,No failure,0
2620,L49799,0,0.0,100.0,Low,0,No failure,0
2621,L49800,0,0.0,100.0,Low,0,No failure,0
2622,M17481,0,0.0,100.0,Low,0,No failure,0
2623,M17482,0,0.0,100.0,Low,0,No failure,0
2624,M17483,0,0.015,98.5,Low,0,No failure,0
2625,H32038,0,0.0,100.0,Low,0,No failure,0
2626,L49805,0,0.0,100.0,Low,0,No failure,0
2627,L49806,0,0.0,100.0,Low,0,No failure,0
2628,M17487,0,0.0,100.0,Low,0,No failure,0
2629,H32042,0,0.0,100.0,Low,0,No failure,0
2630,L49809,0,0.0,100.0,Low,0,No failure,0
2631,L49810,0,0.0,100.0,Low,0,No failure,0
2632,H32045,0,0.0,100.0,Low,0,No failure,0
2633,M17492,0,0.0,100.0,Low,0,No failure,0
2634,L49813,0,0.0,100.0,Low,0,No failure,0
2635,L49814,0,0.0,100.0,Low,0,No failure,0
2636,H32049,0,0.0,100.0,Low,0,No failure,0
2637,L49816,0,0.015,98.5,Low,0,No failure,0
2638,L49817,0,0.0,100.0,Low,0,No failure,0
2639,L49818,0,0.0,100.0,Low,0,No failure,0
2640,M17499,0,0.0,100.0,Low,0,No failure,0
2641,M17500,0,0.0,100.0,Low,0,No failure,0
2642,H32055,0,0.0,100.0,Low,0,No failure,0
2643,L49822,0,0.0,100.0,Low,0,No failure,0
2644,M17503,0,0.0,100.0,Low,0,No failure,0
2645,L49824,0,0.0,100.0,Low,0,No failure,0
2646,H32059,0,0.0,100.0,Low,0,No failure,0
2647,M17506,0,0.0,100.0,Low,0,No failure,0
2648,L49827,0,0.0,100.0,Low,0,No failure,0
2649,L49828,0,0.0,100.0,Low,0,No failure,0
2650,M17509,0,0.0,100.0,Low,0,No failure,0
2651,L49830,0,0.0025,99.8,Low,0,No failure,0
2652,L49831,0,0.0,100.0,Low,0,No failure,0
2653,L49832,0,0.0,100.0,Low,0,No failure,0
2654,L49833,0,0.0,100.0,Low,0,No failure,0
2655,L49834,0,0.0,100.0,Low,0,No failure,0
2656,M17515,0,0.0,100.0,Low,0,No failure,0
2657,L49836,0,0.005,99.5,Low,0,No failure,0
2658,M17517,0,0.0,100.0,Low,0,No failure,0
2659,L49838,0,0.0,100.0,Low,0,No failure,0
2660,H32073,0,0.0,100.0,Low,0,No failure,0
2661,L49840,0,0.0775,92.2,Low,0,No failure,0
2662,M17521,0,0.0,100.0,Low,0,No failure,0
2663,M17522,0,0.0,100.0,Low,0,No failure,0
2664,L49843,0,0.0,100.0,Low,0,No failure,0
2665,M17524,0,0.0,100.0,Low,0,No failure,0
2666,L49845,0,0.0725,92.8,Low,0,No failure,0
2667,H32080,0,0.0075,99.2,Low,0,No failure,0
2668,M17527,0,0.0075,99.2,Low,0,No failure,0
2669,M17528,0,0.0075,99.2,Low,0,No failure,0
2670,H32083,0,0.03,97.0,Low,0,No failure,0
2671,L49850,0,0.03,97.0,Low,0,No failure,0
2672,M17531,1,0.0325,96.8,Low,0,Tool Wear Failure,0
2673,L49852,0,0.0,100.0,Low,0,No failure,0
2674,L49853,0,0.0,100.0,Low,0,No failure,0
2675,L49854,0,0.0,100.0,Low,0,No failure,0
2676,L49855,0,0.0,100.0,Low,0,No failure,0
2677,L49856,0,0.0,100.0,Low,0,No failure,0
2678,L49857,0,0.0,100.0,Low,0,No failure,0
2679,L49858,0,0.0,100.0,Low,0,No failure,0
2680,L49859,0,0.0,100.0,Low,0,No failure,0
2681,L49860,0,0.0,100.0,Low,0,No failure,0
2682,L49861,0,0.0,100.0,Low,0,No failure,0
2683,M17542,0,0.0,100.0,Low,0,No failure,0
2684,L49863,0,0.0,100.0,Low,0,No failure,0
2685,L49864,0,0.0,100.0,Low,0,No failure,0
2686,L49865,0,0.0,100.0,Low,0,No failure,0
2687,L49866,0,0.0,100.0,Low,0,No failure,0
2688,L49867,0,0.0,100.0,Low,0,No failure,0
2689,L49868,0,0.0,100.0,Low,0,No failure,0
2690,L49869,0,0.0,100.0,Low,0,No failure,0
2691,L49870,0,0.0,100.0,Low,0,No failure,0
2692,L49871,0,0.0,100.0,Low,0,No failure,0
2693,L49872,0,0.0,100.0,Low,0,No failure,0
2694,M17553,0,0.0,100.0,Low,0,No failure,0
2695,M17554,0,0.0,100.0,Low,0,No failure,0
2696,L49875,0,0.0025,99.8,Low,0,No failure,0
2697,L49876,0,0.0,100.0,Low,0,No failure,0
2698,L49877,0,0.0025,99.8,Low,0,No failure,0
2699,L49878,0,0.0,100.0,Low,0,No failure,0
2700,L49879,0,0.0175,98.2,Low,0,No failure,0
2701,L49880,0,0.0,100.0,Low,0,No failure,0
2702,L49881,0,0.0,100.0,Low,0,No failure,0
2703,L49882,0,0.0,100.0,Low,0,No failure,0
2704,M17563,0,0.0025,99.8,Low,0,No failure,0
2705,M17564,0,0.0,100.0,Low,0,No failure,0
2706,L49885,0,0.305,69.5,Medium,0,No failure,0
2707,M17566,0,0.0,100.0,Low,0,No failure,0
2708,M17567,0,0.0,100.0,Low,0,No failure,0
2709,L49888,0,0.1675,83.2,Low,0,No failure,0
2710,L49889,0,0.0,100.0,Low,0,No failure,0
2711,L49890,0,0.0,100.0,Low,0,No failure,0
2712,L49891,0,0.0,100.0,Low,0,No failure,0
2713,H32126,0,0.0025,99.8,Low,0,No failure,0
2714,M17573,0,0.0,100.0,Low,0,No failure,0
2715,M17574,0,0.0,100.0,Low,0,No failure,0
2716,M17575,0,0.0,100.0,Low,0,No failure,0
2717,L49896,0,0.0,100.0,Low,0,No failure,0
2718,M17577,0,0.0,100.0,Low,0,No failure,0
2719,L49898,0,0.0,100.0,Low,0,No failure,0
2720,L49899,0,0.0,100.0,Low,0,No failure,0
2721,L49900,0,0.0,100.0,Low,0,No failure,0
2722,M17581,0,0.0,100.0,Low,0,No failure,0
2723,L49902,0,0.0,100.0,Low,0,No failure,0
2724,L49903,0,0.0,100.0,Low,0,No failure,0
2725,M17584,0,0.0,100.0,Low,0,No failure,0
2726,L49905,0,0.0,100.0,Low,0,No failure,0
2727,M17586,0,0.0,100.0,Low,0,No failure,0
2728,L49907,0,0.0,100.0,Low,0,No failure,0
2729,L49908,0,0.0,100.0,Low,0,No failure,0
2730,L49909,0,0.0,100.0,Low,0,No failure,0
2731,L49910,0,0.0,100.0,Low,0,No failure,0
2732,M17591,0,0.0,100.0,Low,0,No failure,0
2733,L49912,0,0.0,100.0,Low,0,No failure,0
2734,L49913,0,0.0,100.0,Low,0,No failure,0
2735,H32148,0,0.0,100.0,Low,0,No failure,0
2736,L49915,0,0.0,100.0,Low,0,No failure,0
2737,M17596,0,0.0,100.0,Low,0,No failure,0
2738,M17597,0,0.0,100.0,Low,0,No failure,0
2739,M17598,0,0.0,100.0,Low,0,No failure,0
2740,L49919,0,0.0,100.0,Low,0,No failure,0
2741,L49920,0,0.0,100.0,Low,0,No failure,0
2742,L49921,0,0.0,100.0,Low,0,No failure,0
2743,L49922,0,0.0,100.0,Low,0,No failure,0
2744,L49923,0,0.0,100.0,Low,0,No failure,0
2745,L49924,0,0.0,100.0,Low,0,No failure,0
2746,M17605,0,0.0,100.0,Low,0,No failure,0
2747,L49926,0,0.0,100.0,Low,0,No failure,0
2748,L49927,0,0.0,100.0,Low,0,No failure,0
2749,L49928,0,0.0,100.0,Low,0,No failure,0
2750,M17609,1,0.0025,99.8,Low,0,Failure (Cause not logged),1
2751,H32164,0,0.0,100.0,Low,0,No failure,0
2752,L49931,0,0.0,100.0,Low,0,No failure,0
2753,M17612,0,0.0025,99.8,Low,0,No failure,0
2754,L49933,0,0.0,100.0,Low,0,No failure,0
2755,H32168,0,0.0,100.0,Low,0,No failure,0
2756,L49935,0,0.0,100.0,Low,0,No failure,0
2757,L49936,0,0.0,100.0,Low,0,No failure,0
2758,L49937,0,0.01,99.0,Low,0,No failure,0
2759,M17618,0,0.0025,99.8,Low,0,No failure,0
2760,L49939,0,0.03,97.0,Low,0,No failure,0
2761,L49940,0,0.0275,97.2,Low,0,No failure,0
2762,L49941,1,0.895,10.5,High,1,Overstrain Failure,0
2763,L49942,0,0.01,99.0,Low,0,No failure,0
2764,L49943,0,0.02,98.0,Low,0,No failure,0
2765,M17624,0,0.0,100.0,Low,0,No failure,0
2766,M17625,0,0.0,100.0,Low,0,No failure,0
2767,M17626,0,0.0,100.0,Low,0,No failure,0
2768,L49947,0,0.0,100.0,Low,0,No failure,0
2769,L49948,0,0.0,100.0,Low,0,No failure,0
2770,M17629,0,0.0,100.0,Low,0,No failure,0
2771,L49950,0,0.0,100.0,Low,0,No failure,0
2772,L49951,0,0.0,100.0,Low,0,No failure,0
2773,L49952,0,0.0,100.0,Low,0,No failure,0
2774,L49953,0,0.0,100.0,Low,0,No failure,0
2775,L49954,0,0.0,100.0,Low,0,No failure,0
2776,L49955,0,0.0,100.0,Low,0,No failure,0
2777,L49956,0,0.0,100.0,Low,0,No failure,0
2778,L49957,0,0.0,100.0,Low,0,No failure,0
2779,L49958,0,0.0,100.0,Low,0,No failure,0
2780,L49959,0,0.0,100.0,Low,0,No failure,0
2781,M17640,0,0.0,100.0,Low,0,No failure,0
2782,L49961,0,0.0,100.0,Low,0,No failure,0
2783,M17642,0,0.0,100.0,Low,0,No failure,0
2784,M17643,0,0.0,100.0,Low,0,No failure,0
2785,L49964,0,0.0,100.0,Low,0,No failure,0
2786,L49965,0,0.0,100.0,Low,0,No failure,0
2787,M17646,0,0.0,100.0,Low,0,No failure,0
2788,M17647,0,0.0,100.0,Low,0,No failure,0
2789,L49968,0,0.0,100.0,Low,0,No failure,0
2790,H32203,0,0.0,100.0,Low,0,No failure,0
2791,L49970,0,0.0,100.0,Low,0,No failure,0
2792,H32205,0,0.0,100.0,Low,0,No failure,0
2793,L49972,0,0.0,100.0,Low,0,No failure,0
2794,L49973,0,0.0,100.0,Low,0,No failure,0
2795,L49974,0,0.0,100.0,Low,0,No failure,0
2796,M17655,0,0.0025,99.8,Low,0,No failure,0
2797,L49976,0,0.0,100.0,Low,0,No failure,0
2798,M17657,0,0.0,100.0,Low,0,No failure,0
2799,L49978,0,0.0,100.0,Low,0,No failure,0
2800,L49979,0,0.0,100.0,Low,0,No failure,0
2801,M17660,0,0.0,100.0,Low,0,No failure,0
2802,M17661,0,0.0,100.0,Low,0,No failure,0
2803,M17662,0,0.0,100.0,Low,0,No failure,0
2804,L49983,0,0.0,100.0,Low,0,No failure,0
2805,L49984,0,0.0,100.0,Low,0,No failure,0
2806,L49985,0,0.0,100.0,Low,0,No failure,0
2807,L49986,0,0.0,100.0,Low,0,No failure,0
2808,M17667,0,0.0,100.0,Low,0,No failure,0
2809,L49988,0,0.0,100.0,Low,0,No failure,0
2810,L49989,0,0.0,100.0,Low,0,No failure,0
2811,L49990,0,0.0,100.0,Low,0,No failure,0
2812,L49991,0,0.005,99.5,Low,0,No failure,0
2813,M17672,0,0.0,100.0,Low,0,No failure,0
2814,L49993,0,0.0,100.0,Low,0,No failure,0
2815,L49994,0,0.0025,99.8,Low,0,No failure,0
2816,M17675,0,0.0,100.0,Low,0,No failure,0
2817,L49996,0,0.0,100.0,Low,0,No failure,0
2818,L49997,0,0.0,100.0,Low,0,No failure,0
2819,L49998,0,0.0,100.0,Low,0,No failure,0
2820,L49999,0,0.0,100.0,Low,0,No failure,0
2821,L50000,0,0.0,100.0,Low,0,No failure,0
2822,M17681,0,0.0,100.0,Low,0,No failure,0
2823,L50002,0,0.0,100.0,Low,0,No failure,0
2824,M17683,0,0.025,97.5,Low,0,No failure,0
2825,M17684,0,0.0,100.0,Low,0,No failure,0
2826,L50005,0,0.0,100.0,Low,0,No failure,0
2827,M17686,0,0.0,100.0,Low,0,No failure,0
2828,L50007,0,0.0,100.0,Low,0,No failure,0
2829,M17688,0,0.0,100.0,Low,0,No failure,0
2830,L50009,0,0.0,100.0,Low,0,No failure,0
2831,M17690,0,0.0,100.0,Low,0,No failure,0
2832,M17691,0,0.0,100.0,Low,0,No failure,0
2833,M17692,0,0.0,100.0,Low,0,No failure,0
2834,L50013,0,0.0,100.0,Low,0,No failure,0
2835,L50014,0,0.005,99.5,Low,0,No failure,0
2836,L50015,0,0.0,100.0,Low,0,No failure,0
2837,M17696,0,0.0,100.0,Low,0,No failure,0
2838,L50017,0,0.0,100.0,Low,0,No failure,0
2839,L50018,0,0.0,100.0,Low,0,No failure,0
2840,M17699,0,0.0,100.0,Low,0,No failure,0
2841,H32254,0,0.0,100.0,Low,0,No failure,0
2842,L50021,0,0.0,100.0,Low,0,No failure,0
2843,L50022,0,0.035,96.5,Low,0,No failure,0
2844,L50023,0,0.0,100.0,Low,0,No failure,0
2845,L50024,0,0.0,100.0,Low,0,No failure,0
2846,L50025,0,0.0675,93.2,Low,0,No failure,0
2847,L50026,0,0.005,99.5,Low,0,No failure,0
2848,L50027,0,0.005,99.5,Low,0,No failure,0
2849,M17708,0,0.055,94.5,Low,0,No failure,0
2850,L50029,0,0.01,99.0,Low,0,No failure,0
2851,L50030,0,0.005,99.5,Low,0,No failure,0
2852,L50031,0,0.1075,89.2,Low,0,No failure,0
2853,M17712,0,0.04,96.0,Low,0,No failure,0
2854,M17713,0,0.005,99.5,Low,0,No failure,0
2855,L50034,0,0.0275,97.2,Low,0,No failure,0
2856,L50035,0,0.0275,97.2,Low,0,No failure,0
2857,H32270,0,0.0325,96.8,Low,0,No failure,0
2858,M17717,0,0.105,89.5,Low,0,No failure,0
2859,L50038,1,0.7225,27.7,High,1,Overstrain Failure,0
2860,L50039,0,0.0325,96.8,Low,0,No failure,0
2861,H32274,0,0.105,89.5,Low,0,No failure,0
2862,L50041,0,0.01,99.0,Low,0,No failure,0
2863,L50042,0,0.19,81.0,Low,0,No failure,0
2864,L50043,0,0.015,98.5,Low,0,No failure,0
2865,H32278,1,0.7025,29.8,High,1,Tool Wear Failure,0
2866,H32279,0,0.0,100.0,Low,0,No failure,0
2867,L50046,0,0.0025,99.8,Low,0,No failure,0
2868,H32281,0,0.0,100.0,Low,0,No failure,0
2869,L50048,0,0.0,100.0,Low,0,No failure,0
2870,L50049,0,0.0,100.0,Low,0,No failure,0
2871,M17730,0,0.0,100.0,Low,0,No failure,0
2872,M17731,0,0.0,100.0,Low,0,No failure,0
2873,L50052,0,0.0,100.0,Low,0,No failure,0
2874,H32287,0,0.0,100.0,Low,0,No failure,0
2875,L50054,0,0.0,100.0,Low,0,No failure,0
2876,M17735,0,0.0,100.0,Low,0,No failure,0
2877,M17736,0,0.0,100.0,Low,0,No failure,0
2878,M17737,0,0.0,100.0,Low,0,No failure,0
2879,H32292,0,0.0,100.0,Low,0,No failure,0
2880,M17739,1,0.1525,84.8,Low,0,Power Failure,0
2881,L50060,0,0.0,100.0,Low,0,No failure,0
2882,M17741,0,0.0,100.0,Low,0,No failure,0
2883,L50062,0,0.0,100.0,Low,0,No failure,0
2884,L50063,0,0.0,100.0,Low,0,No failure,0
2885,L50064,0,0.0,100.0,Low,0,No failure,0
2886,M17745,0,0.0,100.0,Low,0,No failure,0
2887,H32300,0,0.0,100.0,Low,0,No failure,0
2888,M17747,0,0.0,100.0,Low,0,No failure,0
2889,M17748,0,0.0,100.0,Low,0,No failure,0
2890,M17749,0,0.0,100.0,Low,0,No failure,0
2891,L50070,0,0.0,100.0,Low,0,No failure,0
2892,L50071,0,0.0,100.0,Low,0,No failure,0
2893,L50072,0,0.0025,99.8,Low,0,No failure,0
2894,M17753,0,0.0,100.0,Low,0,No failure,0
2895,L50074,0,0.0,100.0,Low,0,No failure,0
2896,M17755,0,0.0,100.0,Low,0,No failure,0
2897,M17756,0,0.0,100.0,Low,0,No failure,0
2898,M17757,0,0.0,100.0,Low,0,No failure,0
2899,M17758,0,0.0,100.0,Low,0,No failure,0
2900,L50079,0,0.0,100.0,Low,0,No failure,0
2901,L50080,0,0.0,100.0,Low,0,No failure,0
2902,L50081,0,0.0,100.0,Low,0,No failure,0
2903,M17762,0,0.0,100.0,Low,0,No failure,0
2904,M17763,0,0.0,100.0,Low,0,No failure,0
2905,L50084,0,0.0625,93.8,Low,0,No failure,0
2906,L50085,0,0.0,100.0,Low,0,No failure,0
2907,L50086,0,0.0,100.0,Low,0,No failure,0
2908,M17767,0,0.0,100.0,Low,0,No failure,0
2909,L50088,0,0.0325,96.8,Low,0,No failure,0
2910,L50089,0,0.0,100.0,Low,0,No failure,0
2911,L50090,0,0.0,100.0,Low,0,No failure,0
2912,M17771,0,0.0075,99.2,Low,0,No failure,0
2913,L50092,0,0.0,100.0,Low,0,No failure,0
2914,L50093,0,0.0,100.0,Low,0,No failure,0
2915,H32328,0,0.0025,99.8,Low,0,No failure,0
2916,L50095,0,0.035,96.5,Low,0,No failure,0
2917,L50096,0,0.0,100.0,Low,0,No failure,0
2918,L50097,0,0.0,100.0,Low,0,No failure,0
2919,M17778,0,0.0,100.0,Low,0,No failure,0
2920,L50099,0,0.0,100.0,Low,0,No failure,0
2921,L50100,0,0.0,100.0,Low,0,No failure,0
2922,L50101,0,0.0,100.0,Low,0,No failure,0
2923,L50102,0,0.0,100.0,Low,0,No failure,0
2924,M17783,0,0.0,100.0,Low,0,No failure,0
2925,L50104,0,0.0,100.0,Low,0,No failure,0
2926,M17785,0,0.0,100.0,Low,0,No failure,0
2927,L50106,0,0.0,100.0,Low,0,No failure,0
2928,M17787,0,0.0,100.0,Low,0,No failure,0
2929,M17788,0,0.0,100.0,Low,0,No failure,0
2930,M17789,0,0.0,100.0,Low,0,No failure,0
2931,H32344,0,0.0,100.0,Low,0,No failure,0
2932,L50111,0,0.0,100.0,Low,0,No failure,0
2933,L50112,0,0.0,100.0,Low,0,No failure,0
2934,M17793,0,0.0,100.0,Low,0,No failure,0
2935,M17794,0,0.0,100.0,Low,0,No failure,0
2936,M17795,0,0.0,100.0,Low,0,No failure,0
2937,M17796,0,0.0025,99.8,Low,0,No failure,0
2938,L50117,0,0.0,100.0,Low,0,No failure,0
2939,L50118,0,0.0,100.0,Low,0,No failure,0
2940,L50119,0,0.0,100.0,Low,0,No failure,0
2941,L50120,0,0.0425,95.8,Low,0,No failure,0
2942,M17801,1,0.57,43.0,Medium,1,Tool Wear Failure,0
2943,L50122,0,0.0,100.0,Low,0,No failure,0
2944,H32357,0,0.005,99.5,Low,0,No failure,0
2945,L50124,0,0.0,100.0,Low,0,No failure,0
2946,H32359,0,0.0025,99.8,Low,0,No failure,0
2947,M17806,0,0.0,100.0,Low,0,No failure,0
2948,L50127,0,0.0,100.0,Low,0,No failure,0
2949,L50128,0,0.0,100.0,Low,0,No failure,0
2950,M17809,0,0.0025,99.8,Low,0,No failure,0
2951,M17810,0,0.0,100.0,Low,0,No failure,0
2952,L50131,0,0.0,100.0,Low,0,No failure,0
2953,H32366,0,0.0,100.0,Low,0,No failure,0
2954,L50133,0,0.0,100.0,Low,0,No failure,0
2955,H32368,0,0.0,100.0,Low,0,No failure,0
2956,M17815,0,0.0,100.0,Low,0,No failure,0
2957,M17816,0,0.0,100.0,Low,0,No failure,0
2958,L50137,0,0.0,100.0,Low,0,No failure,0
2959,M17818,0,0.0,100.0,Low,0,No failure,0
2960,M17819,0,0.0,100.0,Low,0,No failure,0
2961,L50140,0,0.0,100.0,Low,0,No failure,0
2962,L50141,0,0.0,100.0,Low,0,No failure,0
2963,L50142,0,0.0,100.0,Low,0,No failure,0
2964,M17823,0,0.0,100.0,Low,0,No failure,0
2965,L50144,0,0.0,100.0,Low,0,No failure,0
2966,M17825,0,0.0,100.0,Low,0,No failure,0
2967,L50146,0,0.0,100.0,Low,0,No failure,0
2968,L50147,0,0.0075,99.2,Low,0,No failure,0
2969,M17828,0,0.0275,97.2,Low,0,No failure,0
2970,L50149,0,0.0,100.0,Low,0,No failure,0
2971,M17830,0,0.0,100.0,Low,0,No failure,0
2972,M17831,0,0.0,100.0,Low,0,No failure,0
2973,M17832,0,0.0,100.0,Low,0,No failure,0
2974,M17833,0,0.0025,99.8,Low,0,No failure,0
2975,M17834,0,0.0,100.0,Low,0,No failure,0
2976,H32389,0,0.01,99.0,Low,0,No failure,0
2977,M17836,0,0.0,100.0,Low,0,No failure,0
2978,L50157,0,0.0,100.0,Low,0,No failure,0
2979,H32392,0,0.0,100.0,Low,0,No failure,0
2980,L50159,0,0.0,100.0,Low,0,No failure,0
2981,L50160,0,0.0,100.0,Low,0,No failure,0
2982,H32395,0,0.0,100.0,Low,0,No failure,0
2983,L50162,0,0.0,100.0,Low,0,No failure,0
2984,L50163,0,0.0025,99.8,Low,0,No failure,0
2985,L50164,0,0.0,100.0,Low,0,No failure,0
2986,L50165,0,0.0,100.0,Low,0,No failure,0
2987,L50166,0,0.0,100.0,Low,0,No failure,0
2988,M17847,0,0.0,100.0,Low,0,No failure,0
2989,M17848,0,0.0,100.0,Low,0,No failure,0
2990,L50169,0,0.0,100.0,Low,0,No failure,0
2991,L50170,0,0.0,100.0,Low,0,No failure,0
2992,M17851,0,0.0,100.0,Low,0,No failure,0
2993,M17852,0,0.0,100.0,Low,0,No failure,0
2994,M17853,0,0.0125,98.8,Low,0,No failure,0
2995,L50174,0,0.0025,99.8,Low,0,No failure,0
2996,L50175,0,0.0,100.0,Low,0,No failure,0
2997,M17856,0,0.0,100.0,Low,0,No failure,0
2998,L50177,0,0.06,94.0,Low,0,No failure,0
2999,L50178,0,0.0,100.0,Low,0,No failure,0
3000,L50179,0,0.2475,75.2,Low,0,No failure,0
3001,H32414,1,0.8475,15.2,High,1,Power Failure,0
3002,L50181,0,0.0,100.0,Low,0,No failure,0
3003,M17862,0,0.0,100.0,Low,0,No failure,0
3004,M17863,0,0.0,100.0,Low,0,No failure,0
3005,M17864,0,0.005,99.5,Low,0,No failure,0
3006,L50185,0,0.0,100.0,Low,0,No failure,0
3007,L50186,0,0.0,100.0,Low,0,No failure,0
3008,L50187,0,0.0025,99.8,Low,0,No failure,0
3009,M17868,0,0.0,100.0,Low,0,No failure,0
3010,M17869,0,0.0,100.0,Low,0,No failure,0
3011,L50190,0,0.0,100.0,Low,0,No failure,0
3012,M17871,0,0.0025,99.8,Low,0,No failure,0
3013,L50192,0,0.0,100.0,Low,0,No failure,0
3014,L50193,0,0.005,99.5,Low,0,No failure,0
3015,L50194,0,0.0,100.0,Low,0,No failure,0
3016,L50195,0,0.0,100.0,Low,0,No failure,0
3017,L50196,0,0.0025,99.8,Low,0,No failure,0
3018,L50197,0,0.0375,96.2,Low,0,No failure,0
3019,M17878,0,0.01,99.0,Low,0,No failure,0
3020,L50199,1,0.87,13.0,High,1,Overstrain Failure,0
3021,L50200,0,0.0125,98.8,Low,0,No failure,0
3022,L50201,0,0.0725,92.8,Low,0,No failure,0
3023,L50202,0,0.0075,99.2,Low,0,No failure,0
3024,L50203,0,0.025,97.5,Low,0,No failure,0
3025,L50204,0,0.0075,99.2,Low,0,No failure,0
3026,L50205,0,0.155,84.5,Low,0,No failure,0
3027,M17886,0,0.085,91.5,Low,0,No failure,0
3028,L50207,0,0.0,100.0,Low,0,No failure,0
3029,L50208,0,0.0,100.0,Low,0,No failure,0
3030,L50209,0,0.0,100.0,Low,0,No failure,0
3031,M17890,0,0.0,100.0,Low,0,No failure,0
3032,M17891,0,0.0,100.0,Low,0,No failure,0
3033,M17892,0,0.0,100.0,Low,0,No failure,0
3034,M17893,0,0.0,100.0,Low,0,No failure,0
3035,H32448,0,0.0,100.0,Low,0,No failure,0
3036,M17895,0,0.0,100.0,Low,0,No failure,0
3037,L50216,0,0.0,100.0,Low,0,No failure,0
3038,L50217,0,0.0,100.0,Low,0,No failure,0
3039,L50218,0,0.0,100.0,Low,0,No failure,0
3040,M17899,0,0.0,100.0,Low,0,No failure,0
3041,L50220,0,0.0,100.0,Low,0,No failure,0
3042,L50221,0,0.0,100.0,Low,0,No failure,0
3043,M17902,0,0.0,100.0,Low,0,No failure,0
3044,L50223,0,0.0,100.0,Low,0,No failure,0
3045,L50224,0,0.0,100.0,Low,0,No failure,0
3046,L50225,0,0.0,100.0,Low,0,No failure,0
3047,M17906,0,0.0,100.0,Low,0,No failure,0
3048,L50227,0,0.0,100.0,Low,0,No failure,0
3049,L50228,0,0.0,100.0,Low,0,No failure,0
3050,L50229,0,0.0,100.0,Low,0,No failure,0
3051,L50230,0,0.0,100.0,Low,0,No failure,0
3052,L50231,0,0.0,100.0,Low,0,No failure,0
3053,L50232,0,0.0,100.0,Low,0,No failure,0
3054,H32467,0,0.0,100.0,Low,0,No failure,0
3055,H32468,0,0.0,100.0,Low,0,No failure,0
3056,L50235,0,0.0,100.0,Low,0,No failure,0
3057,L50236,0,0.0,100.0,Low,0,No failure,0
3058,L50237,0,0.0,100.0,Low,0,No failure,0
3059,L50238,0,0.0,100.0,Low,0,No failure,0
3060,M17919,0,0.0,100.0,Low,0,No failure,0
3061,L50240,0,0.0,100.0,Low,0,No failure,0
3062,L50241,0,0.0025,99.8,Low,0,No failure,0
3063,L50242,0,0.0,100.0,Low,0,No failure,0
3064,L50243,0,0.0,100.0,Low,0,No failure,0
3065,M17924,0,0.0025,99.8,Low,0,No failure,0
3066,M17925,0,0.0025,99.8,Low,0,Random Failure,1
3067,M17926,0,0.0,100.0,Low,0,No failure,0
3068,L50247,0,0.0,100.0,Low,0,No failure,0
3069,H32482,0,0.0,100.0,Low,0,No failure,0
3070,L50249,0,0.0,100.0,Low,0,No failure,0
3071,L50250,0,0.0,100.0,Low,0,No failure,0
3072,L50251,0,0.0,100.0,Low,0,No failure,0
3073,L50252,0,0.0025,99.8,Low,0,No failure,0
3074,L50253,0,0.0,100.0,Low,0,No failure,0
3075,L50254,0,0.0,100.0,Low,0,No failure,0
3076,M17935,0,0.0,100.0,Low,0,No failure,0
3077,L50256,0,0.0,100.0,Low,0,No failure,0
3078,L50257,0,0.0,100.0,Low,0,No failure,0
3079,M17938,0,0.0,100.0,Low,0,No failure,0
3080,L50259,0,0.0025,99.8,Low,0,No failure,0
3081,M17940,0,0.0,100.0,Low,0,No failure,0
3082,M17941,0,0.0,100.0,Low,0,No failure,0
3083,M17942,0,0.0,100.0,Low,0,No failure,0
3084,L50263,0,0.0,100.0,Low,0,No failure,0
3085,H32498,0,0.0,100.0,Low,0,No failure,0
3086,L50265,0,0.0,100.0,Low,0,No failure,0
3087,L50266,0,0.0,100.0,Low,0,No failure,0
3088,M17947,0,0.0,100.0,Low,0,No failure,0
3089,M17948,0,0.0,100.0,Low,0,No failure,0
3090,H32503,0,0.0,100.0,Low,0,No failure,0
3091,H32504,0,0.0,100.0,Low,0,No failure,0
3092,L50271,0,0.0,100.0,Low,0,No failure,0
3093,M17952,0,0.015,98.5,Low,0,No failure,0
3094,L50273,0,0.0,100.0,Low,0,No failure,0
3095,L50274,0,0.0,100.0,Low,0,No failure,0
3096,M17955,0,0.0,100.0,Low,0,No failure,0
3097,L50276,0,0.0,100.0,Low,0,No failure,0
3098,M17957,0,0.0,100.0,Low,0,No failure,0
3099,M17958,0,0.0,100.0,Low,0,No failure,0
3100,M17959,0,0.0,100.0,Low,0,No failure,0
3101,L50280,0,0.0,100.0,Low,0,No failure,0
3102,H32515,0,0.0,100.0,Low,0,No failure,0
3103,L50282,0,0.0,100.0,Low,0,No failure,0
3104,L50283,0,0.0,100.0,Low,0,No failure,0
3105,M17964,0,0.005,99.5,Low,0,No failure,0
3106,L50285,0,0.0125,98.8,Low,0,No failure,0
3107,L50286,0,0.015,98.5,Low,0,No failure,0
3108,M17967,0,0.0025,99.8,Low,0,No failure,0
3109,L50288,0,0.0075,99.2,Low,0,No failure,0
3110,L50289,0,0.0075,99.2,Low,0,No failure,0
3111,H32524,0,0.0,100.0,Low,0,No failure,0
3112,L50291,0,0.0,100.0,Low,0,No failure,0
3113,M17972,0,0.0,100.0,Low,0,No failure,0
3114,M17973,0,0.0,100.0,Low,0,No failure,0
3115,M17974,0,0.0025,99.8,Low,0,No failure,0
3116,L50295,0,0.0,100.0,Low,0,No failure,0
3117,L50296,0,0.0,100.0,Low,0,No failure,0
3118,M17977,0,0.0,100.0,Low,0,No failure,0
3119,M17978,0,0.0,100.0,Low,0,No failure,0
3120,L50299,0,0.0,100.0,Low,0,No failure,0
3121,H32534,0,0.0,100.0,Low,0,No failure,0
3122,L50301,0,0.0,100.0,Low,0,No failure,0
3123,L50302,0,0.0,100.0,Low,0,No failure,0
3124,H32537,0,0.0,100.0,Low,0,No failure,0
3125,L50304,0,0.0,100.0,Low,0,No failure,0
3126,L50305,0,0.0,100.0,Low,0,No failure,0
3127,L50306,0,0.0,100.0,Low,0,No failure,0
3128,L50307,0,0.0,100.0,Low,0,No failure,0
3129,M17988,0,0.0,100.0,Low,0,No failure,0
3130,L50309,0,0.0,100.0,Low,0,No failure,0
3131,L50310,0,0.0,100.0,Low,0,No failure,0
3132,L50311,0,0.0,100.0,Low,0,No failure,0
3133,L50312,0,0.0,100.0,Low,0,No failure,0
3134,H32547,0,0.0,100.0,Low,0,No failure,0
3135,L50314,0,0.0,100.0,Low,0,No failure,0
3136,L50315,0,0.0,100.0,Low,0,No failure,0
3137,L50316,0,0.0,100.0,Low,0,No failure,0
3138,L50317,0,0.0,100.0,Low,0,No failure,0
3139,L50318,0,0.0,100.0,Low,0,No failure,0
3140,H32553,0,0.0,100.0,Low,0,No failure,0
3141,H32554,1,0.765,23.5,High,1,Power Failure,0
3142,L50321,0,0.0,100.0,Low,0,No failure,0
3143,L50322,0,0.0,100.0,Low,0,No failure,0
3144,H32557,0,0.0,100.0,Low,0,No failure,0
3145,M18004,0,0.0,100.0,Low,0,No failure,0
3146,M18005,0,0.0,100.0,Low,0,No failure,0
3147,M18006,0,0.0,100.0,Low,0,No failure,0
3148,M18007,0,0.0,100.0,Low,0,No failure,0
3149,H32562,0,0.0,100.0,Low,0,No failure,0
3150,H32563,0,0.0,100.0,Low,0,No failure,0
3151,L50330,0,0.0,100.0,Low,0,No failure,0
3152,L50331,0,0.0,100.0,Low,0,No failure,0
3153,M18012,0,0.0,100.0,Low,0,No failure,0
3154,M18013,0,0.0,100.0,Low,0,No failure,0
3155,L50334,0,0.0,100.0,Low,0,No failure,0
3156,L50335,0,0.0075,99.2,Low,0,No failure,0
3157,L50336,0,0.0,100.0,Low,0,No failure,0
3158,M18017,0,0.0,100.0,Low,0,No failure,0
3159,L50338,0,0.0,100.0,Low,0,No failure,0
3160,H32573,0,0.0,100.0,Low,0,No failure,0
3161,M18020,0,0.0025,99.8,Low,0,No failure,0
3162,L50341,0,0.0325,96.8,Low,0,No failure,0
3163,L50342,0,0.0,100.0,Low,0,No failure,0
3164,L50343,0,0.0,100.0,Low,0,No failure,0
3165,L50344,0,0.0,100.0,Low,0,No failure,0
3166,L50345,0,0.0,100.0,Low,0,No failure,0
3167,M18026,0,0.0,100.0,Low,0,No failure,0
3168,L50347,0,0.0,100.0,Low,0,No failure,0
3169,M18028,0,0.0,100.0,Low,0,No failure,0
3170,M18029,0,0.0,100.0,Low,0,No failure,0
3171,M18030,0,0.0,100.0,Low,0,No failure,0
3172,L50351,0,0.0025,99.8,Low,0,No failure,0
3173,M18032,0,0.0,100.0,Low,0,No failure,0
3174,L50353,0,0.0,100.0,Low,0,No failure,0
3175,L50354,0,0.0,100.0,Low,0,No failure,0
3176,L50355,0,0.0,100.0,Low,0,No failure,0
3177,L50356,0,0.0,100.0,Low,0,No failure,0
3178,M18037,0,0.0,100.0,Low,0,No failure,0
3179,M18038,0,0.0,100.0,Low,0,No failure,0
3180,L50359,0,0.0,100.0,Low,0,No failure,0
3181,M18040,0,0.0,100.0,Low,0,No failure,0
3182,L50361,0,0.0,100.0,Low,0,No failure,0
3183,M18042,0,0.0025,99.8,Low,0,No failure,0
3184,L50363,0,0.0,100.0,Low,0,No failure,0
3185,L50364,0,0.0,100.0,Low,0,No failure,0
3186,L50365,0,0.0025,99.8,Low,0,No failure,0
3187,M18046,0,0.0075,99.2,Low,0,No failure,0
3188,M18047,0,0.015,98.5,Low,0,No failure,0
3189,M18048,0,0.0075,99.2,Low,0,No failure,0
3190,L50369,0,0.0025,99.8,Low,0,No failure,0
3191,L50370,0,0.0325,96.8,Low,0,No failure,0
3192,M18051,0,0.08,92.0,Low,0,No failure,0
3193,M18052,0,0.0225,97.8,Low,0,No failure,0
3194,L50373,0,0.0025,99.8,Low,0,No failure,0
3195,L50374,0,0.0,100.0,Low,0,No failure,0
3196,M18055,0,0.0,100.0,Low,0,No failure,0
3197,L50376,0,0.0,100.0,Low,0,No failure,0
3198,L50377,0,0.0,100.0,Low,0,No failure,0
3199,M18058,0,0.0,100.0,Low,0,No failure,0
3200,H32613,0,0.0,100.0,Low,0,No failure,0
3201,M18060,0,0.0,100.0,Low,0,No failure,0
3202,L50381,0,0.0,100.0,Low,0,No failure,0
3203,L50382,0,0.0,100.0,Low,0,No failure,0
3204,M18063,0,0.0,100.0,Low,0,No failure,0
3205,L50384,0,0.0,100.0,Low,0,No failure,0
3206,M18065,0,0.0,100.0,Low,0,No failure,0
3207,M18066,0,0.0,100.0,Low,0,No failure,0
3208,M18067,0,0.0,100.0,Low,0,No failure,0
3209,M18068,0,0.0,100.0,Low,0,No failure,0
3210,L50389,0,0.0,100.0,Low,0,No failure,0
3211,M18070,0,0.0,100.0,Low,0,No failure,0
3212,L50391,0,0.0,100.0,Low,0,No failure,0
3213,L50392,0,0.0,100.0,Low,0,No failure,0
3214,L50393,0,0.0,100.0,Low,0,No failure,0
3215,H32628,0,0.0,100.0,Low,0,No failure,0
3216,M18075,0,0.0,100.0,Low,0,No failure,0
3217,L50396,0,0.0,100.0,Low,0,No failure,0
3218,L50397,0,0.0025,99.8,Low,0,No failure,0
3219,L50398,0,0.0,100.0,Low,0,No failure,0
3220,M18079,0,0.0,100.0,Low,0,No failure,0
3221,M18080,0,0.0,100.0,Low,0,No failure,0
3222,L50401,0,0.0,100.0,Low,0,No failure,0
3223,M18082,0,0.0,100.0,Low,0,No failure,0
3224,H32637,0,0.0,100.0,Low,0,No failure,0
3225,M18084,0,0.0,100.0,Low,0,No failure,0
3226,L50405,0,0.0,100.0,Low,0,No failure,0
3227,L50406,0,0.0,100.0,Low,0,No failure,0
3228,M18087,0,0.0,100.0,Low,0,No failure,0
3229,L50408,0,0.0,100.0,Low,0,No failure,0
3230,L50409,0,0.0,100.0,Low,0,No failure,0
3231,L50410,0,0.0,100.0,Low,0,No failure,0
3232,L50411,0,0.0,100.0,Low,0,No failure,0
3233,L50412,0,0.0,100.0,Low,0,No failure,0
3234,H32647,0,0.0,100.0,Low,0,No failure,0
3235,L50414,0,0.0,100.0,Low,0,No failure,0
3236,L50415,0,0.0,100.0,Low,0,No failure,0
3237,M18096,1,0.2975,70.2,Low,0,Heat Dissipation Failure,0
3238,M18097,0,0.0,100.0,Low,0,No failure,0
3239,M18098,0,0.0,100.0,Low,0,No failure,0
3240,L50419,0,0.0,100.0,Low,0,No failure,0
3241,L50420,0,0.0,100.0,Low,0,No failure,0
3242,H32655,0,0.0,100.0,Low,0,No failure,0
3243,L50422,0,0.0,100.0,Low,0,No failure,0
3244,L50423,0,0.0,100.0,Low,0,No failure,0
3245,M18104,0,0.0,100.0,Low,0,No failure,0
3246,M18105,0,0.0,100.0,Low,0,No failure,0
3247,L50426,0,0.0,100.0,Low,0,No failure,0
3248,M18107,0,0.0,100.0,Low,0,No failure,0
3249,M18108,0,0.0,100.0,Low,0,No failure,0
3250,L50429,0,0.0025,99.8,Low,0,No failure,0
3251,H32664,0,0.0025,99.8,Low,0,No failure,0
3252,L50431,0,0.0,100.0,Low,0,No failure,0
3253,L50432,0,0.0,100.0,Low,0,No failure,0
3254,L50433,0,0.0,100.0,Low,0,No failure,0
3255,M18114,0,0.045,95.5,Low,0,No failure,0
3256,L50435,0,0.0,100.0,Low,0,No failure,0
3257,L50436,0,0.0,100.0,Low,0,No failure,0
3258,L50437,0,0.005,99.5,Low,0,No failure,0
3259,L50438,0,0.0,100.0,Low,0,No failure,0
3260,M18119,0,0.0,100.0,Low,0,No failure,0
3261,M18120,0,0.005,99.5,Low,0,No failure,0
3262,H32675,0,0.0,100.0,Low,0,No failure,0
3263,L50442,0,0.0,100.0,Low,0,No failure,0
3264,L50443,0,0.095,90.5,Low,0,No failure,0
3265,H32678,0,0.0,100.0,Low,0,No failure,0
3266,L50445,0,0.045,95.5,Low,0,No failure,0
3267,L50446,1,0.7275,27.2,High,1,Overstrain Failure,0
3268,L50447,0,0.0,100.0,Low,0,No failure,0
3269,M18128,0,0.0,100.0,Low,0,No failure,0
3270,M18129,0,0.0025,99.8,Low,0,No failure,0
3271,L50450,0,0.04,96.0,Low,0,No failure,0
3272,M18131,0,0.0525,94.8,Low,0,No failure,0
3273,M18132,0,0.0125,98.8,Low,0,No failure,0
3274,M18133,0,0.04,96.0,Low,0,No failure,0
3275,L50454,0,0.0,100.0,Low,0,No failure,0
3276,H32689,0,0.0,100.0,Low,0,No failure,0
3277,L50456,0,0.0,100.0,Low,0,No failure,0
3278,L50457,0,0.0,100.0,Low,0,No failure,0
3279,L50458,0,0.0,100.0,Low,0,No failure,0
3280,L50459,0,0.0,100.0,Low,0,No failure,0
3281,M18140,0,0.0,100.0,Low,0,No failure,0
3282,M18141,0,0.0,100.0,Low,0,No failure,0
3283,L50462,0,0.0,100.0,Low,0,No failure,0
3284,L50463,0,0.0,100.0,Low,0,No failure,0
3285,H32698,0,0.005,99.5,Low,0,No failure,0
3286,L50465,0,0.0,100.0,Low,0,No failure,0
3287,L50466,0,0.0,100.0,Low,0,No failure,0
3288,M18147,0,0.0,100.0,Low,0,No failure,0
3289,L50468,0,0.0,100.0,Low,0,No failure,0
3290,M18149,0,0.0175,98.2,Low,0,No failure,0
3291,L50470,0,0.0025,99.8,Low,0,No failure,0
3292,M18151,0,0.0,100.0,Low,0,No failure,0
3293,L50472,0,0.0025,99.8,Low,0,No failure,0
3294,M18153,0,0.0025,99.8,Low,0,No failure,0
3295,L50474,0,0.0,100.0,Low,0,No failure,0
3296,L50475,0,0.0,100.0,Low,0,No failure,0
3297,M18156,0,0.0,100.0,Low,0,No failure,0
3298,L50477,0,0.0,100.0,Low,0,No failure,0
3299,L50478,0,0.0,100.0,Low,0,No failure,0
3300,L50479,0,0.0,100.0,Low,0,No failure,0
3301,H32714,0,0.0,100.0,Low,0,No failure,0
3302,L50481,0,0.0025,99.8,Low,0,No failure,0
3303,L50482,0,0.0,100.0,Low,0,No failure,0
3304,L50483,0,0.0,100.0,Low,0,No failure,0
3305,L50484,0,0.0,100.0,Low,0,No failure,0
3306,M18165,0,0.0,100.0,Low,0,No failure,0
3307,L50486,0,0.0025,99.8,Low,0,No failure,0
3308,M18167,0,0.0,100.0,Low,0,No failure,0
3309,L50488,0,0.0,100.0,Low,0,No failure,0
3310,L50489,0,0.0,100.0,Low,0,No failure,0
3311,L50490,0,0.0,100.0,Low,0,No failure,0
3312,L50491,0,0.0,100.0,Low,0,No failure,0
3313,L50492,0,0.0,100.0,Low,0,No failure,0
3314,L50493,0,0.0,100.0,Low,0,No failure,0
3315,L50494,0,0.0,100.0,Low,0,No failure,0
3316,M18175,0,0.0,100.0,Low,0,No failure,0
3317,M18176,0,0.01,99.0,Low,0,No failure,0
3318,L50497,0,0.0,100.0,Low,0,No failure,0
3319,L50498,0,0.0,100.0,Low,0,No failure,0
3320,L50499,0,0.0,100.0,Low,0,No failure,0
3321,L50500,0,0.005,99.5,Low,0,No failure,0
3322,L50501,0,0.0,100.0,Low,0,No failure,0
3323,L50502,0,0.0025,99.8,Low,0,No failure,0
3324,L50503,0,0.0,100.0,Low,0,No failure,0
3325,L50504,0,0.0,100.0,Low,0,No failure,0
3326,L50505,0,0.0,100.0,Low,0,No failure,0
3327,L50506,0,0.0,100.0,Low,0,No failure,0
3328,M18187,0,0.0675,93.2,Low,0,No failure,0
3329,L50508,0,0.0,100.0,Low,0,No failure,0
3330,L50509,0,0.0,100.0,Low,0,No failure,0
3331,L50510,0,0.0,100.0,Low,0,No failure,0
3332,L50511,0,0.0025,99.8,Low,0,No failure,0
3333,M18192,0,0.0025,99.8,Low,0,No failure,0
3334,M18193,0,0.0075,99.2,Low,0,No failure,0
3335,M18194,0,0.0,100.0,Low,0,No failure,0
3336,L50515,0,0.0,100.0,Low,0,No failure,0
3337,L50516,0,0.0,100.0,Low,0,No failure,0
3338,L50517,0,0.0,100.0,Low,0,No failure,0
3339,M18198,0,0.0,100.0,Low,0,No failure,0
3340,L50519,0,0.0,100.0,Low,0,No failure,0
3341,M18200,0,0.0,100.0,Low,0,No failure,0
3342,H32755,0,0.0025,99.8,Low,0,No failure,0
3343,L50522,0,0.0,100.0,Low,0,No failure,0
3344,M18203,0,0.0,100.0,Low,0,No failure,0
3345,L50524,0,0.0,100.0,Low,0,No failure,0
3346,L50525,0,0.0,100.0,Low,0,No failure,0
3347,L50526,0,0.0,100.0,Low,0,No failure,0
3348,L50527,0,0.0,100.0,Low,0,No failure,0
3349,M18208,0,0.0,100.0,Low,0,No failure,0
3350,L50529,0,0.0,100.0,Low,0,No failure,0
3351,L50530,1,0.755,24.5,High,1,Overstrain Failure,0
3352,L50531,0,0.0,100.0,Low,0,No failure,0
3353,L50532,0,0.0,100.0,Low,0,No failure,0
3354,L50533,0,0.0,100.0,Low,0,No failure,0
3355,L50534,0,0.0,100.0,Low,0,No failure,0
3356,L50535,0,0.01,99.0,Low,0,No failure,0
3357,L50536,1,0.855,14.5,High,1,Overstrain Failure,0
3358,H32771,0,0.01,99.0,Low,0,No failure,0
3359,L50538,0,0.0025,99.8,Low,0,No failure,0
3360,L50539,0,0.005,99.5,Low,0,No failure,0
3361,L50540,0,0.08,92.0,Low,0,No failure,0
3362,L50541,0,0.04,96.0,Low,0,No failure,0
3363,L50542,0,0.055,94.5,Low,0,No failure,0
3364,L50543,0,0.0,100.0,Low,0,No failure,0
3365,L50544,0,0.0,100.0,Low,0,No failure,0
3366,M18225,0,0.0,100.0,Low,0,No failure,0
3367,M18226,0,0.0,100.0,Low,0,No failure,0
3368,H32781,0,0.0,100.0,Low,0,No failure,0
3369,L50548,0,0.02,98.0,Low,0,No failure,0
3370,L50549,1,0.97,3.0,High,1,Power Failure,0
3371,L50550,0,0.0,100.0,Low,0,No failure,0
3372,L50551,0,0.0,100.0,Low,0,No failure,0
3373,L50552,0,0.0,100.0,Low,0,No failure,0
3374,L50553,0,0.0,100.0,Low,0,No failure,0
3375,L50554,0,0.0,100.0,Low,0,No failure,0
3376,M18235,0,0.0,100.0,Low,0,No failure,0
3377,M18236,0,0.0025,99.8,Low,0,No failure,0
3378,H32791,0,0.0,100.0,Low,0,No failure,0
3379,L50558,0,0.0,100.0,Low,0,No failure,0
3380,M18239,0,0.0,100.0,Low,0,No failure,0
3381,L50560,0,0.0,100.0,Low,0,No failure,0
3382,L50561,0,0.0025,99.8,Low,0,No failure,0
3383,L50562,0,0.0,100.0,Low,0,No failure,0
3384,H32797,0,0.0,100.0,Low,0,No failure,0
3385,L50564,0,0.0,100.0,Low,0,No failure,0
3386,L50565,0,0.0,100.0,Low,0,No failure,0
3387,H32800,0,0.0,100.0,Low,0,No failure,0
3388,M18247,0,0.2525,74.8,Low,0,No failure,0
3389,M18248,0,0.0025,99.8,Low,0,No failure,0
3390,M18249,0,0.0,100.0,Low,0,No failure,0
3391,H32804,0,0.0,100.0,Low,0,No failure,0
3392,L50571,0,0.0,100.0,Low,0,No failure,0
3393,L50572,0,0.0,100.0,Low,0,No failure,0
3394,L50573,0,0.0,100.0,Low,0,No failure,0
3395,L50574,0,0.0,100.0,Low,0,No failure,0
3396,L50575,0,0.0,100.0,Low,0,No failure,0
3397,M18256,0,0.0,100.0,Low,0,No failure,0
3398,L50577,0,0.0,100.0,Low,0,No failure,0
3399,L50578,0,0.0,100.0,Low,0,No failure,0
3400,L50579,0,0.0,100.0,Low,0,No failure,0
3401,H32814,0,0.0,100.0,Low,0,No failure,0
3402,M18261,0,0.0,100.0,Low,0,No failure,0
3403,L50582,0,0.0025,99.8,Low,0,No failure,0
3404,L50583,0,0.0025,99.8,Low,0,No failure,0
3405,L50584,0,0.0,100.0,Low,0,No failure,0
3406,M18265,0,0.0,100.0,Low,0,No failure,0
3407,L50586,0,0.0,100.0,Low,0,No failure,0
3408,L50587,0,0.0,100.0,Low,0,No failure,0
3409,M18268,0,0.0,100.0,Low,0,No failure,0
3410,M18269,0,0.0,100.0,Low,0,No failure,0
3411,L50590,0,0.0,100.0,Low,0,No failure,0
3412,L50591,0,0.0,100.0,Low,0,No failure,0
3413,L50592,0,0.0125,98.8,Low,0,No failure,0
3414,L50593,0,0.0,100.0,Low,0,No failure,0
3415,L50594,0,0.0,100.0,Low,0,No failure,0
3416,L50595,0,0.0,100.0,Low,0,No failure,0
3417,L50596,0,0.0,100.0,Low,0,No failure,0
3418,L50597,0,0.0,100.0,Low,0,No failure,0
3419,H32832,0,0.0,100.0,Low,0,No failure,0
3420,L50599,0,0.0,100.0,Low,0,No failure,0
3421,L50600,0,0.0,100.0,Low,0,No failure,0
3422,M18281,0,0.0,100.0,Low,0,No failure,0
3423,L50602,0,0.0,100.0,Low,0,No failure,0
3424,L50603,0,0.0,100.0,Low,0,No failure,0
3425,L50604,0,0.0,100.0,Low,0,No failure,0
3426,M18285,0,0.0,100.0,Low,0,No failure,0
3427,L50606,0,0.0,100.0,Low,0,No failure,0
3428,L50607,0,0.0,100.0,Low,0,No failure,0
3429,L50608,0,0.0,100.0,Low,0,No failure,0
3430,H32843,0,0.0,100.0,Low,0,No failure,0
3431,H32844,0,0.0,100.0,Low,0,No failure,0
3432,L50611,0,0.0,100.0,Low,0,No failure,0
3433,M18292,0,0.005,99.5,Low,0,No failure,0
3434,M18293,0,0.005,99.5,Low,0,No failure,0
3435,M18294,0,0.0,100.0,Low,0,No failure,0
3436,L50615,0,0.04,96.0,Low,0,No failure,0
3437,L50616,0,0.0025,99.8,Low,0,No failure,0
3438,L50617,0,0.0075,99.2,Low,0,No failure,0
3439,L50618,0,0.0,100.0,Low,0,No failure,0
3440,L50619,0,0.0,100.0,Low,0,No failure,0
3441,L50620,0,0.0,100.0,Low,0,No failure,0
3442,L50621,0,0.0,100.0,Low,0,No failure,0
3443,M18302,0,0.03,97.0,Low,0,No failure,0
3444,L50623,0,0.0,100.0,Low,0,No failure,0
3445,L50624,0,0.1175,88.2,Low,0,No failure,0
3446,M18305,0,0.0025,99.8,Low,0,No failure,0
3447,H32860,0,0.0825,91.8,Low,0,No failure,0
3448,L50627,0,0.0275,97.2,Low,0,No failure,0
3449,L50628,0,0.0175,98.2,Low,0,No failure,0
3450,L50629,0,0.02,98.0,Low,0,No failure,0
3451,L50630,0,0.0075,99.2,Low,0,No failure,0
3452,L50631,0,0.0,100.0,Low,0,No failure,0
3453,H32866,0,0.0025,99.8,Low,0,Random Failure,1
3454,L50633,0,0.0,100.0,Low,0,No failure,0
3455,L50634,0,0.0,100.0,Low,0,No failure,0
3456,H32869,0,0.0,100.0,Low,0,No failure,0
3457,H32870,0,0.0,100.0,Low,0,No failure,0
3458,M18317,1,0.955,4.5,High,1,Power Failure,0
3459,L50638,0,0.0075,99.2,Low,0,No failure,0
3460,L50639,0,0.0225,97.8,Low,0,No failure,0
3461,L50640,0,0.0,100.0,Low,0,No failure,0
3462,H32875,0,0.0475,95.2,Low,0,No failure,0
3463,H32876,0,0.0,100.0,Low,0,No failure,0
3464,L50643,0,0.0,100.0,Low,0,No failure,0
3465,L50644,0,0.06,94.0,Low,0,No failure,0
3466,M18325,0,0.0,100.0,Low,0,No failure,0
3467,L50646,0,0.0075,99.2,Low,0,No failure,0
3468,L50647,0,0.0,100.0,Low,0,No failure,0
3469,L50648,0,0.0,100.0,Low,0,No failure,0
3470,M18329,0,0.0,100.0,Low,0,No failure,0
3471,L50650,0,0.0,100.0,Low,0,No failure,0
3472,L50651,0,0.0,100.0,Low,0,No failure,0
3473,L50652,0,0.0,100.0,Low,0,No failure,0
3474,M18333,0,0.0,100.0,Low,0,No failure,0
3475,M18334,0,0.0,100.0,Low,0,No failure,0
3476,L50655,0,0.0,100.0,Low,0,No failure,0
3477,L50656,0,0.0,100.0,Low,0,No failure,0
3478,L50657,0,0.0,100.0,Low,0,No failure,0
3479,L50658,0,0.0,100.0,Low,0,No failure,0
3480,M18339,0,0.0,100.0,Low,0,No failure,0
3481,L50660,0,0.0275,97.2,Low,0,No failure,0
3482,L50661,0,0.0,100.0,Low,0,No failure,0
3483,L50662,0,0.0,100.0,Low,0,No failure,0
3484,H32897,0,0.0,100.0,Low,0,No failure,0
3485,L50664,0,0.0,100.0,Low,0,No failure,0
3486,L50665,0,0.0,100.0,Low,0,No failure,0
3487,L50666,0,0.0,100.0,Low,0,No failure,0
3488,M18347,0,0.0,100.0,Low,0,No failure,0
3489,L50668,0,0.005,99.5,Low,0,No failure,0
3490,L50669,0,0.0,100.0,Low,0,No failure,0
3491,M18350,0,0.0,100.0,Low,0,No failure,0
3492,H32905,0,0.0,100.0,Low,0,No failure,0
3493,H32906,0,0.06,94.0,Low,0,No failure,0
3494,M18353,0,0.0,100.0,Low,0,No failure,0
3495,L50674,0,0.0025,99.8,Low,0,No failure,0
3496,M18355,0,0.0,100.0,Low,0,No failure,0
3497,L50676,0,0.0025,99.8,Low,0,No failure,0
3498,L50677,0,0.0,100.0,Low,0,No failure,0
3499,L50678,0,0.0025,99.8,Low,0,No failure,0
3500,L50679,0,0.0,100.0,Low,0,No failure,0
3501,H32914,0,0.0025,99.8,Low,0,No failure,0
3502,H32915,0,0.0575,94.2,Low,0,No failure,0
3503,M18362,0,0.0025,99.8,Low,0,No failure,0
3504,L50683,0,0.0,100.0,Low,0,No failure,0
3505,M18364,0,0.0,100.0,Low,0,No failure,0
3506,L50685,0,0.0,100.0,Low,0,No failure,0
3507,H32920,0,0.0,100.0,Low,0,No failure,0
3508,M18367,0,0.0,100.0,Low,0,No failure,0
3509,L50688,0,0.0,100.0,Low,0,No failure,0
3510,L50689,0,0.0,100.0,Low,0,No failure,0
3511,L50690,0,0.0,100.0,Low,0,No failure,0
3512,L50691,0,0.0,100.0,Low,0,No failure,0
3513,M18372,0,0.0,100.0,Low,0,No failure,0
3514,M18373,0,0.0,100.0,Low,0,No failure,0
3515,H32928,0,0.0,100.0,Low,0,No failure,0
3516,M18375,0,0.0,100.0,Low,0,No failure,0
3517,L50696,0,0.0,100.0,Low,0,No failure,0
3518,L50697,0,0.0,100.0,Low,0,No failure,0
3519,L50698,0,0.015,98.5,Low,0,No failure,0
3520,M18379,0,0.0025,99.8,Low,0,No failure,0
3521,L50700,0,0.0,100.0,Low,0,No failure,0
3522,L50701,0,0.0,100.0,Low,0,No failure,0
3523,L50702,0,0.0,100.0,Low,0,No failure,0
3524,L50703,0,0.0,100.0,Low,0,No failure,0
3525,M18384,0,0.0325,96.8,Low,0,No failure,0
3526,L50705,0,0.0025,99.8,Low,0,No failure,0
3527,H32940,0,0.0225,97.8,Low,0,No failure,0
3528,M18387,0,0.015,98.5,Low,0,No failure,0
3529,L50708,1,0.8475,15.2,High,1,Overstrain Failure,0
3530,L50709,1,0.045,95.5,Low,0,Tool Wear Failure,0
3531,M18390,0,0.0,100.0,Low,0,No failure,0
3532,M18391,0,0.0,100.0,Low,0,No failure,0
3533,L50712,0,0.0,100.0,Low,0,No failure,0
3534,L50713,0,0.0,100.0,Low,0,No failure,0
3535,M18394,0,0.0,100.0,Low,0,No failure,0
3536,H32949,0,0.0,100.0,Low,0,No failure,0
3537,L50716,0,0.0,100.0,Low,0,No failure,0
3538,M18397,0,0.0,100.0,Low,0,No failure,0
3539,L50718,0,0.0,100.0,Low,0,No failure,0
3540,L50719,0,0.0,100.0,Low,0,No failure,0
3541,L50720,0,0.0,100.0,Low,0,No failure,0
3542,L50721,0,0.0,100.0,Low,0,No failure,0
3543,L50722,0,0.0,100.0,Low,0,No failure,0
3544,L50723,0,0.0,100.0,Low,0,No failure,0
3545,M18404,0,0.0,100.0,Low,0,No failure,0
3546,L50725,0,0.0,100.0,Low,0,No failure,0
3547,M18406,0,0.005,99.5,Low,0,No failure,0
3548,M18407,0,0.0,100.0,Low,0,No failure,0
3549,L50728,0,0.0,100.0,Low,0,No failure,0
3550,M18409,0,0.01,99.0,Low,0,No failure,0
3551,M18410,0,0.0,100.0,Low,0,No failure,0
3552,L50731,0,0.0,100.0,Low,0,No failure,0
3553,M18412,0,0.0025,99.8,Low,0,No failure,0
3554,M18413,0,0.0,100.0,Low,0,No failure,0
3555,L50734,0,0.0,100.0,Low,0,No failure,0
3556,L50735,0,0.0,100.0,Low,0,No failure,0
3557,L50736,0,0.0,100.0,Low,0,No failure,0
3558,M18417,0,0.0175,98.2,Low,0,No failure,0
3559,L50738,0,0.0,100.0,Low,0,No failure,0
3560,M18419,0,0.0,100.0,Low,0,No failure,0
3561,L50740,0,0.0,100.0,Low,0,No failure,0
3562,L50741,0,0.0,100.0,Low,0,No failure,0
3563,L50742,0,0.0,100.0,Low,0,No failure,0
3564,M18423,0,0.0,100.0,Low,0,No failure,0
3565,M18424,0,0.0,100.0,Low,0,No failure,0
3566,M18425,0,0.0,100.0,Low,0,No failure,0
3567,L50746,0,0.0925,90.8,Low,0,No failure,0
3568,L50747,0,0.0,100.0,Low,0,No failure,0
3569,L50748,0,0.0475,95.2,Low,0,No failure,0
3570,M18429,0,0.0,100.0,Low,0,No failure,0
3571,H32984,0,0.0,100.0,Low,0,No failure,0
3572,M18431,0,0.0,100.0,Low,0,No failure,0
3573,L50752,0,0.0,100.0,Low,0,No failure,0
3574,L50753,0,0.0,100.0,Low,0,No failure,0
3575,L50754,0,0.0075,99.2,Low,0,No failure,0
3576,L50755,0,0.0,100.0,Low,0,No failure,0
3577,L50756,0,0.0,100.0,Low,0,No failure,0
3578,M18437,0,0.0,100.0,Low,0,No failure,0
3579,M18438,0,0.0,100.0,Low,0,No failure,0
3580,L50759,1,0.945,5.5,High,1,Power Failure,0
3581,L50760,0,0.0,100.0,Low,0,No failure,0
3582,M18441,0,0.0,100.0,Low,0,No failure,0
3583,L50762,0,0.0,100.0,Low,0,No failure,0
3584,L50763,0,0.0,100.0,Low,0,No failure,0
3585,L50764,0,0.125,87.5,Low,0,No failure,0
3586,L50765,0,0.0,100.0,Low,0,No failure,0
3587,L50766,0,0.0,100.0,Low,0,No failure,0
3588,H33001,0,0.0,100.0,Low,0,No failure,0
3589,M18448,0,0.0,100.0,Low,0,No failure,0
3590,L50769,0,0.1075,89.2,Low,0,No failure,0
3591,L50770,0,0.005,99.5,Low,0,No failure,0
3592,M18451,0,0.0,100.0,Low,0,No failure,0
3593,H33006,0,0.0025,99.8,Low,0,No failure,0
3594,M18453,0,0.005,99.5,Low,0,No failure,0
3595,M18454,0,0.0025,99.8,Low,0,No failure,0
3596,L50775,0,0.0,100.0,Low,0,No failure,0
3597,L50776,0,0.0175,98.2,Low,0,No failure,0
3598,M18457,0,0.0,100.0,Low,0,No failure,0
3599,L50778,0,0.0,100.0,Low,0,No failure,0
3600,H33013,0,0.0025,99.8,Low,0,No failure,0
3601,L50780,0,0.0,100.0,Low,0,No failure,0
3602,L50781,0,0.0075,99.2,Low,0,No failure,0
3603,M18462,0,0.0025,99.8,Low,0,No failure,0
3604,L50783,0,0.0,100.0,Low,0,No failure,0
3605,L50784,0,0.0,100.0,Low,0,No failure,0
3606,L50785,0,0.0,100.0,Low,0,No failure,0
3607,L50786,0,0.1325,86.8,Low,0,No failure,0
3608,L50787,0,0.0,100.0,Low,0,No failure,0
3609,M18468,0,0.0,100.0,Low,0,No failure,0
3610,M18469,0,0.0,100.0,Low,0,No failure,0
3611,M18470,0,0.0075,99.2,Low,0,No failure,0
3612,L50791,1,0.705,29.5,High,1,Multiple causes,0
3613,L50792,0,0.0,100.0,Low,0,No failure,0
3614,L50793,0,0.0,100.0,Low,0,No failure,0
3615,L50794,0,0.0,100.0,Low,0,No failure,0
3616,M18475,0,0.0,100.0,Low,0,No failure,0
3617,M18476,0,0.0,100.0,Low,0,No failure,0
3618,L50797,0,0.0,100.0,Low,0,No failure,0
3619,L50798,0,0.0,100.0,Low,0,No failure,0
3620,L50799,0,0.0,100.0,Low,0,No failure,0
3621,H33034,0,0.0,100.0,Low,0,No failure,0
3622,L50801,0,0.0,100.0,Low,0,No failure,0
3623,L50802,0,0.0,100.0,Low,0,No failure,0
3624,M18483,0,0.0,100.0,Low,0,No failure,0
3625,M18484,0,0.0,100.0,Low,0,No failure,0
3626,M18485,0,0.0,100.0,Low,0,No failure,0
3627,M18486,0,0.0,100.0,Low,0,No failure,0
3628,L50807,0,0.0,100.0,Low,0,No failure,0
3629,L50808,0,0.0,100.0,Low,0,No failure,0
3630,L50809,0,0.0,100.0,Low,0,No failure,0
3631,L50810,0,0.0,100.0,Low,0,No failure,0
3632,M18491,0,0.0,100.0,Low,0,No failure,0
3633,L50812,0,0.0,100.0,Low,0,No failure,0
3634,M18493,0,0.0,100.0,Low,0,No failure,0
3635,L50814,0,0.0,100.0,Low,0,No failure,0
3636,M18495,0,0.0,100.0,Low,0,No failure,0
3637,L50816,0,0.0,100.0,Low,0,No failure,0
3638,M18497,0,0.0,100.0,Low,0,No failure,0
3639,M18498,0,0.0,100.0,Low,0,No failure,0
3640,L50819,0,0.0,100.0,Low,0,No failure,0
3641,H33054,0,0.0,100.0,Low,0,No failure,0
3642,L50821,0,0.0,100.0,Low,0,No failure,0
3643,L50822,0,0.01,99.0,Low,0,No failure,0
3644,L50823,0,0.0,100.0,Low,0,No failure,0
3645,L50824,0,0.0,100.0,Low,0,No failure,0
3646,L50825,0,0.0,100.0,Low,0,No failure,0
3647,M18506,0,0.0,100.0,Low,0,No failure,0
3648,L50827,0,0.0,100.0,Low,0,No failure,0
3649,M18508,0,0.0,100.0,Low,0,No failure,0
3650,L50829,0,0.0,100.0,Low,0,No failure,0
3651,L50830,0,0.0025,99.8,Low,0,No failure,0
3652,L50831,0,0.0,100.0,Low,0,No failure,0
3653,M18512,0,0.0,100.0,Low,0,No failure,0
3654,L50833,0,0.0,100.0,Low,0,No failure,0
3655,L50834,0,0.0,100.0,Low,0,No failure,0
3656,L50835,0,0.0,100.0,Low,0,No failure,0
3657,M18516,0,0.0025,99.8,Low,0,No failure,0
3658,L50837,0,0.0,100.0,Low,0,No failure,0
3659,M18518,0,0.0,100.0,Low,0,No failure,0
3660,M18519,0,0.0,100.0,Low,0,No failure,0
3661,L50840,0,0.0,100.0,Low,0,No failure,0
3662,M18521,0,0.0,100.0,Low,0,No failure,0
3663,M18522,0,0.0,100.0,Low,0,No failure,0
3664,M18523,0,0.0,100.0,Low,0,No failure,0
3665,M18524,0,0.0,100.0,Low,0,No failure,0
3666,M18525,0,0.0025,99.8,Low,0,No failure,0
3667,M18526,0,0.0,100.0,Low,0,No failure,0
3668,L50847,0,0.0,100.0,Low,0,No failure,0
3669,L50848,0,0.0,100.0,Low,0,No failure,0
3670,L50849,0,0.0,100.0,Low,0,No failure,0
3671,L50850,0,0.0,100.0,Low,0,No failure,0
3672,M18531,0,0.0,100.0,Low,0,No failure,0
3673,L50852,0,0.0,100.0,Low,0,No failure,0
3674,H33087,0,0.0,100.0,Low,0,No failure,0
3675,L50854,0,0.0025,99.8,Low,0,No failure,0
3676,M18535,0,0.0,100.0,Low,0,No failure,0
3677,M18536,0,0.0,100.0,Low,0,No failure,0
3678,M18537,0,0.0,100.0,Low,0,No failure,0
3679,L50858,0,0.0,100.0,Low,0,No failure,0
3680,L50859,0,0.0,100.0,Low,0,No failure,0
3681,L50860,0,0.0,100.0,Low,0,No failure,0
3682,M18541,0,0.0,100.0,Low,0,No failure,0
3683,L50862,0,0.0,100.0,Low,0,No failure,0
3684,M18543,0,0.0,100.0,Low,0,No failure,0
3685,L50864,1,0.8175,18.2,High,1,Overstrain Failure,0
3686,M18545,0,0.0075,99.2,Low,0,No failure,0
3687,L50866,0,0.0025,99.8,Low,0,No failure,0
3688,M18547,0,0.0,100.0,Low,0,No failure,0
3689,L50868,0,0.0,100.0,Low,0,No failure,0
3690,L50869,0,0.0,100.0,Low,0,No failure,0
3691,L50870,0,0.0025,99.8,Low,0,No failure,0
3692,L50871,0,0.0025,99.8,Low,0,No failure,0
3693,L50872,0,0.0025,99.8,Low,0,No failure,0
3694,L50873,0,0.0175,98.2,Low,0,No failure,0
3695,M18554,0,0.0025,99.8,Low,0,No failure,0
3696,L50875,1,0.645,35.5,High,1,Tool Wear Failure,0
3697,L50876,0,0.0,100.0,Low,0,No failure,0
3698,L50877,0,0.0,100.0,Low,0,No failure,0
3699,H33112,0,0.0,100.0,Low,0,No failure,0
3700,L50879,0,0.0,100.0,Low,0,No failure,0
3701,L50880,0,0.0,100.0,Low,0,No failure,0
3702,L50881,0,0.0,100.0,Low,0,No failure,0
3703,L50882,0,0.0,100.0,Low,0,No failure,0
3704,M18563,0,0.0025,99.8,Low,0,No failure,0
3705,M18564,0,0.0,100.0,Low,0,No failure,0
3706,M18565,0,0.0,100.0,Low,0,No failure,0
3707,L50886,0,0.0,100.0,Low,0,No failure,0
3708,M18567,0,0.0,100.0,Low,0,No failure,0
3709,L50888,0,0.0,100.0,Low,0,No failure,0
3710,L50889,0,0.0,100.0,Low,0,No failure,0
3711,L50890,0,0.0,100.0,Low,0,No failure,0
3712,L50891,0,0.0,100.0,Low,0,No failure,0
3713,L50892,0,0.0,100.0,Low,0,No failure,0
3714,L50893,0,0.0,100.0,Low,0,No failure,0
3715,M18574,0,0.0,100.0,Low,0,No failure,0
3716,M18575,0,0.0,100.0,Low,0,No failure,0
3717,L50896,0,0.0,100.0,Low,0,No failure,0
3718,H33131,0,0.0,100.0,Low,0,No failure,0
3719,L50898,0,0.0,100.0,Low,0,No failure,0
3720,L50899,0,0.0,100.0,Low,0,No failure,0
3721,M18580,0,0.0,100.0,Low,0,No failure,0
3722,M18581,0,0.0,100.0,Low,0,No failure,0
3723,L50902,0,0.0,100.0,Low,0,No failure,0
3724,L50903,0,0.0,100.0,Low,0,No failure,0
3725,M18584,0,0.0,100.0,Low,0,No failure,0
3726,H33139,0,0.0,100.0,Low,0,No failure,0
3727,M18586,0,0.0,100.0,Low,0,No failure,0
3728,L50907,0,0.0,100.0,Low,0,No failure,0
3729,L50908,0,0.0,100.0,Low,0,No failure,0
3730,M18589,0,0.1575,84.2,Low,0,No failure,0
3731,M18590,0,0.0,100.0,Low,0,No failure,0
3732,M18591,0,0.015,98.5,Low,0,No failure,0
3733,M18592,0,0.0125,98.8,Low,0,No failure,0
3734,L50913,0,0.0,100.0,Low,0,No failure,0
3735,M18594,0,0.0,100.0,Low,0,No failure,0
3736,M18595,0,0.045,95.5,Low,0,No failure,0
3737,H33150,0,0.0025,99.8,Low,0,No failure,0
3738,L50917,0,0.0125,98.8,Low,0,No failure,0
3739,M18598,0,0.0,100.0,Low,0,No failure,0
3740,M18599,0,0.0,100.0,Low,0,No failure,0
3741,L50920,0,0.0,100.0,Low,0,No failure,0
3742,L50921,0,0.0,100.0,Low,0,No failure,0
3743,L50922,0,0.0,100.0,Low,0,No failure,0
3744,L50923,0,0.0,100.0,Low,0,No failure,0
3745,L50924,0,0.0025,99.8,Low,0,No failure,0
3746,L50925,0,0.0,100.0,Low,0,No failure,0
3747,H33160,0,0.0,100.0,Low,0,No failure,0
3748,L50927,0,0.0,100.0,Low,0,No failure,0
3749,L50928,0,0.0,100.0,Low,0,No failure,0
3750,L50929,0,0.0,100.0,Low,0,No failure,0
3751,L50930,0,0.0025,99.8,Low,0,No failure,0
3752,L50931,0,0.0,100.0,Low,0,No failure,0
3753,H33166,0,0.0,100.0,Low,0,No failure,0
3754,L50933,0,0.0,100.0,Low,0,No failure,0
3755,L50934,0,0.0,100.0,Low,0,No failure,0
3756,L50935,0,0.0125,98.8,Low,0,No failure,0
3757,L50936,0,0.0,100.0,Low,0,No failure,0
3758,M18617,0,0.0,100.0,Low,0,No failure,0
3759,M18618,0,0.0,100.0,Low,0,No failure,0
3760,L50939,0,0.0,100.0,Low,0,No failure,0
3761,L50940,1,0.85,15.0,High,1,Heat Dissipation Failure,0
3762,M18621,0,0.0,100.0,Low,0,No failure,0
3763,M18622,0,0.0,100.0,Low,0,No failure,0
3764,L50943,0,0.0,100.0,Low,0,No failure,0
3765,L50944,0,0.18,82.0,Low,0,No failure,0
3766,M18625,0,0.0,100.0,Low,0,No failure,0
3767,L50946,0,0.03,97.0,Low,0,No failure,0
3768,L50947,0,0.0,100.0,Low,0,No failure,0
3769,L50948,0,0.0,100.0,Low,0,No failure,0
3770,M18629,0,0.005,99.5,Low,0,No failure,0
3771,L50950,0,0.0,100.0,Low,0,No failure,0
3772,M18631,0,0.005,99.5,Low,0,No failure,0
3773,L50952,0,0.0,100.0,Low,0,No failure,0
3774,M18633,0,0.0025,99.8,Low,0,No failure,0
3775,M18634,0,0.0,100.0,Low,0,No failure,0
3776,H33189,0,0.0075,99.2,Low,0,No failure,0
3777,L50956,0,0.0675,93.2,Low,0,No failure,0
3778,M18637,0,0.0125,98.8,Low,0,No failure,0
3779,M18638,0,0.0825,91.8,Low,0,No failure,0
3780,L50959,0,0.0,100.0,Low,0,No failure,0
3781,L50960,0,0.0,100.0,Low,0,No failure,0
3782,L50961,0,0.0,100.0,Low,0,No failure,0
3783,L50962,0,0.0,100.0,Low,0,No failure,0
3784,H33197,0,0.005,99.5,Low,0,No failure,0
3785,L50964,0,0.0,100.0,Low,0,No failure,0
3786,L50965,0,0.0,100.0,Low,0,No failure,0
3787,L50966,0,0.0,100.0,Low,0,No failure,0
3788,L50967,1,0.9025,9.8,High,1,Heat Dissipation Failure,0
3789,L50968,0,0.0,100.0,Low,0,No failure,0
3790,L50969,0,0.0,100.0,Low,0,No failure,0
3791,L50970,0,0.0025,99.8,Low,0,No failure,0
3792,L50971,0,0.0,100.0,Low,0,No failure,0
3793,L50972,0,0.0,100.0,Low,0,No failure,0
3794,L50973,1,0.87,13.0,High,1,Heat Dissipation Failure,0
3795,M18654,0,0.8725,12.7,High,1,No failure,0
3796,M18655,0,0.0,100.0,Low,0,No failure,0
3797,M18656,0,0.0,100.0,Low,0,No failure,0
3798,L50977,0,0.0,100.0,Low,0,No failure,0
3799,L50978,0,0.0,100.0,Low,0,No failure,0
3800,L50979,0,0.0,100.0,Low,0,No failure,0
3801,M18660,0,0.0,100.0,Low,0,No failure,0
3802,M18661,0,0.0,100.0,Low,0,No failure,0
3803,M18662,0,0.0,100.0,Low,0,No failure,0
3804,L50983,0,0.0,100.0,Low,0,No failure,0
3805,L50984,0,0.0,100.0,Low,0,No failure,0
3806,M18665,0,0.0,100.0,Low,0,No failure,0
3807,M18666,1,0.8675,13.2,High,1,Heat Dissipation Failure,0
3808,M18667,0,0.0,100.0,Low,0,No failure,0
3809,M18668,0,0.0,100.0,Low,0,No failure,0
3810,L50989,0,0.61,39.0,High,1,No failure,0
3811,M18670,0,0.0,100.0,Low,0,No failure,0
3812,M18671,0,0.0025,99.8,Low,0,No failure,0
3813,L50992,0,0.0075,99.2,Low,0,No failure,0
3814,L50993,0,0.0,100.0,Low,0,No failure,0
3815,M18674,1,0.9475,5.2,High,1,Heat Dissipation Failure,0
3816,L50995,0,0.0,100.0,Low,0,No failure,0
3817,L50996,0,0.0,100.0,Low,0,No failure,0
3818,M18677,0,0.0075,99.2,Low,0,No failure,0
3819,L50998,0,0.0,100.0,Low,0,No failure,0
3820,L50999,0,0.0,100.0,Low,0,No failure,0
3821,L51000,0,0.0,100.0,Low,0,No failure,0
3822,L51001,0,0.0,100.0,Low,0,No failure,0
3823,M18682,0,0.0,100.0,Low,0,No failure,0
3824,M18683,0,0.0,100.0,Low,0,No failure,0
3825,L51004,0,0.0025,99.8,Low,0,No failure,0
3826,H33239,0,0.0,100.0,Low,0,No failure,0
3827,H33240,0,0.0,100.0,Low,0,No failure,0
3828,M18687,0,0.0,100.0,Low,0,No failure,0
3829,M18688,0,0.0,100.0,Low,0,No failure,0
3830,H33243,1,0.9225,7.8,High,1,Heat Dissipation Failure,0
3831,L51010,0,0.0,100.0,Low,0,No failure,0
3832,M18691,0,0.0,100.0,Low,0,No failure,0
3833,M18692,0,0.0,100.0,Low,0,No failure,0
3834,M18693,0,0.0,100.0,Low,0,No failure,0
3835,M18694,0,0.0375,96.2,Low,0,No failure,0
3836,M18695,0,0.0,100.0,Low,0,No failure,0
3837,L51016,0,0.0,100.0,Low,0,No failure,0
3838,L51017,0,0.0025,99.8,Low,0,No failure,0
3839,L51018,0,0.0,100.0,Low,0,No failure,0
3840,M18699,0,0.0,100.0,Low,0,No failure,0
3841,L51020,0,0.0,100.0,Low,0,No failure,0
3842,L51021,0,0.0,100.0,Low,0,No failure,0
3843,L51022,0,0.0,100.0,Low,0,No failure,0
3844,L51023,0,0.155,84.5,Low,0,No failure,0
3845,L51024,0,0.0,100.0,Low,0,No failure,0
3846,L51025,0,0.0,100.0,Low,0,No failure,0
3847,L51026,0,0.005,99.5,Low,0,No failure,0
3848,M18707,0,0.0,100.0,Low,0,No failure,0
3849,L51028,0,0.0025,99.8,Low,0,No failure,0
3850,L51029,0,0.0,100.0,Low,0,No failure,0
3851,M18710,0,0.0,100.0,Low,0,No failure,0
3852,H33265,0,0.0025,99.8,Low,0,No failure,0
3853,L51032,0,0.005,99.5,Low,0,No failure,0
3854,L51033,0,0.0,100.0,Low,0,No failure,0
3855,L51034,1,0.575,42.5,Medium,1,Multiple causes,0
3856,H33269,0,0.0,100.0,Low,0,No failure,0
3857,M18716,0,0.1,90.0,Low,0,No failure,0
3858,H33271,0,0.005,99.5,Low,0,No failure,0
3859,L51038,0,0.0675,93.2,Low,0,No failure,0
3860,L51039,0,0.1025,89.8,Low,0,No failure,0
3861,L51040,0,0.0575,94.2,Low,0,No failure,0
3862,M18721,0,0.0125,98.8,Low,0,No failure,0
3863,H33276,0,0.015,98.5,Low,0,No failure,0
3864,L51043,0,0.1275,87.2,Low,0,No failure,0
3865,M18724,0,0.1,90.0,Low,0,No failure,0
3866,H33279,1,0.63,37.0,High,1,Tool Wear Failure,0
3867,L51046,0,0.045,95.5,Low,0,No failure,0
3868,M18727,1,0.93,7.0,High,1,Power Failure,0
3869,M18728,0,0.0,100.0,Low,0,No failure,0
3870,L51049,0,0.0,100.0,Low,0,No failure,0
3871,L51050,0,0.0,100.0,Low,0,No failure,0
3872,M18731,0,0.0,100.0,Low,0,No failure,0
3873,L51052,0,0.0,100.0,Low,0,No failure,0
3874,L51053,0,0.0,100.0,Low,0,No failure,0
3875,L51054,0,0.055,94.5,Low,0,No failure,0
3876,L51055,0,0.0,100.0,Low,0,No failure,0
3877,L51056,0,0.0,100.0,Low,0,No failure,0
3878,H33291,0,0.0,100.0,Low,0,No failure,0
3879,L51058,0,0.0,100.0,Low,0,No failure,0
3880,M18739,0,0.0,100.0,Low,0,No failure,0
3881,L51060,0,0.0,100.0,Low,0,No failure,0
3882,L51061,0,0.0,100.0,Low,0,No failure,0
3883,L51062,0,0.0,100.0,Low,0,No failure,0
3884,M18743,0,0.0,100.0,Low,0,No failure,0
3885,H33298,0,0.0025,99.8,Low,0,No failure,0
3886,L51065,0,0.0,100.0,Low,0,No failure,0
3887,L51066,0,0.0,100.0,Low,0,No failure,0
3888,L51067,0,0.0,100.0,Low,0,No failure,0
3889,L51068,0,0.0,100.0,Low,0,No failure,0
3890,L51069,0,0.0025,99.8,Low,0,No failure,0
3891,L51070,0,0.0025,99.8,Low,0,No failure,0
3892,L51071,0,0.0,100.0,Low,0,No failure,0
3893,M18752,0,0.015,98.5,Low,0,No failure,0
3894,L51073,0,0.0,100.0,Low,0,No failure,0
3895,M18754,0,0.0,100.0,Low,0,No failure,0
3896,M18755,0,0.0,100.0,Low,0,No failure,0
3897,M18756,0,0.0,100.0,Low,0,No failure,0
3898,M18757,0,0.0,100.0,Low,0,No failure,0
3899,M18758,0,0.0,100.0,Low,0,No failure,0
3900,M18759,0,0.0,100.0,Low,0,No failure,0
3901,M18760,0,0.0,100.0,Low,0,No failure,0
3902,H33315,0,0.0,100.0,Low,0,No failure,0
3903,L51082,0,0.0,100.0,Low,0,No failure,0
3904,H33317,0,0.0,100.0,Low,0,No failure,0
3905,H33318,0,0.0,100.0,Low,0,No failure,0
3906,M18765,0,0.0,100.0,Low,0,No failure,0
3907,L51086,0,0.1125,88.8,Low,0,No failure,0
3908,M18767,0,0.0,100.0,Low,0,No failure,0
3909,L51088,0,0.0,100.0,Low,0,No failure,0
3910,H33323,0,0.0,100.0,Low,0,No failure,0
3911,L51090,0,0.0,100.0,Low,0,No failure,0
3912,M18771,0,0.0075,99.2,Low,0,No failure,0
3913,L51092,0,0.0,100.0,Low,0,No failure,0
3914,M18773,0,0.0,100.0,Low,0,No failure,0
3915,L51094,0,0.0,100.0,Low,0,No failure,0
3916,L51095,0,0.0,100.0,Low,0,No failure,0
3917,L51096,0,0.005,99.5,Low,0,No failure,0
3918,L51097,0,0.0,100.0,Low,0,No failure,0
3919,M18778,0,0.01,99.0,Low,0,No failure,0
3920,H33333,0,0.0,100.0,Low,0,No failure,0
3921,L51100,0,0.0025,99.8,Low,0,No failure,0
3922,L51101,0,0.0025,99.8,Low,0,No failure,0
3923,M18782,0,0.0,100.0,Low,0,No failure,0
3924,M18783,0,0.0,100.0,Low,0,No failure,0
3925,M18784,0,0.0,100.0,Low,0,No failure,0
3926,L51105,0,0.0,100.0,Low,0,No failure,0
3927,L51106,0,0.0025,99.8,Low,0,No failure,0
3928,H33341,0,0.005,99.5,Low,0,No failure,0
3929,L51108,1,0.6675,33.2,High,1,Power Failure,0
3930,M18789,0,0.0025,99.8,Low,0,No failure,0
3931,M18790,0,0.0025,99.8,Low,0,No failure,0
3932,M18791,0,0.0,100.0,Low,0,No failure,0
3933,L51112,0,0.0,100.0,Low,0,No failure,0
3934,L51113,0,0.0,100.0,Low,0,No failure,0
3935,M18794,0,0.0025,99.8,Low,0,No failure,0
3936,M18795,1,0.785,21.5,High,1,Overstrain Failure,0
3937,L51116,0,0.0,100.0,Low,0,No failure,0
3938,L51117,0,0.0,100.0,Low,0,No failure,0
3939,L51118,0,0.0,100.0,Low,0,No failure,0
3940,L51119,0,0.04,96.0,Low,0,No failure,0
3941,L51120,0,0.055,94.5,Low,0,No failure,0
3942,L51121,0,0.0125,98.8,Low,0,No failure,0
3943,M18802,0,0.0125,98.8,Low,0,No failure,0
3944,L51123,1,0.9425,5.8,High,1,Multiple causes,0
3945,L51124,0,0.0825,91.8,Low,0,No failure,0
3946,L51125,0,0.0,100.0,Low,0,No failure,0
3947,M18806,0,0.0,100.0,Low,0,No failure,0
3948,H33361,0,0.0,100.0,Low,0,No failure,0
3949,M18808,0,0.0,100.0,Low,0,No failure,0
3950,L51129,0,0.0,100.0,Low,0,No failure,0
3951,L51130,0,0.0,100.0,Low,0,No failure,0
3952,M18811,0,0.0,100.0,Low,0,No failure,0
3953,L51132,0,0.0,100.0,Low,0,No failure,0
3954,M18813,0,0.0,100.0,Low,0,No failure,0
3955,M18814,0,0.0,100.0,Low,0,No failure,0
3956,L51135,0,0.0,100.0,Low,0,No failure,0
3957,M18816,0,0.0,100.0,Low,0,No failure,0
3958,L51137,0,0.0,100.0,Low,0,No failure,0
3959,L51138,0,0.02,98.0,Low,0,No failure,0
3960,M18819,0,0.0,100.0,Low,0,No failure,0
3961,L51140,0,0.0,100.0,Low,0,No failure,0
3962,M18821,0,0.0,100.0,Low,0,No failure,0
3963,L51142,0,0.0,100.0,Low,0,No failure,0
3964,H33377,0,0.0,100.0,Low,0,No failure,0
3965,M18824,0,0.0,100.0,Low,0,No failure,0
3966,L51145,0,0.0,100.0,Low,0,No failure,0
3967,L51146,0,0.0,100.0,Low,0,No failure,0
3968,M18827,0,0.0,100.0,Low,0,No failure,0
3969,M18828,0,0.0,100.0,Low,0,No failure,0
3970,L51149,0,0.0,100.0,Low,0,No failure,0
3971,M18830,0,0.0075,99.2,Low,0,No failure,0
3972,H33385,0,0.0,100.0,Low,0,No failure,0
3973,L51152,0,0.0,100.0,Low,0,No failure,0
3974,L51153,0,0.0,100.0,Low,0,No failure,0
3975,L51154,0,0.0,100.0,Low,0,No failure,0
3976,H33389,0,0.0,100.0,Low,0,No failure,0
3977,H33390,0,0.015,98.5,Low,0,No failure,0
3978,M18837,0,0.0,100.0,Low,0,No failure,0
3979,L51158,0,0.0025,99.8,Low,0,No failure,0
3980,L51159,0,0.0,100.0,Low,0,No failure,0
3981,M18840,0,0.01,99.0,Low,0,No failure,0
3982,M18841,0,0.0,100.0,Low,0,No failure,0
3983,L51162,0,0.0,100.0,Low,0,No failure,0
3984,L51163,0,0.0,100.0,Low,0,No failure,0
3985,L51164,0,0.0,100.0,Low,0,No failure,0
3986,L51165,0,0.0,100.0,Low,0,No failure,0
3987,M18846,0,0.0,100.0,Low,0,No failure,0
3988,M18847,0,0.0,100.0,Low,0,No failure,0
3989,L51168,0,0.0,100.0,Low,0,No failure,0
3990,L51169,0,0.0,100.0,Low,0,No failure,0
3991,H33404,0,0.0,100.0,Low,0,No failure,0
3992,L51171,0,0.0,100.0,Low,0,No failure,0
3993,L51172,0,0.0,100.0,Low,0,No failure,0
3994,L51173,0,0.0125,98.8,Low,0,No failure,0
3995,L51174,0,0.0,100.0,Low,0,No failure,0
3996,L51175,0,0.0,100.0,Low,0,No failure,0
3997,M18856,0,0.0,100.0,Low,0,No failure,0
3998,L51177,0,0.0,100.0,Low,0,No failure,0
3999,L51178,0,0.0,100.0,Low,0,No failure,0
4000,L51179,0,0.0,100.0,Low,0,No failure,0
4001,L51180,0,0.0,100.0,Low,0,No failure,0
4002,H33415,0,0.0,100.0,Low,0,No failure,0
4003,L51182,1,0.26,74.0,Low,0,Power Failure,0
4004,L51183,0,0.0,100.0,Low,0,No failure,0
4005,L51184,0,0.0175,98.2,Low,0,No failure,0
4006,M18865,0,0.0,100.0,Low,0,No failure,0
4007,L51186,0,0.0,100.0,Low,0,No failure,0
4008,L51187,0,0.0025,99.8,Low,0,No failure,0
4009,M18868,0,0.0,100.0,Low,0,No failure,0
4010,L51189,0,0.0,100.0,Low,0,No failure,0
4011,M18870,0,0.0,100.0,Low,0,No failure,0
4012,L51191,0,0.0125,98.8,Low,0,No failure,0
4013,M18872,0,0.0125,98.8,Low,0,No failure,0
4014,M18873,0,0.0,100.0,Low,0,No failure,0
4015,L51194,0,0.0,100.0,Low,0,No failure,0
4016,L51195,0,0.0,100.0,Low,0,No failure,0
4017,L51196,0,0.0,100.0,Low,0,No failure,0
4018,L51197,0,0.0,100.0,Low,0,No failure,0
4019,M18878,0,0.0,100.0,Low,0,No failure,0
4020,M18879,0,0.0,100.0,Low,0,No failure,0
4021,L51200,0,0.0725,92.8,Low,0,No failure,0
4022,H33435,0,0.0025,99.8,Low,0,No failure,0
4023,L51202,0,0.0175,98.2,Low,0,No failure,0
4024,L51203,0,0.0725,92.8,Low,0,No failure,0
4025,M18884,1,0.7325,26.7,High,1,Overstrain Failure,0
4026,H33439,0,0.0125,98.8,Low,0,No failure,0
4027,M18886,0,0.03,97.0,Low,0,No failure,0
4028,L51207,0,0.04,96.0,Low,0,No failure,0
4029,L51208,0,0.03,97.0,Low,0,No failure,0
4030,H33443,0,0.0925,90.8,Low,0,No failure,0
4031,L51210,0,0.1125,88.8,Low,0,No failure,0
4032,L51211,0,0.0925,90.8,Low,0,No failure,0
4033,L51212,1,0.32,68.0,Medium,0,Overstrain Failure,0
4034,L51213,0,0.14,86.0,Low,0,No failure,0
4035,L51214,1,0.675,32.5,High,1,Tool Wear Failure,0
4036,L51215,0,0.0,100.0,Low,0,No failure,0
4037,L51216,0,0.0,100.0,Low,0,No failure,0
4038,M18897,0,0.0,100.0,Low,0,No failure,0
4039,L51218,0,0.0,100.0,Low,0,No failure,0
4040,L51219,0,0.0,100.0,Low,0,No failure,0
4041,L51220,0,0.0,100.0,Low,0,No failure,0
4042,L51221,0,0.0,100.0,Low,0,No failure,0
4043,L51222,0,0.0,100.0,Low,0,No failure,0
4044,M18903,0,0.0,100.0,Low,0,No failure,0
4045,M18904,1,0.0,100.0,Low,0,Failure (Cause not logged),1
4046,M18905,0,0.0,100.0,Low,0,No failure,0
4047,M18906,0,0.0,100.0,Low,0,No failure,0
4048,L51227,0,0.0,100.0,Low,0,No failure,0
4049,L51228,1,0.945,5.5,High,1,Power Failure,0
4050,L51229,0,0.0,100.0,Low,0,No failure,0
4051,L51230,0,0.0,100.0,Low,0,No failure,0
4052,L51231,0,0.0025,99.8,Low,0,No failure,0
4053,M18912,0,0.0,100.0,Low,0,No failure,0
4054,M18913,0,0.005,99.5,Low,0,No failure,0
4055,M18914,0,0.0,100.0,Low,0,No failure,0
4056,L51235,0,0.0,100.0,Low,0,No failure,0
4057,L51236,0,0.0,100.0,Low,0,No failure,0
4058,L51237,0,0.0,100.0,Low,0,No failure,0
4059,M18918,0,0.0,100.0,Low,0,No failure,0
4060,L51239,0,0.0,100.0,Low,0,No failure,0
4061,M18920,0,0.0125,98.8,Low,0,No failure,0
4062,L51241,0,0.0,100.0,Low,0,No failure,0
4063,L51242,0,0.0,100.0,Low,0,No failure,0
4064,L51243,0,0.0,100.0,Low,0,No failure,0
4065,L51244,0,0.0,100.0,Low,0,No failure,0
4066,M18925,0,0.0,100.0,Low,0,No failure,0
4067,M18926,0,0.0,100.0,Low,0,No failure,0
4068,L51247,0,0.0,100.0,Low,0,No failure,0
4069,L51248,0,0.0,100.0,Low,0,No failure,0
4070,M18929,0,0.0,100.0,Low,0,No failure,0
4071,L51250,0,0.055,94.5,Low,0,No failure,0
4072,L51251,1,0.46,54.0,Medium,1,Power Failure,0
4073,L51252,0,0.0,100.0,Low,0,No failure,0
4074,M18933,0,0.0,100.0,Low,0,No failure,0
4075,L51254,0,0.0,100.0,Low,0,No failure,0
4076,L51255,0,0.0,100.0,Low,0,No failure,0
4077,M18936,0,0.0,100.0,Low,0,No failure,0
4078,L51257,0,0.0,100.0,Low,0,No failure,0
4079,H33492,1,0.815,18.5,High,1,Heat Dissipation Failure,0
4080,L51259,0,0.0,100.0,Low,0,No failure,0
4081,L51260,1,0.9875,1.2,High,1,Heat Dissipation Failure,0
4082,L51261,1,0.9875,1.2,High,1,Heat Dissipation Failure,0
4083,L51262,0,0.0,100.0,Low,0,No failure,0
4084,M18943,0,0.0,100.0,Low,0,No failure,0
4085,L51264,0,0.0,100.0,Low,0,No failure,0
4086,H33499,0,0.0,100.0,Low,0,No failure,0
4087,L51266,0,0.0,100.0,Low,0,No failure,0
4088,L51267,1,0.83,17.0,High,1,Heat Dissipation Failure,0
4089,L51268,0,0.0,100.0,Low,0,No failure,0
4090,M18949,0,0.0,100.0,Low,0,No failure,0
4091,L51270,0,0.0,100.0,Low,0,No failure,0
4092,M18951,0,0.0,100.0,Low,0,No failure,0
4093,H33506,0,0.0,100.0,Low,0,No failure,0
4094,M18953,0,0.0,100.0,Low,0,No failure,0
4095,L51274,0,0.0,100.0,Low,0,No failure,0
4096,H33509,0,0.0,100.0,Low,0,No failure,0
4097,L51276,1,0.875,12.5,High,1,Heat Dissipation Failure,0
4098,L51277,0,0.0,100.0,Low,0,No failure,0
4099,L51278,0,0.0,100.0,Low,0,No failure,0
4100,L51279,0,0.0,100.0,Low,0,No failure,0
4101,L51280,0,0.0,100.0,Low,0,No failure,0
4102,L51281,0,0.0,100.0,Low,0,No failure,0
4103,L51282,0,0.0,100.0,Low,0,No failure,0
4104,L51283,0,0.0,100.0,Low,0,No failure,0
4105,L51284,0,0.0025,99.8,Low,0,No failure,0
4106,L51285,0,0.0,100.0,Low,0,No failure,0
4107,L51286,0,0.0,100.0,Low,0,No failure,0
4108,L51287,0,0.0,100.0,Low,0,No failure,0
4109,L51288,0,0.0,100.0,Low,0,No failure,0
4110,M18969,0,0.0,100.0,Low,0,No failure,0
4111,L51290,0,0.1825,81.8,Low,0,No failure,0
4112,M18971,0,0.0,100.0,Low,0,No failure,0
4113,H33526,0,0.0,100.0,Low,0,No failure,0
4114,L51293,0,0.2375,76.2,Low,0,No failure,0
4115,L51294,0,0.1175,88.2,Low,0,No failure,0
4116,H33529,0,0.0875,91.2,Low,0,No failure,0
4117,M18976,0,0.165,83.5,Low,0,No failure,0
4118,L51297,1,0.42,58.0,Medium,1,Overstrain Failure,0
4119,L51298,0,0.16,84.0,Low,0,No failure,0
4120,L51299,1,0.78,22.0,High,1,Heat Dissipation Failure,0
4121,M18980,1,0.7025,29.8,High,1,Heat Dissipation Failure,0
4122,M18981,1,0.795,20.5,High,1,Heat Dissipation Failure,0
4123,L51302,0,0.005,99.5,Low,0,No failure,0
4124,M18983,0,0.0,100.0,Low,0,No failure,0
4125,L51304,0,0.035,96.5,Low,0,No failure,0
4126,L51305,0,0.0,100.0,Low,0,No failure,0
4127,M18986,0,0.0,100.0,Low,0,No failure,0
4128,H33541,0,0.0,100.0,Low,0,No failure,0
4129,L51308,0,0.0,100.0,Low,0,No failure,0
4130,M18989,0,0.0025,99.8,Low,0,No failure,0
4131,L51310,1,0.9325,6.8,High,1,Heat Dissipation Failure,0
4132,L51311,0,0.0,100.0,Low,0,No failure,0
4133,M18992,0,0.005,99.5,Low,0,No failure,0
4134,L51313,0,0.0025,99.8,Low,0,No failure,0
4135,L51314,0,0.0025,99.8,Low,0,No failure,0
4136,M18995,0,0.0,100.0,Low,0,No failure,0
4137,L51316,0,0.0,100.0,Low,0,No failure,0
4138,L51317,0,0.0025,99.8,Low,0,No failure,0
4139,L51318,1,0.9425,5.8,High,1,Heat Dissipation Failure,0
4140,H33553,0,0.0,100.0,Low,0,No failure,0
4141,L51320,1,0.9325,6.8,High,1,Heat Dissipation Failure,0
4142,H33555,0,0.0,100.0,Low,0,No failure,0
4143,L51322,0,0.0,100.0,Low,0,No failure,0
4144,L51323,0,0.0,100.0,Low,0,No failure,0
4145,L51324,0,0.0025,99.8,Low,0,No failure,0
4146,M19005,0,0.0,100.0,Low,0,No failure,0
4147,L51326,0,0.0025,99.8,Low,0,No failure,0
4148,L51327,0,0.0,100.0,Low,0,No failure,0
4149,L51328,0,0.0,100.0,Low,0,No failure,0
4150,L51329,0,0.0,100.0,Low,0,No failure,0
4151,L51330,0,0.0025,99.8,Low,0,No failure,0
4152,M19011,1,0.945,5.5,High,1,Heat Dissipation Failure,0
4153,M19012,0,0.0,100.0,Low,0,No failure,0
4154,M19013,1,0.9275,7.3,High,1,Heat Dissipation Failure,0
4155,M19014,0,0.0,100.0,Low,0,No failure,0
4156,L51335,1,0.9225,7.8,High,1,Heat Dissipation Failure,0
4157,M19016,0,0.0,100.0,Low,0,No failure,0
4158,L51337,1,0.9575,4.2,High,1,Heat Dissipation Failure,0
4159,L51338,0,0.0,100.0,Low,0,No failure,0
4160,M19019,0,0.0,100.0,Low,0,No failure,0
4161,M19020,0,0.0,100.0,Low,0,No failure,0
4162,H33575,0,0.0,100.0,Low,0,No failure,0
4163,L51342,0,0.0,100.0,Low,0,No failure,0
4164,L51343,0,0.0,100.0,Low,0,No failure,0
4165,L51344,1,0.9675,3.2,High,1,Heat Dissipation Failure,0
4166,M19025,0,0.0,100.0,Low,0,No failure,0
4167,H33580,0,0.0,100.0,Low,0,No failure,0
4168,M19027,0,0.0,100.0,Low,0,No failure,0
4169,L51348,0,0.0,100.0,Low,0,No failure,0
4170,L51349,0,0.0,100.0,Low,0,No failure,0
4171,M19030,1,0.9725,2.7,High,1,Heat Dissipation Failure,0
4172,M19031,0,0.0,100.0,Low,0,No failure,0
4173,L51352,0,0.0025,99.8,Low,0,No failure,0
4174,M19033,1,0.9925,0.7,High,1,Heat Dissipation Failure,0
4175,L51354,0,0.0,100.0,Low,0,No failure,0
4176,L51355,0,0.0,100.0,Low,0,No failure,0
4177,M19036,0,0.0,100.0,Low,0,No failure,0
4178,L51357,0,0.0,100.0,Low,0,No failure,0
4179,L51358,0,0.0,100.0,Low,0,No failure,0
4180,L51359,1,0.985,1.5,High,1,Heat Dissipation Failure,0
4181,L51360,0,0.0,100.0,Low,0,No failure,0
4182,M19041,0,0.0,100.0,Low,0,No failure,0
4183,L51362,1,0.955,4.5,High,1,Heat Dissipation Failure,0
4184,L51363,0,0.005,99.5,Low,0,No failure,0
4185,L51364,1,0.9575,4.2,High,1,Heat Dissipation Failure,0
4186,L51365,1,0.9725,2.7,High,1,Heat Dissipation Failure,0
4187,M19046,0,0.0,100.0,Low,0,No failure,0
4188,M19047,0,0.0,100.0,Low,0,No failure,0
4189,M19048,0,0.0,100.0,Low,0,No failure,0
4190,L51369,0,0.0,100.0,Low,0,No failure,0
4191,H33604,0,0.0,100.0,Low,0,No failure,0
4192,L51371,0,0.13,87.0,Low,0,No failure,0
4193,M19052,0,0.0,100.0,Low,0,No failure,0
4194,L51373,0,0.0,100.0,Low,0,No failure,0
4195,L51374,0,0.0,100.0,Low,0,No failure,0
4196,L51375,0,0.0,100.0,Low,0,No failure,0
4197,M19056,0,0.0,100.0,Low,0,No failure,0
4198,L51377,0,0.0,100.0,Low,0,No failure,0
4199,M19058,0,0.0,100.0,Low,0,No failure,0
4200,M19059,0,0.0,100.0,Low,0,No failure,0
4201,L51380,0,0.0,100.0,Low,0,No failure,0
4202,L51381,0,0.0175,98.2,Low,0,No failure,0
4203,L51382,0,0.035,96.5,Low,0,No failure,0
4204,M19063,0,0.12,88.0,Low,0,No failure,0
4205,M19064,0,0.035,96.5,Low,0,No failure,0
4206,L51385,0,0.0125,98.8,Low,0,No failure,0
4207,M19066,0,0.07,93.0,Low,0,No failure,0
4208,M19067,1,0.6225,37.7,High,1,Tool Wear Failure,0
4209,M19068,0,0.0,100.0,Low,0,No failure,0
4210,M19069,0,0.0,100.0,Low,0,No failure,0
4211,L51390,0,0.0,100.0,Low,0,No failure,0
4212,L51391,1,0.635,36.5,High,1,Heat Dissipation Failure,0
4213,M19072,0,0.04,96.0,Low,0,No failure,0
4214,L51393,0,0.0,100.0,Low,0,No failure,0
4215,L51394,0,0.0,100.0,Low,0,No failure,0
4216,M19075,0,0.0,100.0,Low,0,No failure,0
4217,L51396,0,0.0125,98.8,Low,0,No failure,0
4218,L51397,0,0.0,100.0,Low,0,No failure,0
4219,M19078,0,0.0,100.0,Low,0,No failure,0
4220,L51399,0,0.0,100.0,Low,0,No failure,0
4221,M19080,0,0.1725,82.8,Low,0,No failure,0
4222,L51401,0,0.0,100.0,Low,0,No failure,0
4223,M19082,0,0.0,100.0,Low,0,No failure,0
4224,L51403,0,0.0,100.0,Low,0,No failure,0
4225,L51404,0,0.0,100.0,Low,0,No failure,0
4226,L51405,1,0.82,18.0,High,1,Heat Dissipation Failure,0
4227,L51406,0,0.0,100.0,Low,0,No failure,0
4228,L51407,0,0.01,99.0,Low,0,No failure,0
4229,L51408,0,0.0,100.0,Low,0,No failure,0
4230,M19089,0,0.0,100.0,Low,0,No failure,0
4231,L51410,0,0.0,100.0,Low,0,No failure,0
4232,L51411,0,0.83,17.0,High,1,No failure,0
4233,L51412,0,0.0,100.0,Low,0,No failure,0
4234,M19093,0,0.025,97.5,Low,0,No failure,0
4235,H33648,0,0.0,100.0,Low,0,No failure,0
4236,L51415,0,0.0,100.0,Low,0,No failure,0
4237,L51416,0,0.0,100.0,Low,0,No failure,0
4238,L51417,0,0.0,100.0,Low,0,No failure,0
4239,M19098,0,0.0,100.0,Low,0,No failure,0
4240,L51419,0,0.0,100.0,Low,0,No failure,0
4241,L51420,0,0.0,100.0,Low,0,No failure,0
4242,L51421,0,0.0,100.0,Low,0,No failure,0
4243,L51422,0,0.0,100.0,Low,0,No failure,0
4244,M19103,0,0.0,100.0,Low,0,No failure,0
4245,L51424,0,0.0,100.0,Low,0,No failure,0
4246,M19105,0,0.0,100.0,Low,0,No failure,0
4247,L51426,0,0.0,100.0,Low,0,No failure,0
4248,L51427,1,0.96,4.0,High,1,Heat Dissipation Failure,0
4249,L51428,0,0.0,100.0,Low,0,No failure,0
4250,L51429,1,0.9575,4.2,High,1,Heat Dissipation Failure,0
4251,L51430,0,0.0,100.0,Low,0,No failure,0
4252,H33665,1,0.9775,2.2,High,1,Heat Dissipation Failure,0
4253,H33666,0,0.005,99.5,Low,0,No failure,0
4254,M19113,1,0.99,1.0,High,1,Heat Dissipation Failure,0
4255,L51434,1,0.975,2.5,High,1,Multiple causes,0
4256,M19115,0,0.045,95.5,Low,0,No failure,0
4257,M19116,0,0.0,100.0,Low,0,No failure,0
4258,M19117,0,0.0,100.0,Low,0,No failure,0
4259,M19118,1,0.945,5.5,High,1,Heat Dissipation Failure,0
4260,L51439,0,0.0,100.0,Low,0,No failure,0
4261,H33674,0,0.0,100.0,Low,0,No failure,0
4262,L51441,0,0.0,100.0,Low,0,No failure,0
4263,L51442,0,0.0,100.0,Low,0,No failure,0
4264,L51443,0,0.0,100.0,Low,0,No failure,0
4265,M19124,0,0.0,100.0,Low,0,No failure,0
4266,L51445,0,0.0,100.0,Low,0,No failure,0
4267,L51446,0,0.0,100.0,Low,0,No failure,0
4268,L51447,0,0.0,100.0,Low,0,No failure,0
4269,L51448,0,0.0,100.0,Low,0,No failure,0
4270,L51449,0,0.0,100.0,Low,0,No failure,0
4271,L51450,1,0.985,1.5,High,1,Heat Dissipation Failure,0
4272,L51451,0,0.0,100.0,Low,0,No failure,0
4273,L51452,0,0.0,100.0,Low,0,No failure,0
4274,L51453,0,0.0,100.0,Low,0,No failure,0
4275,L51454,0,0.0,100.0,Low,0,No failure,0
4276,M19135,0,0.0,100.0,Low,0,No failure,0
4277,M19136,0,0.0,100.0,Low,0,No failure,0
4278,L51457,0,0.0,100.0,Low,0,No failure,0
4279,L51458,0,0.005,99.5,Low,0,No failure,0
4280,L51459,1,0.9275,7.3,High,1,Heat Dissipation Failure,0
4281,L51460,0,0.0,100.0,Low,0,No failure,0
4282,L51461,0,0.0,100.0,Low,0,No failure,0
4283,L51462,1,0.69,31.0,High,1,Heat Dissipation Failure,0
4284,M19143,1,0.705,29.5,High,1,Heat Dissipation Failure,0
4285,L51464,0,0.0025,99.8,Low,0,No failure,0
4286,L51465,1,0.865,13.5,High,1,Heat Dissipation Failure,0
4287,M19146,0,0.0075,99.2,Low,0,No failure,0
4288,M19147,0,0.0,100.0,Low,0,No failure,0
4289,M19148,0,0.01,99.0,Low,0,No failure,0
4290,M19149,0,0.0,100.0,Low,0,No failure,0
4291,L51470,0,0.0,100.0,Low,0,No failure,0
4292,L51471,0,0.015,98.5,Low,0,No failure,0
4293,M19152,1,0.6475,35.2,High,1,Power Failure,0
4294,L51473,0,0.1525,84.8,Low,0,No failure,0
4295,M19154,0,0.0325,96.8,Low,0,No failure,0
4296,L51475,0,0.1625,83.8,Low,0,No failure,0
4297,L51476,1,0.755,24.5,High,1,Power Failure,0
4298,M19157,0,0.155,84.5,Low,0,No failure,0
4299,M19158,0,0.0,100.0,Low,0,No failure,0
4300,L51479,0,0.0025,99.8,Low,0,No failure,0
4301,M19160,0,0.0,100.0,Low,0,No failure,0
4302,L51481,0,0.0025,99.8,Low,0,No failure,0
4303,L51482,0,0.3125,68.8,Medium,0,No failure,0
4304,L51483,0,0.0,100.0,Low,0,No failure,0
4305,L51484,0,0.0,100.0,Low,0,No failure,0
4306,L51485,0,0.0,100.0,Low,0,No failure,0
4307,L51486,0,0.0,100.0,Low,0,No failure,0
4308,L51487,1,0.835,16.5,High,1,Heat Dissipation Failure,0
4309,H33722,0,0.0,100.0,Low,0,No failure,0
4310,M19169,0,0.0,100.0,Low,0,No failure,0
4311,L51490,0,0.0025,99.8,Low,0,No failure,0
4312,M19171,0,0.0,100.0,Low,0,No failure,0
4313,L51492,0,0.0,100.0,Low,0,No failure,0
4314,L51493,0,0.0,100.0,Low,0,No failure,0
4315,H33728,0,0.0,100.0,Low,0,No failure,0
4316,M19175,0,0.0,100.0,Low,0,No failure,0
4317,L51496,0,0.0,100.0,Low,0,No failure,0
4318,M19177,0,0.0025,99.8,Low,0,No failure,0
4319,L51498,0,0.0,100.0,Low,0,No failure,0
4320,M19179,0,0.0,100.0,Low,0,No failure,0
4321,L51500,0,0.0,100.0,Low,0,No failure,0
4322,L51501,0,0.0,100.0,Low,0,No failure,0
4323,M19182,0,0.0025,99.8,Low,0,No failure,0
4324,L51503,1,0.925,7.5,High,1,Heat Dissipation Failure,0
4325,L51504,0,0.0,100.0,Low,0,No failure,0
4326,L51505,0,0.0225,97.8,Low,0,No failure,0
4327,L51506,1,0.8725,12.7,High,1,Heat Dissipation Failure,0
4328,H33741,0,0.0,100.0,Low,0,No failure,0
4329,L51508,1,0.7325,26.7,High,1,Heat Dissipation Failure,0
4330,L51509,0,0.0,100.0,Low,0,No failure,0
4331,L51510,0,0.0,100.0,Low,0,No failure,0
4332,M19191,0,0.0,100.0,Low,0,No failure,0
4333,M19192,0,0.0025,99.8,Low,0,No failure,0
4334,L51513,0,0.0,100.0,Low,0,No failure,0
4335,L51514,0,0.0,100.0,Low,0,No failure,0
4336,L51515,0,0.0,100.0,Low,0,No failure,0
4337,H33750,0,0.0125,98.8,Low,0,No failure,0
4338,L51517,0,0.0,100.0,Low,0,No failure,0
4339,L51518,0,0.0,100.0,Low,0,No failure,0
4340,L51519,0,0.0,100.0,Low,0,No failure,0
4341,M19200,0,0.0025,99.8,Low,0,No failure,0
4342,L51521,0,0.0075,99.2,Low,0,No failure,0
4343,M19202,1,0.93,7.0,High,1,Multiple causes,0
4344,L51523,0,0.0,100.0,Low,0,No failure,0
4345,H33758,0,0.0025,99.8,Low,0,No failure,0
4346,M19205,0,0.0,100.0,Low,0,No failure,0
4347,L51526,0,0.0,100.0,Low,0,No failure,0
4348,H33761,0,0.0,100.0,Low,0,No failure,0
4349,L51528,0,0.0,100.0,Low,0,No failure,0
4350,L51529,0,0.0,100.0,Low,0,No failure,0
4351,M19210,0,0.0,100.0,Low,0,No failure,0
4352,L51531,0,0.0,100.0,Low,0,No failure,0
4353,L51532,0,0.0,100.0,Low,0,No failure,0
4354,M19213,1,0.2375,76.2,Low,0,Power Failure,0
4355,L51534,0,0.0225,97.8,Low,0,No failure,0
4356,H33769,1,0.9275,7.3,High,1,Heat Dissipation Failure,0
4357,L51536,0,0.0,100.0,Low,0,No failure,0
4358,L51537,0,0.0025,99.8,Low,0,No failure,0
4359,H33772,0,0.0025,99.8,Low,0,No failure,0
4360,M19219,0,0.0,100.0,Low,0,No failure,0
4361,L51540,0,0.0,100.0,Low,0,No failure,0
4362,M19221,1,0.87,13.0,High,1,Heat Dissipation Failure,0
4363,L51542,0,0.0025,99.8,Low,0,No failure,0
4364,H33777,0,0.0,100.0,Low,0,No failure,0
4365,H33778,0,0.0025,99.8,Low,0,No failure,0
4366,L51545,0,0.0025,99.8,Low,0,No failure,0
4367,L51546,0,0.0075,99.2,Low,0,No failure,0
4368,H33781,0,0.0025,99.8,Low,0,No failure,0
4369,L51548,0,0.0025,99.8,Low,0,No failure,0
4370,H33783,0,0.0,100.0,Low,0,No failure,0
4371,L51550,1,0.9375,6.2,High,1,Multiple causes,0
4372,L51551,0,0.005,99.5,Low,0,No failure,0
4373,M19232,0,0.005,99.5,Low,0,No failure,0
4374,M19233,0,0.005,99.5,Low,0,No failure,0
4375,L51554,0,0.015,98.5,Low,0,No failure,0
4376,L51555,0,0.0975,90.2,Low,0,No failure,0
4377,M19236,0,0.0125,98.8,Low,0,No failure,0
4378,M19237,0,0.0375,96.2,Low,0,No failure,0
4379,M19238,0,0.0575,94.2,Low,0,No failure,0
4380,M19239,0,0.05,95.0,Low,0,No failure,0
4381,L51560,0,0.065,93.5,Low,0,No failure,0
4382,L51561,0,0.0625,93.8,Low,0,No failure,0
4383,L51562,0,0.0275,97.2,Low,0,No failure,0
4384,L51563,1,0.8975,10.3,High,1,Multiple causes,0
4385,L51564,0,0.105,89.5,Low,0,No failure,0
4386,L51565,1,0.7,30.0,High,1,Tool Wear Failure,0
4387,L51566,0,0.0025,99.8,Low,0,No failure,0
4388,L51567,0,0.0025,99.8,Low,0,No failure,0
4389,L51568,0,0.0,100.0,Low,0,No failure,0
4390,M19249,1,0.94,6.0,High,1,Heat Dissipation Failure,0
4391,M19250,0,0.01,99.0,Low,0,No failure,0
4392,M19251,1,0.97,3.0,High,1,Heat Dissipation Failure,0
4393,L51572,0,0.0125,98.8,Low,0,No failure,0
4394,M19253,0,0.0,100.0,Low,0,No failure,0
4395,L51574,0,0.005,99.5,Low,0,No failure,0
4396,L51575,0,0.0,100.0,Low,0,No failure,0
4397,H33810,0,0.0175,98.2,Low,0,No failure,0
4398,L51577,0,0.0,100.0,Low,0,No failure,0
4399,M19258,0,0.0,100.0,Low,0,No failure,0
4400,L51579,0,0.0,100.0,Low,0,No failure,0
4401,L51580,1,0.9325,6.8,High,1,Heat Dissipation Failure,0
4402,H33815,0,0.0025,99.8,Low,0,No failure,0
4403,H33816,0,0.0,100.0,Low,0,No failure,0
4404,L51583,0,0.0075,99.2,Low,0,No failure,0
4405,M19264,0,0.005,99.5,Low,0,No failure,0
4406,L51585,1,0.98,2.0,High,1,Heat Dissipation Failure,0
4407,L51586,1,0.9775,2.2,High,1,Heat Dissipation Failure,0
4408,L51587,0,0.015,98.5,Low,0,No failure,0
4409,L51588,0,0.0,100.0,Low,0,No failure,0
4410,M19269,1,0.975,2.5,High,1,Heat Dissipation Failure,0
4411,L51590,0,0.0,100.0,Low,0,No failure,0
4412,L51591,0,0.0,100.0,Low,0,No failure,0
4413,L51592,0,0.0,100.0,Low,0,No failure,0
4414,M19273,0,0.02,98.0,Low,0,No failure,0
4415,L51594,0,0.005,99.5,Low,0,No failure,0
4416,L51595,0,0.0025,99.8,Low,0,No failure,0
4417,M19276,0,0.0,100.0,Low,0,No failure,0
4418,L51597,1,0.99,1.0,High,1,Multiple causes,0
4419,L51598,0,0.0,100.0,Low,0,No failure,0
4420,M19279,1,0.9175,8.3,High,1,Power Failure,0
4421,H33834,0,0.0025,99.8,Low,0,No failure,0
4422,L51601,1,0.975,2.5,High,1,Heat Dissipation Failure,0
4423,M19282,0,0.005,99.5,Low,0,No failure,0
4424,M19283,0,0.0,100.0,Low,0,No failure,0
4425,M19284,0,0.0,100.0,Low,0,No failure,0
4426,L51605,0,0.0,100.0,Low,0,No failure,0
4427,L51606,0,0.0025,99.8,Low,0,No failure,0
4428,M19287,1,0.91,9.0,High,1,Heat Dissipation Failure,0
4429,L51608,0,0.0,100.0,Low,0,No failure,0
4430,M19289,0,0.0,100.0,Low,0,No failure,0
4431,H33844,0,0.0,100.0,Low,0,No failure,0
4432,H33845,0,0.0,100.0,Low,0,No failure,0
4433,L51612,0,0.0075,99.2,Low,0,No failure,0
4434,H33847,0,0.0,100.0,Low,0,No failure,0
4435,L51614,0,0.0,100.0,Low,0,No failure,0
4436,L51615,1,0.9575,4.2,High,1,Heat Dissipation Failure,0
4437,M19296,0,0.0,100.0,Low,0,No failure,0
4438,L51617,0,0.0,100.0,Low,0,No failure,0
4439,L51618,0,0.005,99.5,Low,0,No failure,0
4440,M19299,0,0.04,96.0,Low,0,No failure,0
4441,L51620,0,0.0025,99.8,Low,0,No failure,0
4442,L51621,1,0.9275,7.3,High,1,Heat Dissipation Failure,0
4443,L51622,0,0.0,100.0,Low,0,No failure,0
4444,L51623,0,0.015,98.5,Low,0,No failure,0
4445,L51624,0,0.0,100.0,Low,0,No failure,0
4446,L51625,0,0.0,100.0,Low,0,No failure,0
4447,L51626,0,0.0,100.0,Low,0,No failure,0
4448,M19307,0,0.0,100.0,Low,0,No failure,0
4449,L51628,1,0.9425,5.8,High,1,Heat Dissipation Failure,0
4450,M19309,1,0.94,6.0,High,1,Heat Dissipation Failure,0
4451,L51630,0,0.0,100.0,Low,0,No failure,0
4452,L51631,0,0.0075,99.2,Low,0,No failure,0
4453,M19312,0,0.0,100.0,Low,0,No failure,0
4454,L51633,0,0.01,99.0,Low,0,No failure,0
4455,L51634,0,0.005,99.5,Low,0,No failure,0
4456,H33869,0,0.0,100.0,Low,0,No failure,0
4457,L51636,0,0.0,100.0,Low,0,No failure,0
4458,M19317,0,0.0,100.0,Low,0,No failure,0
4459,L51638,0,0.0,100.0,Low,0,No failure,0
4460,L51639,0,0.0,100.0,Low,0,No failure,0
4461,L51640,0,0.0,100.0,Low,0,No failure,0
4462,L51641,0,0.0025,99.8,Low,0,No failure,0
4463,L51642,1,0.9825,1.7,High,1,Multiple causes,0
4464,L51643,0,0.0,100.0,Low,0,No failure,0
4465,L51644,0,0.0,100.0,Low,0,No failure,0
4466,L51645,0,0.0225,97.8,Low,0,No failure,0
4467,L51646,0,0.1075,89.2,Low,0,No failure,0
4468,L51647,0,0.03,97.0,Low,0,No failure,0
4469,L51648,0,0.015,98.5,Low,0,No failure,0
4470,L51649,1,0.65,35.0,High,1,Tool Wear Failure,0
4471,L51650,0,0.0,100.0,Low,0,No failure,0
4472,L51651,0,0.0,100.0,Low,0,No failure,0
4473,L51652,0,0.005,99.5,Low,0,No failure,0
4474,L51653,0,0.0025,99.8,Low,0,No failure,0
4475,L51654,0,0.0025,99.8,Low,0,No failure,0
4476,L51655,1,0.93,7.0,High,1,Heat Dissipation Failure,0
4477,L51656,0,0.005,99.5,Low,0,No failure,0
4478,L51657,0,0.0,100.0,Low,0,No failure,0
4479,L51658,0,0.01,99.0,Low,0,No failure,0
4480,L51659,0,0.005,99.5,Low,0,No failure,0
4481,H33894,1,0.975,2.5,High,1,Heat Dissipation Failure,0
4482,M19341,0,0.0,100.0,Low,0,No failure,0
4483,H33896,0,0.0,100.0,Low,0,No failure,0
4484,L51663,0,0.0125,98.8,Low,0,No failure,0
4485,M19344,0,0.005,99.5,Low,0,No failure,0
4486,L51665,0,0.0,100.0,Low,0,No failure,0
4487,M19346,0,0.0025,99.8,Low,0,No failure,0
4488,L51667,0,0.0,100.0,Low,0,No failure,0
4489,M19348,0,0.0,100.0,Low,0,No failure,0
4490,L51669,0,0.0,100.0,Low,0,No failure,0
4491,L51670,0,0.0,100.0,Low,0,No failure,0
4492,H33905,0,0.0075,99.2,Low,0,No failure,0
4493,M19352,0,0.0025,99.8,Low,0,No failure,0
4494,L51673,0,0.0,100.0,Low,0,No failure,0
4495,H33908,0,0.0,100.0,Low,0,No failure,0
4496,L51675,1,0.9875,1.2,High,1,Heat Dissipation Failure,0
4497,M19356,0,0.0,100.0,Low,0,No failure,0
4498,L51677,0,0.0,100.0,Low,0,No failure,0
4499,H33912,0,0.0,100.0,Low,0,No failure,0
4500,H33913,0,0.0,100.0,Low,0,No failure,0
4501,L51680,0,0.0,100.0,Low,0,No failure,0
4502,L51681,1,0.9825,1.7,High,1,Heat Dissipation Failure,0
4503,L51682,0,0.0,100.0,Low,0,No failure,0
4504,M19363,0,0.005,99.5,Low,0,No failure,0
4505,L51684,0,0.0,100.0,Low,0,No failure,0
4506,L51685,0,0.0,100.0,Low,0,No failure,0
4507,M19366,0,0.0,100.0,Low,0,No failure,0
4508,L51687,0,0.0,100.0,Low,0,No failure,0
4509,L51688,0,0.0,100.0,Low,0,No failure,0
4510,L51689,0,0.0,100.0,Low,0,No failure,0
4511,L51690,1,0.985,1.5,High,1,Heat Dissipation Failure,0
4512,L51691,0,0.0025,99.8,Low,0,No failure,0
4513,M19372,0,0.0075,99.2,Low,0,No failure,0
4514,L51693,0,0.0,100.0,Low,0,No failure,0
4515,L51694,0,0.0,100.0,Low,0,No failure,0
4516,L51695,0,0.0,100.0,Low,0,No failure,0
4517,L51696,0,0.0,100.0,Low,0,No failure,0
4518,L51697,0,0.0,100.0,Low,0,No failure,0
4519,L51698,0,0.0,100.0,Low,0,No failure,0
4520,L51699,0,0.0,100.0,Low,0,No failure,0
4521,L51700,0,0.0,100.0,Low,0,No failure,0
4522,L51701,0,0.0,100.0,Low,0,No failure,0
4523,M19382,0,0.0,100.0,Low,0,No failure,0
4524,L51703,0,0.0,100.0,Low,0,No failure,0
4525,M19384,0,0.0,100.0,Low,0,No failure,0
4526,M19385,0,0.0,100.0,Low,0,No failure,0
4527,L51706,0,0.0,100.0,Low,0,No failure,0
4528,M19387,1,0.9775,2.2,High,1,Heat Dissipation Failure,0
4529,L51708,0,0.0,100.0,Low,0,No failure,0
4530,M19389,0,0.0,100.0,Low,0,No failure,0
4531,L51710,0,0.0,100.0,Low,0,No failure,0
4532,L51711,0,0.0,100.0,Low,0,No failure,0
4533,H33946,0,0.0,100.0,Low,0,No failure,0
4534,M19393,1,0.9475,5.2,High,1,Heat Dissipation Failure,0
4535,L51714,0,0.0,100.0,Low,0,No failure,0
4536,L51715,0,0.0,100.0,Low,0,No failure,0
4537,L51716,1,0.9625,3.7,High,1,Heat Dissipation Failure,0
4538,L51717,0,0.0,100.0,Low,0,No failure,0
4539,L51718,0,0.0025,99.8,Low,0,No failure,0
4540,L51719,0,0.0,100.0,Low,0,No failure,0
4541,M19400,0,0.0,100.0,Low,0,No failure,0
4542,L51721,0,0.0025,99.8,Low,0,No failure,0
4543,M19402,0,0.0,100.0,Low,0,No failure,0
4544,M19403,0,0.0,100.0,Low,0,No failure,0
4545,L51724,1,0.9175,8.3,High,1,Heat Dissipation Failure,0
4546,L51725,0,0.0025,99.8,Low,0,No failure,0
4547,M19406,0,0.0,100.0,Low,0,No failure,0
4548,M19407,0,0.02,98.0,Low,0,No failure,0
4549,L51728,0,0.0,100.0,Low,0,No failure,0
4550,L51729,0,0.0,100.0,Low,0,No failure,0
4551,M19410,0,0.0,100.0,Low,0,No failure,0
4552,M19411,0,0.005,99.5,Low,0,No failure,0
4553,M19412,0,0.0175,98.2,Low,0,No failure,0
4554,L51733,0,0.0075,99.2,Low,0,No failure,0
4555,L51734,0,0.0,100.0,Low,0,No failure,0
4556,L51735,0,0.0,100.0,Low,0,No failure,0
4557,M19416,1,0.9725,2.7,High,1,Heat Dissipation Failure,0
4558,L51737,0,0.0,100.0,Low,0,No failure,0
4559,L51738,1,0.975,2.5,High,1,Heat Dissipation Failure,0
4560,L51739,0,0.005,99.5,Low,0,No failure,0
4561,L51740,0,0.005,99.5,Low,0,No failure,0
4562,L51741,0,0.0,100.0,Low,0,No failure,0
4563,L51742,0,0.01,99.0,Low,0,No failure,0
4564,L51743,0,0.0,100.0,Low,0,No failure,0
4565,L51744,0,0.0,100.0,Low,0,No failure,0
4566,H33979,1,0.9675,3.2,High,1,Heat Dissipation Failure,0
4567,L51746,0,0.005,99.5,Low,0,No failure,0
4568,M19427,0,0.0,100.0,Low,0,No failure,0
4569,M19428,0,0.0,100.0,Low,0,No failure,0
4570,L51749,0,0.0,100.0,Low,0,No failure,0
4571,L51750,1,0.975,2.5,High,1,Heat Dissipation Failure,0
4572,L51751,0,0.0,100.0,Low,0,No failure,0
4573,M19432,0,0.0,100.0,Low,0,No failure,0
4574,H33987,0,0.0,100.0,Low,0,No failure,0
4575,M19434,0,0.0025,99.8,Low,0,No failure,0
4576,M19435,0,0.0025,99.8,Low,0,No failure,0
4577,M19436,0,0.0,100.0,Low,0,No failure,0
4578,L51757,0,0.0,100.0,Low,0,No failure,0
4579,L51758,0,0.0,100.0,Low,0,No failure,0
4580,L51759,1,0.9775,2.2,High,1,Heat Dissipation Failure,0
4581,L51760,0,0.0,100.0,Low,0,No failure,0
4582,L51761,0,0.0,100.0,Low,0,No failure,0
4583,L51762,0,0.0025,99.8,Low,0,No failure,0
4584,M19443,0,0.0,100.0,Low,0,No failure,0
4585,L51764,0,0.0,100.0,Low,0,No failure,0
4586,L51765,0,0.0,100.0,Low,0,No failure,0
4587,L51766,0,0.01,99.0,Low,0,No failure,0
4588,M19447,0,0.0,100.0,Low,0,No failure,0
4589,L51768,0,0.0,100.0,Low,0,No failure,0
4590,L51769,0,0.0,100.0,Low,0,No failure,0
4591,L51770,0,0.0,100.0,Low,0,No failure,0
4592,H34005,0,0.0025,99.8,Low,0,No failure,0
4593,L51772,0,0.0,100.0,Low,0,No failure,0
4594,L51773,0,0.0,100.0,Low,0,No failure,0
4595,M19454,0,0.015,98.5,Low,0,No failure,0
4596,M19455,0,0.0,100.0,Low,0,No failure,0
4597,L51776,1,0.99,1.0,High,1,Heat Dissipation Failure,0
4598,M19457,0,0.0,100.0,Low,0,No failure,0
4599,L51778,0,0.005,99.5,Low,0,No failure,0
4600,L51779,0,0.0025,99.8,Low,0,No failure,0
4601,L51780,1,0.96,4.0,High,1,Heat Dissipation Failure,0
4602,M19461,1,0.9875,1.2,High,1,Heat Dissipation Failure,0
4603,M19462,0,0.0075,99.2,Low,0,No failure,0
4604,H34017,0,0.0125,98.8,Low,0,No failure,0
4605,L51784,0,0.0,100.0,Low,0,No failure,0
4606,H34019,0,0.0,100.0,Low,0,No failure,0
4607,L51786,0,0.0,100.0,Low,0,No failure,0
4608,L51787,0,0.0,100.0,Low,0,No failure,0
4609,M19468,0,0.0,100.0,Low,0,No failure,0
4610,L51789,0,0.0,100.0,Low,0,No failure,0
4611,L51790,0,0.0,100.0,Low,0,No failure,0
4612,L51791,1,0.975,2.5,High,1,Heat Dissipation Failure,0
4613,L51792,0,0.0025,99.8,Low,0,No failure,0
4614,L51793,0,0.0275,97.2,Low,0,No failure,0
4615,H34028,0,0.0,100.0,Low,0,No failure,0
4616,L51795,0,0.0,100.0,Low,0,No failure,0
4617,L51796,0,0.0,100.0,Low,0,No failure,0
4618,M19477,0,0.0,100.0,Low,0,No failure,0
4619,M19478,1,0.93,7.0,High,1,Heat Dissipation Failure,0
4620,H34033,0,0.0,100.0,Low,0,No failure,0
4621,L51800,1,0.9225,7.8,High,1,Heat Dissipation Failure,0
4622,L51801,1,0.955,4.5,High,1,Heat Dissipation Failure,0
4623,M19482,0,0.0,100.0,Low,0,No failure,0
4624,L51803,0,0.0,100.0,Low,0,No failure,0
4625,M19484,0,0.0,100.0,Low,0,No failure,0
4626,L51805,0,0.0,100.0,Low,0,No failure,0
4627,L51806,0,0.0,100.0,Low,0,No failure,0
4628,M19487,0,0.0,100.0,Low,0,No failure,0
4629,M19488,0,0.0,100.0,Low,0,No failure,0
4630,L51809,0,0.0,100.0,Low,0,No failure,0
4631,L51810,0,0.0,100.0,Low,0,No failure,0
4632,L51811,0,0.015,98.5,Low,0,No failure,0
4633,M19492,1,0.7175,28.2,High,1,Heat Dissipation Failure,0
4634,L51813,0,0.1025,89.8,Low,0,No failure,0
4635,L51814,0,0.0475,95.2,Low,0,No failure,0
4636,M19495,0,0.0075,99.2,Low,0,No failure,0
4637,L51816,0,0.0725,92.8,Low,0,No failure,0
4638,M19497,0,0.005,99.5,Low,0,No failure,0
4639,L51818,0,0.0375,96.2,Low,0,No failure,0
4640,L51819,0,0.0325,96.8,Low,0,No failure,0
4641,L51820,0,0.0425,95.8,Low,0,No failure,0
4642,H34055,0,0.005,99.5,Low,0,No failure,0
4643,L51822,1,0.95,5.0,High,1,Multiple causes,0
4644,L51823,1,0.9825,1.7,High,1,Multiple causes,0
4645,L51824,0,0.01,99.0,Low,0,No failure,0
4646,L51825,0,0.0725,92.8,Low,0,No failure,0
4647,L51826,1,0.145,85.5,Low,0,Tool Wear Failure,0
4648,L51827,0,0.0,100.0,Low,0,No failure,0
4649,L51828,0,0.0,100.0,Low,0,No failure,0
4650,M19509,0,0.02,98.0,Low,0,No failure,0
4651,L51830,0,0.0,100.0,Low,0,No failure,0
4652,L51831,1,0.975,2.5,High,1,Heat Dissipation Failure,0
4653,L51832,0,0.0075,99.2,Low,0,No failure,0
4654,M19513,0,0.0,100.0,Low,0,No failure,0
4655,M19514,0,0.0,100.0,Low,0,No failure,0
4656,L51835,0,0.0,100.0,Low,0,No failure,0
4657,L51836,0,0.0,100.0,Low,0,No failure,0
4658,L51837,0,0.0,100.0,Low,0,No failure,0
4659,L51838,0,0.0,100.0,Low,0,No failure,0
4660,M19519,0,0.0025,99.8,Low,0,No failure,0
4661,L51840,0,0.0025,99.8,Low,0,No failure,0
4662,L51841,1,0.995,0.5,High,1,Heat Dissipation Failure,0
4663,H34076,0,0.0,100.0,Low,0,No failure,0
4664,L51843,0,0.0075,99.2,Low,0,No failure,0
4665,M19524,0,0.0,100.0,Low,0,No failure,0
4666,M19525,1,0.9675,3.2,High,1,Heat Dissipation Failure,0
4667,M19526,0,0.0,100.0,Low,0,No failure,0
4668,H34081,0,0.0,100.0,Low,0,No failure,0
4669,H34082,0,0.0,100.0,Low,0,No failure,0
4670,M19529,1,0.975,2.5,High,1,Heat Dissipation Failure,0
4671,L51850,0,0.0,100.0,Low,0,No failure,0
4672,L51851,0,0.0,100.0,Low,0,No failure,0
4673,L51852,0,0.0025,99.8,Low,0,No failure,0
4674,L51853,0,0.0,100.0,Low,0,No failure,0
4675,L51854,0,0.0,100.0,Low,0,No failure,0
4676,H34089,0,0.005,99.5,Low,0,No failure,0
4677,L51856,0,0.0,100.0,Low,0,No failure,0
4678,H34091,0,0.0025,99.8,Low,0,No failure,0
4679,H34092,0,0.0,100.0,Low,0,No failure,0
4680,L51859,0,0.0,100.0,Low,0,No failure,0
4681,L51860,0,0.0,100.0,Low,0,No failure,0
4682,M19541,0,0.0,100.0,Low,0,No failure,0
4683,L51862,0,0.0025,99.8,Low,0,No failure,0
4684,L51863,0,0.0,100.0,Low,0,No failure,0
4685,M19544,1,0.0025,99.8,Low,0,Failure (Cause not logged),1
4686,M19545,0,0.0,100.0,Low,0,No failure,0
4687,M19546,0,0.0,100.0,Low,0,No failure,0
4688,L51867,0,0.0,100.0,Low,0,No failure,0
4689,L51868,0,0.0,100.0,Low,0,No failure,0
4690,M19549,0,0.0,100.0,Low,0,No failure,0
4691,M19550,0,0.0,100.0,Low,0,No failure,0
4692,L51871,0,0.0,100.0,Low,0,No failure,0
4693,M19552,0,0.0,100.0,Low,0,No failure,0
4694,M19553,0,0.0,100.0,Low,0,No failure,0
4695,L51874,0,0.0,100.0,Low,0,No failure,0
4696,L51875,0,0.0,100.0,Low,0,No failure,0
4697,L51876,0,0.0025,99.8,Low,0,No failure,0
4698,M19557,0,0.0,100.0,Low,0,No failure,0
4699,L51878,0,0.0,100.0,Low,0,No failure,0
4700,L51879,0,0.0,100.0,Low,0,No failure,0
4701,L51880,0,0.0,100.0,Low,0,No failure,0
4702,H34115,0,0.0,100.0,Low,0,No failure,0
4703,L51882,1,0.735,26.5,High,1,Heat Dissipation Failure,0
4704,M19563,0,0.0,100.0,Low,0,No failure,0
4705,L51884,0,0.0075,99.2,Low,0,No failure,0
4706,L51885,0,0.0,100.0,Low,0,No failure,0
4707,L51886,0,0.0,100.0,Low,0,No failure,0
4708,L51887,0,0.0,100.0,Low,0,No failure,0
4709,L51888,0,0.0,100.0,Low,0,No failure,0
4710,M19569,0,0.0125,98.8,Low,0,No failure,0
4711,L51890,0,0.0,100.0,Low,0,No failure,0
4712,M19571,0,0.0075,99.2,Low,0,No failure,0
4713,L51892,0,0.0,100.0,Low,0,No failure,0
4714,L51893,0,0.0025,99.8,Low,0,No failure,0
4715,H34128,0,0.0,100.0,Low,0,No failure,0
4716,L51895,0,0.0,100.0,Low,0,No failure,0
4717,L51896,0,0.0,100.0,Low,0,No failure,0
4718,M19577,0,0.005,99.5,Low,0,No failure,0
4719,L51898,1,0.97,3.0,High,1,Heat Dissipation Failure,0
4720,M19579,0,0.0,100.0,Low,0,No failure,0
4721,M19580,1,0.895,10.5,High,1,Heat Dissipation Failure,0
4722,L51901,0,0.0,100.0,Low,0,No failure,0
4723,M19582,0,0.015,98.5,Low,0,No failure,0
4724,L51903,1,0.895,10.5,High,1,Heat Dissipation Failure,0
4725,L51904,0,0.0,100.0,Low,0,No failure,0
4726,M19585,0,0.005,99.5,Low,0,No failure,0
4727,M19586,0,0.03,97.0,Low,0,No failure,0
4728,M19587,1,0.9025,9.8,High,1,Heat Dissipation Failure,0
4729,L51908,0,0.0975,90.2,Low,0,No failure,0
4730,L51909,1,0.985,1.5,High,1,Multiple causes,0
4731,L51910,0,0.0225,97.8,Low,0,No failure,0
4732,L51911,1,0.67,33.0,High,1,Heat Dissipation Failure,0
4733,L51912,0,0.0075,99.2,Low,0,No failure,0
4734,L51913,0,0.02,98.0,Low,0,No failure,0
4735,L51914,0,0.0025,99.8,Low,0,No failure,0
4736,L51915,0,0.0075,99.2,Low,0,No failure,0
4737,L51916,0,0.0025,99.8,Low,0,No failure,0
4738,M19597,1,0.885,11.5,High,1,Heat Dissipation Failure,0
4739,M19598,0,0.0,100.0,Low,0,No failure,0
4740,L51919,1,0.8975,10.3,High,1,Heat Dissipation Failure,0
4741,L51920,0,0.0,100.0,Low,0,No failure,0
4742,L51921,0,0.015,98.5,Low,0,No failure,0
4743,L51922,0,0.0,100.0,Low,0,No failure,0
4744,L51923,0,0.0,100.0,Low,0,No failure,0
4745,L51924,0,0.01,99.0,Low,0,No failure,0
4746,H34159,0,0.0,100.0,Low,0,No failure,0
4747,L51926,0,0.0,100.0,Low,0,No failure,0
4748,L51927,0,0.0,100.0,Low,0,No failure,0
4749,L51928,1,0.9575,4.2,High,1,Heat Dissipation Failure,0
4750,L51929,0,0.0075,99.2,Low,0,No failure,0
4751,M19610,0,0.0,100.0,Low,0,No failure,0
4752,L51931,0,0.0,100.0,Low,0,No failure,0
4753,H34166,0,0.0,100.0,Low,0,No failure,0
4754,H34167,0,0.0,100.0,Low,0,No failure,0
4755,M19614,0,0.04,96.0,Low,0,No failure,0
4756,L51935,1,0.9875,1.2,High,1,Heat Dissipation Failure,0
4757,H34170,0,0.0,100.0,Low,0,No failure,0
4758,L51937,0,0.0,100.0,Low,0,No failure,0
4759,L51938,0,0.0,100.0,Low,0,No failure,0
4760,L51939,1,0.9625,3.7,High,1,Heat Dissipation Failure,0
4761,L51940,0,0.0,100.0,Low,0,No failure,0
4762,H34175,1,0.9125,8.8,High,1,Heat Dissipation Failure,0
4763,M19622,1,0.925,7.5,High,1,Power Failure,0
4764,L51943,0,0.005,99.5,Low,0,No failure,0
4765,M19624,0,0.0125,98.8,Low,0,No failure,0
4766,L51945,0,0.02,98.0,Low,0,No failure,0
4767,M19626,0,0.0025,99.8,Low,0,No failure,0
4768,L51947,0,0.0,100.0,Low,0,No failure,0
4769,L51948,1,0.9375,6.2,High,1,Heat Dissipation Failure,0
4770,H34183,0,0.0,100.0,Low,0,No failure,0
4771,L51950,1,0.96,4.0,High,1,Heat Dissipation Failure,0
4772,M19631,0,0.0,100.0,Low,0,No failure,0
4773,M19632,0,0.0025,99.8,Low,0,No failure,0
4774,L51953,0,0.0175,98.2,Low,0,No failure,0
4775,L51954,0,0.0025,99.8,Low,0,No failure,0
4776,L51955,0,0.0,100.0,Low,0,No failure,0
4777,L51956,0,0.0,100.0,Low,0,No failure,0
4778,M19637,0,0.0,100.0,Low,0,No failure,0
4779,H34192,1,0.6825,31.8,High,1,Heat Dissipation Failure,0
4780,L51959,0,0.0,100.0,Low,0,No failure,0
4781,L51960,0,0.0025,99.8,Low,0,No failure,0
4782,L51961,0,0.0025,99.8,Low,0,No failure,0
4783,L51962,0,0.0075,99.2,Low,0,No failure,0
4784,L51963,0,0.0,100.0,Low,0,No failure,0
4785,L51964,0,0.0,100.0,Low,0,No failure,0
4786,H34199,0,0.0025,99.8,Low,0,No failure,0
4787,L51966,0,0.0,100.0,Low,0,No failure,0
4788,L51967,0,0.0,100.0,Low,0,No failure,0
4789,H34202,0,0.0,100.0,Low,0,No failure,0
4790,L51969,0,0.0,100.0,Low,0,No failure,0
4791,L51970,0,0.0,100.0,Low,0,No failure,0
4792,M19651,0,0.0,100.0,Low,0,No failure,0
4793,H34206,0,0.0,100.0,Low,0,No failure,0
4794,H34207,0,0.0,100.0,Low,0,No failure,0
4795,L51974,0,0.0,100.0,Low,0,No failure,0
4796,L51975,0,0.0,100.0,Low,0,No failure,0
4797,L51976,0,0.0,100.0,Low,0,No failure,0
4798,L51977,0,0.0075,99.2,Low,0,No failure,0
4799,L51978,0,0.0,100.0,Low,0,No failure,0
4800,L51979,0,0.0025,99.8,Low,0,No failure,0
4801,M19660,0,0.0,100.0,Low,0,No failure,0
4802,L51981,0,0.0,100.0,Low,0,No failure,0
4803,M19662,0,0.01,99.0,Low,0,No failure,0
4804,L51983,0,0.0,100.0,Low,0,No failure,0
4805,L51984,0,0.0,100.0,Low,0,No failure,0
4806,L51985,0,0.0,100.0,Low,0,No failure,0
4807,H34220,0,0.0325,96.8,Low,0,No failure,0
4808,L51987,0,0.0025,99.8,Low,0,No failure,0
4809,L51988,0,0.0075,99.2,Low,0,No failure,0
4810,L51989,0,0.0,100.0,Low,0,No failure,0
4811,M19670,0,0.0,100.0,Low,0,No failure,0
4812,M19671,0,0.0,100.0,Low,0,No failure,0
4813,L51992,0,0.0025,99.8,Low,0,No failure,0
4814,M19673,0,0.0275,97.2,Low,0,No failure,0
4815,L51994,1,0.73,27.0,High,1,Overstrain Failure,0
4816,H34229,0,0.0125,98.8,Low,0,No failure,0
4817,L51996,1,0.03,97.0,Low,0,Tool Wear Failure,0
4818,L51997,0,0.0025,99.8,Low,0,No failure,0
4819,M19678,0,0.005,99.5,Low,0,No failure,0
4820,L51999,0,0.0025,99.8,Low,0,No failure,0
4821,M19680,0,0.0,100.0,Low,0,No failure,0
4822,L52001,0,0.0025,99.8,Low,0,No failure,0
4823,L52002,0,0.0,100.0,Low,0,No failure,0
4824,L52003,0,0.0,100.0,Low,0,No failure,0
4825,L52004,0,0.0025,99.8,Low,0,No failure,0
4826,L52005,0,0.0,100.0,Low,0,No failure,0
4827,L52006,0,0.005,99.5,Low,0,No failure,0
4828,L52007,0,0.05,95.0,Low,0,No failure,0
4829,L52008,0,0.0,100.0,Low,0,No failure,0
4830,L52009,0,0.0075,99.2,Low,0,No failure,0
4831,L52010,0,0.0,100.0,Low,0,No failure,0
4832,L52011,1,0.945,5.5,High,1,Heat Dissipation Failure,0
4833,L52012,0,0.0,100.0,Low,0,No failure,0
4834,L52013,1,0.8725,12.7,High,1,Heat Dissipation Failure,0
4835,M19694,0,0.0025,99.8,Low,0,No failure,0
4836,M19695,0,0.005,99.5,Low,0,No failure,0
4837,L52016,1,0.965,3.5,High,1,Heat Dissipation Failure,0
4838,H34251,0,0.0,100.0,Low,0,No failure,0
4839,H34252,0,0.0,100.0,Low,0,No failure,0
4840,H34253,0,0.0,100.0,Low,0,No failure,0
4841,L52020,1,0.965,3.5,High,1,Heat Dissipation Failure,0
4842,M19701,0,0.0075,99.2,Low,0,No failure,0
4843,M19702,0,0.005,99.5,Low,0,No failure,0
4844,L52023,0,0.0,100.0,Low,0,No failure,0
4845,M19704,1,0.9825,1.7,High,1,Heat Dissipation Failure,0
4846,M19705,0,0.0,100.0,Low,0,No failure,0
4847,M19706,0,0.0,100.0,Low,0,No failure,0
4848,L52027,0,0.005,99.5,Low,0,No failure,0
4849,H34262,0,0.045,95.5,Low,0,No failure,0
4850,M19709,0,0.0,100.0,Low,0,No failure,0
4851,L52030,0,0.0125,98.8,Low,0,No failure,0
4852,L52031,1,0.8225,17.8,High,1,Heat Dissipation Failure,0
4853,L52032,0,0.0,100.0,Low,0,No failure,0
4854,L52033,0,0.0,100.0,Low,0,No failure,0
4855,L52034,0,0.0,100.0,Low,0,No failure,0
4856,L52035,0,0.115,88.5,Low,0,No failure,0
4857,M19716,0,0.0,100.0,Low,0,No failure,0
4858,L52037,0,0.0,100.0,Low,0,No failure,0
4859,L52038,0,0.1025,89.8,Low,0,No failure,0
4860,L52039,0,0.0,100.0,Low,0,No failure,0
4861,M19720,0,0.0,100.0,Low,0,No failure,0
4862,L52041,0,0.0,100.0,Low,0,No failure,0
4863,L52042,0,0.235,76.5,Low,0,No failure,0
4864,M19723,0,0.0,100.0,Low,0,No failure,0
4865,L52044,0,0.0,100.0,Low,0,No failure,0
4866,M19725,0,0.0,100.0,Low,0,No failure,0
4867,L52046,0,0.0,100.0,Low,0,No failure,0
4868,L52047,0,0.005,99.5,Low,0,No failure,0
4869,L52048,0,0.0025,99.8,Low,0,No failure,0
4870,L52049,0,0.0,100.0,Low,0,No failure,0
4871,M19730,0,0.0,100.0,Low,0,No failure,0
4872,L52051,0,0.0,100.0,Low,0,No failure,0
4873,L52052,0,0.1,90.0,Low,0,No failure,0
4874,M19733,0,0.0,100.0,Low,0,No failure,0
4875,L52054,0,0.0,100.0,Low,0,No failure,0
4876,L52055,0,0.0,100.0,Low,0,No failure,0
4877,M19736,0,0.0,100.0,Low,0,No failure,0
4878,M19737,0,0.0,100.0,Low,0,No failure,0
4879,L52058,0,0.0075,99.2,Low,0,No failure,0
4880,H34293,0,0.0,100.0,Low,0,No failure,0
4881,M19740,0,0.0,100.0,Low,0,No failure,0
4882,M19741,0,0.0,100.0,Low,0,No failure,0
4883,L52062,0,0.0,100.0,Low,0,No failure,0
4884,M19743,0,0.0,100.0,Low,0,No failure,0
4885,H34298,0,0.0,100.0,Low,0,No failure,0
4886,H34299,0,0.0,100.0,Low,0,No failure,0
4887,L52066,0,0.005,99.5,Low,0,No failure,0
4888,L52067,0,0.0,100.0,Low,0,No failure,0
4889,L52068,0,0.0,100.0,Low,0,No failure,0
4890,L52069,0,0.0,100.0,Low,0,No failure,0
4891,L52070,0,0.0,100.0,Low,0,No failure,0
4892,M19751,0,0.0,100.0,Low,0,No failure,0
4893,L52072,0,0.0,100.0,Low,0,No failure,0
4894,M19753,0,0.0,100.0,Low,0,No failure,0
4895,H34308,0,0.0075,99.2,Low,0,No failure,0
4896,M19755,0,0.0,100.0,Low,0,No failure,0
4897,M19756,0,0.0025,99.8,Low,0,No failure,0
4898,H34311,0,0.0225,97.8,Low,0,No failure,0
4899,H34312,0,0.38,62.0,Medium,1,No failure,0
4900,L52079,0,0.0125,98.8,Low,0,No failure,0
4901,L52080,0,0.0125,98.8,Low,0,No failure,0
4902,M19761,0,0.0075,99.2,Low,0,No failure,0
4903,L52082,0,0.04,96.0,Low,0,No failure,0
4904,L52083,0,0.0025,99.8,Low,0,No failure,0
4905,H34318,0,0.0,100.0,Low,0,No failure,0
4906,L52085,0,0.015,98.5,Low,0,No failure,0
4907,H34320,0,0.0,100.0,Low,0,No failure,0
4908,M19767,0,0.0,100.0,Low,0,No failure,0
4909,M19768,0,0.0,100.0,Low,0,No failure,0
4910,L52089,0,0.0,100.0,Low,0,No failure,0
4911,M19770,0,0.0,100.0,Low,0,No failure,0
4912,L52091,0,0.0,100.0,Low,0,No failure,0
4913,L52092,0,0.0,100.0,Low,0,No failure,0
4914,M19773,0,0.0,100.0,Low,0,No failure,0
4915,M19774,0,0.0,100.0,Low,0,No failure,0
4916,H34329,0,0.0,100.0,Low,0,No failure,0
4917,H34330,0,0.0,100.0,Low,0,No failure,0
4918,M19777,0,0.0,100.0,Low,0,No failure,0
4919,L52098,0,0.0,100.0,Low,0,No failure,0
4920,L52099,0,0.0,100.0,Low,0,No failure,0
4921,L52100,1,0.8325,16.8,High,1,Power Failure,0
4922,L52101,0,0.035,96.5,Low,0,No failure,0
4923,M19782,0,0.0,100.0,Low,0,No failure,0
4924,M19783,0,0.0,100.0,Low,0,No failure,0
4925,H34338,0,0.0,100.0,Low,0,No failure,0
4926,L52105,0,0.0,100.0,Low,0,No failure,0
4927,L52106,0,0.0,100.0,Low,0,No failure,0
4928,M19787,0,0.0025,99.8,Low,0,No failure,0
4929,L52108,0,0.0,100.0,Low,0,No failure,0
4930,L52109,0,0.01,99.0,Low,0,No failure,0
4931,L52110,0,0.0,100.0,Low,0,No failure,0
4932,M19791,0,0.0,100.0,Low,0,No failure,0
4933,L52112,0,0.0,100.0,Low,0,No failure,0
4934,H34347,0,0.0,100.0,Low,0,No failure,0
4935,L52114,0,0.0,100.0,Low,0,No failure,0
4936,L52115,0,0.0,100.0,Low,0,No failure,0
4937,L52116,1,0.8125,18.8,High,1,Power Failure,0
4938,L52117,0,0.0,100.0,Low,0,No failure,0
4939,M19798,0,0.0,100.0,Low,0,No failure,0
4940,L52119,0,0.1075,89.2,Low,0,No failure,0
4941,L52120,0,0.0,100.0,Low,0,No failure,0
4942,M19801,0,0.0,100.0,Low,0,No failure,0
4943,L52122,0,0.0,100.0,Low,0,No failure,0
4944,H34357,0,0.0,100.0,Low,0,No failure,0
4945,M19804,0,0.0,100.0,Low,0,No failure,0
4946,L52125,0,0.0,100.0,Low,0,No failure,0
4947,M19806,0,0.0,100.0,Low,0,No failure,0
4948,L52127,0,0.0,100.0,Low,0,No failure,0
4949,M19808,0,0.0,100.0,Low,0,No failure,0
4950,M19809,0,0.0,100.0,Low,0,No failure,0
4951,M19810,0,0.0,100.0,Low,0,No failure,0
4952,L52131,0,0.0,100.0,Low,0,No failure,0
4953,M19812,0,0.0025,99.8,Low,0,No failure,0
4954,L52133,0,0.0,100.0,Low,0,No failure,0
4955,L52134,0,0.0,100.0,Low,0,No failure,0
4956,M19815,0,0.01,99.0,Low,0,No failure,0
4957,M19816,0,0.0025,99.8,Low,0,No failure,0
4958,M19817,0,0.0,100.0,Low,0,No failure,0
4959,L52138,0,0.0,100.0,Low,0,No failure,0
4960,L52139,0,0.0,100.0,Low,0,No failure,0
4961,L52140,0,0.095,90.5,Low,0,No failure,0
4962,L52141,0,0.0,100.0,Low,0,No failure,0
4963,M19822,0,0.0,100.0,Low,0,No failure,0
4964,L52143,0,0.0,100.0,Low,0,No failure,0
4965,L52144,0,0.0,100.0,Low,0,No failure,0
4966,M19825,0,0.005,99.5,Low,0,No failure,0
4967,L52146,0,0.0,100.0,Low,0,No failure,0
4968,L52147,0,0.01,99.0,Low,0,No failure,0
4969,M19828,0,0.0,100.0,Low,0,No failure,0
4970,L52149,0,0.0,100.0,Low,0,No failure,0
4971,L52150,0,0.0,100.0,Low,0,No failure,0
4972,L52151,0,0.0,100.0,Low,0,No failure,0
4973,H34386,0,0.0,100.0,Low,0,No failure,0
4974,L52153,0,0.0,100.0,Low,0,No failure,0
4975,L52154,0,0.005,99.5,Low,0,No failure,0
4976,L52155,0,0.0,100.0,Low,0,No failure,0
4977,L52156,1,0.7,30.0,High,1,Overstrain Failure,0
4978,L52157,0,0.0,100.0,Low,0,No failure,0
4979,L52158,0,0.0025,99.8,Low,0,No failure,0
4980,M19839,0,0.0025,99.8,Low,0,No failure,0
4981,M19840,0,0.0025,99.8,Low,0,No failure,0
4982,M19841,0,0.015,98.5,Low,0,No failure,0
4983,L52162,0,0.0125,98.8,Low,0,No failure,0
4984,L52163,0,0.0075,99.2,Low,0,No failure,0
4985,L52164,1,0.455,54.5,Medium,1,Overstrain Failure,0
4986,M19845,0,0.0075,99.2,Low,0,No failure,0
4987,L52166,0,0.0,100.0,Low,0,No failure,0
4988,M19847,0,0.0025,99.8,Low,0,No failure,0
4989,L52168,1,0.6825,31.8,High,1,Power Failure,0
4990,L52169,0,0.0,100.0,Low,0,No failure,0
4991,L52170,0,0.0,100.0,Low,0,No failure,0
4992,M19851,0,0.0,100.0,Low,0,No failure,0
4993,L52172,0,0.0,100.0,Low,0,No failure,0
4994,L52173,0,0.0,100.0,Low,0,No failure,0
4995,M19854,0,0.0,100.0,Low,0,No failure,0
4996,L52175,0,0.0,100.0,Low,0,No failure,0
4997,M19856,0,0.0,100.0,Low,0,No failure,0
4998,M19857,1,0.945,5.5,High,1,Power Failure,0
4999,M19858,0,0.0,100.0,Low,0,No failure,0
5000,M19859,0,0.0,100.0,Low,0,No failure,0
5001,L52180,0,0.0,100.0,Low,0,No failure,0
5002,M19861,0,0.0,100.0,Low,0,No failure,0
5003,L52182,0,0.0,100.0,Low,0,No failure,0
5004,L52183,0,0.0,100.0,Low,0,No failure,0
5005,L52184,0,0.0,100.0,Low,0,No failure,0
5006,M19865,0,0.0,100.0,Low,0,No failure,0
5007,M19866,0,0.0,100.0,Low,0,No failure,0
5008,L52187,0,0.0,100.0,Low,0,No failure,0
5009,H34422,0,0.0,100.0,Low,0,No failure,0
5010,L52189,0,0.0,100.0,Low,0,No failure,0
5011,L52190,0,0.0,100.0,Low,0,No failure,0
5012,M19871,0,0.0,100.0,Low,0,No failure,0
5013,M19872,0,0.0,100.0,Low,0,No failure,0
5014,M19873,0,0.0,100.0,Low,0,No failure,0
5015,L52194,0,0.0,100.0,Low,0,No failure,0
5016,L52195,0,0.0,100.0,Low,0,No failure,0
5017,L52196,0,0.0,100.0,Low,0,No failure,0
5018,L52197,0,0.0,100.0,Low,0,No failure,0
5019,M19878,0,0.0,100.0,Low,0,No failure,0
5020,M19879,0,0.0,100.0,Low,0,No failure,0
5021,L52200,0,0.0,100.0,Low,0,No failure,0
5022,L52201,0,0.0275,97.2,Low,0,No failure,0
5023,L52202,0,0.0,100.0,Low,0,No failure,0
5024,M19883,0,0.0,100.0,Low,0,No failure,0
5025,L52204,0,0.0,100.0,Low,0,No failure,0
5026,M19885,0,0.0,100.0,Low,0,No failure,0
5027,L52206,0,0.0,100.0,Low,0,No failure,0
5028,L52207,0,0.0025,99.8,Low,0,No failure,0
5029,M19888,0,0.0,100.0,Low,0,No failure,0
5030,M19889,0,0.0,100.0,Low,0,No failure,0
5031,M19890,0,0.0025,99.8,Low,0,No failure,0
5032,M19891,0,0.0,100.0,Low,0,No failure,0
5033,M19892,0,0.0,100.0,Low,0,No failure,0
5034,L52213,0,0.0,100.0,Low,0,No failure,0
5035,M19894,0,0.0,100.0,Low,0,No failure,0
5036,M19895,0,0.0,100.0,Low,0,No failure,0
5037,L52216,0,0.0,100.0,Low,0,No failure,0
5038,M19897,0,0.0,100.0,Low,0,No failure,0
5039,L52218,0,0.0,100.0,Low,0,No failure,0
5040,H34453,0,0.0,100.0,Low,0,No failure,0
5041,H34454,0,0.0,100.0,Low,0,No failure,0
5042,L52221,0,0.0075,99.2,Low,0,No failure,0
5043,L52222,0,0.0,100.0,Low,0,No failure,0
5044,L52223,0,0.0,100.0,Low,0,No failure,0
5045,L52224,0,0.0,100.0,Low,0,No failure,0
5046,M19905,0,0.0,100.0,Low,0,No failure,0
5047,M19906,0,0.0,100.0,Low,0,No failure,0
5048,M19907,0,0.0,100.0,Low,0,No failure,0
5049,H34462,1,0.7225,27.7,High,1,Power Failure,0
5050,H34463,0,0.0,100.0,Low,0,No failure,0
5051,H34464,0,0.0,100.0,Low,0,No failure,0
5052,L52231,0,0.0,100.0,Low,0,No failure,0
5053,L52232,0,0.0025,99.8,Low,0,No failure,0
5054,L52233,0,0.0,100.0,Low,0,No failure,0
5055,L52234,0,0.0,100.0,Low,0,No failure,0
5056,H34469,0,0.005,99.5,Low,0,No failure,0
5057,M19916,0,0.0075,99.2,Low,0,No failure,0
5058,L52237,0,0.0175,98.2,Low,0,No failure,0
5059,L52238,0,0.0,100.0,Low,0,No failure,0
5060,L52239,0,0.01,99.0,Low,0,No failure,0
5061,L52240,0,0.0,100.0,Low,0,No failure,0
5062,L52241,1,0.7875,21.3,High,1,Overstrain Failure,0
5063,L52242,0,0.1175,88.2,Low,0,No failure,0
5064,H34477,0,0.0,100.0,Low,0,No failure,0
5065,L52244,0,0.0,100.0,Low,0,No failure,0
5066,L52245,0,0.0,100.0,Low,0,No failure,0
5067,L52246,0,0.0,100.0,Low,0,No failure,0
5068,M19927,0,0.0,100.0,Low,0,No failure,0
5069,M19928,0,0.0,100.0,Low,0,No failure,0
5070,M19929,0,0.0,100.0,Low,0,No failure,0
5071,M19930,0,0.0,100.0,Low,0,No failure,0
5072,H34485,0,0.0025,99.8,Low,0,No failure,0
5073,L52252,0,0.0,100.0,Low,0,No failure,0
5074,M19933,0,0.0,100.0,Low,0,No failure,0
5075,L52254,0,0.0,100.0,Low,0,No failure,0
5076,L52255,0,0.0,100.0,Low,0,No failure,0
5077,L52256,0,0.0,100.0,Low,0,No failure,0
5078,L52257,0,0.0,100.0,Low,0,No failure,0
5079,M19938,0,0.0,100.0,Low,0,No failure,0
5080,M19939,0,0.005,99.5,Low,0,No failure,0
5081,L52260,0,0.0,100.0,Low,0,No failure,0
5082,M19941,0,0.0,100.0,Low,0,No failure,0
5083,H34496,0,0.0,100.0,Low,0,No failure,0
5084,L52263,0,0.005,99.5,Low,0,No failure,0
5085,L52264,0,0.0,100.0,Low,0,No failure,0
5086,M19945,0,0.01,99.0,Low,0,No failure,0
5087,L52266,0,0.0,100.0,Low,0,No failure,0
5088,M19947,0,0.0,100.0,Low,0,No failure,0
5089,L52268,0,0.0,100.0,Low,0,No failure,0
5090,M19949,0,0.0,100.0,Low,0,No failure,0
5091,M19950,0,0.0,100.0,Low,0,No failure,0
5092,L52271,0,0.0,100.0,Low,0,No failure,0
5093,M19952,0,0.0,100.0,Low,0,No failure,0
5094,M19953,0,0.005,99.5,Low,0,No failure,0
5095,M19954,0,0.0,100.0,Low,0,No failure,0
5096,M19955,0,0.0,100.0,Low,0,No failure,0
5097,H34510,0,0.0,100.0,Low,0,No failure,0
5098,L52277,0,0.0,100.0,Low,0,No failure,0
5099,L52278,0,0.0,100.0,Low,0,No failure,0
5100,L52279,0,0.0,100.0,Low,0,No failure,0
5101,M19960,0,0.0,100.0,Low,0,No failure,0
5102,M19961,0,0.0,100.0,Low,0,No failure,0
5103,M19962,0,0.0,100.0,Low,0,No failure,0
5104,L52283,0,0.0,100.0,Low,0,No failure,0
5105,L52284,0,0.0,100.0,Low,0,No failure,0
5106,L52285,0,0.0075,99.2,Low,0,No failure,0
5107,L52286,0,0.0,100.0,Low,0,No failure,0
5108,L52287,0,0.0,100.0,Low,0,No failure,0
5109,L52288,0,0.0,100.0,Low,0,No failure,0
5110,M19969,0,0.0,100.0,Low,0,No failure,0
5111,M19970,0,0.0,100.0,Low,0,No failure,0
5112,L52291,0,0.0,100.0,Low,0,No failure,0
5113,M19972,0,0.0,100.0,Low,0,No failure,0
5114,L52293,0,0.0,100.0,Low,0,No failure,0
5115,M19974,0,0.0075,99.2,Low,0,No failure,0
5116,M19975,0,0.0025,99.8,Low,0,No failure,0
5117,L52296,0,0.005,99.5,Low,0,No failure,0
5118,L52297,0,0.0,100.0,Low,0,No failure,0
5119,M19978,0,0.0,100.0,Low,0,No failure,0
5120,L52299,0,0.0,100.0,Low,0,No failure,0
5121,M19980,0,0.0,100.0,Low,0,No failure,0
5122,L52301,0,0.0,100.0,Low,0,No failure,0
5123,H34536,0,0.0,100.0,Low,0,No failure,0
5124,M19983,0,0.0,100.0,Low,0,No failure,0
5125,M19984,0,0.0,100.0,Low,0,No failure,0
5126,M19985,0,0.0,100.0,Low,0,No failure,0
5127,L52306,0,0.0,100.0,Low,0,No failure,0
5128,M19987,0,0.01,99.0,Low,0,No failure,0
5129,L52308,0,0.0,100.0,Low,0,No failure,0
5130,M19989,0,0.0,100.0,Low,0,No failure,0
5131,L52310,0,0.0,100.0,Low,0,No failure,0
5132,L52311,0,0.0,100.0,Low,0,No failure,0
5133,L52312,0,0.0025,99.8,Low,0,No failure,0
5134,L52313,0,0.0,100.0,Low,0,No failure,0
5135,L52314,0,0.0,100.0,Low,0,No failure,0
5136,L52315,0,0.0,100.0,Low,0,No failure,0
5137,L52316,0,0.0,100.0,Low,0,No failure,0
5138,L52317,0,0.0025,99.8,Low,0,No failure,0
5139,M19998,0,0.0,100.0,Low,0,No failure,0
5140,M19999,0,0.01,99.0,Low,0,No failure,0
5141,M20000,0,0.0075,99.2,Low,0,No failure,0
5142,L52321,1,0.605,39.5,High,1,Tool Wear Failure,0
5143,L52322,0,0.0,100.0,Low,0,No failure,0
5144,M20003,0,0.0,100.0,Low,0,No failure,0
5145,L52324,0,0.03,97.0,Low,0,No failure,0
5146,L52325,0,0.0175,98.2,Low,0,No failure,0
5147,L52326,0,0.0025,99.8,Low,0,No failure,0
5148,L52327,0,0.0025,99.8,Low,0,No failure,0
5149,L52328,0,0.0075,99.2,Low,0,No failure,0
5150,L52329,0,0.0,100.0,Low,0,No failure,0
5151,L52330,0,0.0,100.0,Low,0,No failure,0
5152,L52331,0,0.005,99.5,Low,0,No failure,0
5153,L52332,0,0.3275,67.2,Medium,0,No failure,0
5154,L52333,0,0.0,100.0,Low,0,No failure,0
5155,L52334,0,0.0,100.0,Low,0,No failure,0
5156,H34569,0,0.0,100.0,Low,0,No failure,0
5157,L52336,0,0.0,100.0,Low,0,No failure,0
5158,H34571,0,0.0,100.0,Low,0,No failure,0
5159,L52338,0,0.0,100.0,Low,0,No failure,0
5160,L52339,0,0.0,100.0,Low,0,No failure,0
5161,L52340,0,0.0025,99.8,Low,0,No failure,0
5162,M20021,0,0.0,100.0,Low,0,No failure,0
5163,L52342,0,0.0,100.0,Low,0,No failure,0
5164,M20023,0,0.0,100.0,Low,0,No failure,0
5165,M20024,0,0.0,100.0,Low,0,No failure,0
5166,L52345,0,0.0,100.0,Low,0,No failure,0
5167,H34580,0,0.0,100.0,Low,0,No failure,0
5168,L52347,0,0.0,100.0,Low,0,No failure,0
5169,H34582,0,0.0,100.0,Low,0,No failure,0
5170,L52349,0,0.0,100.0,Low,0,No failure,0
5171,M20030,0,0.0,100.0,Low,0,No failure,0
5172,M20031,0,0.01,99.0,Low,0,No failure,0
5173,L52352,0,0.0,100.0,Low,0,No failure,0
5174,M20033,0,0.0,100.0,Low,0,No failure,0
5175,M20034,0,0.0,100.0,Low,0,No failure,0
5176,L52355,0,0.0,100.0,Low,0,No failure,0
5177,M20036,0,0.0,100.0,Low,0,No failure,0
5178,H34591,0,0.005,99.5,Low,0,No failure,0
5179,H34592,0,0.0,100.0,Low,0,No failure,0
5180,M20039,0,0.0,100.0,Low,0,No failure,0
5181,L52360,0,0.0,100.0,Low,0,No failure,0
5182,L52361,0,0.0,100.0,Low,0,No failure,0
5183,L52362,0,0.0,100.0,Low,0,No failure,0
5184,M20043,0,0.0,100.0,Low,0,No failure,0
5185,L52364,0,0.0,100.0,Low,0,No failure,0
5186,L52365,0,0.0,100.0,Low,0,No failure,0
5187,L52366,0,0.005,99.5,Low,0,No failure,0
5188,L52367,0,0.0,100.0,Low,0,No failure,0
5189,L52368,0,0.0,100.0,Low,0,No failure,0
5190,M20049,0,0.0025,99.8,Low,0,No failure,0
5191,L52370,0,0.0,100.0,Low,0,No failure,0
5192,L52371,0,0.0025,99.8,Low,0,No failure,0
5193,L52372,0,0.0325,96.8,Low,0,No failure,0
5194,H34607,0,0.0,100.0,Low,0,No failure,0
5195,M20054,0,0.0,100.0,Low,0,No failure,0
5196,L52375,0,0.0,100.0,Low,0,No failure,0
5197,H34610,0,0.0,100.0,Low,0,No failure,0
5198,H34611,0,0.0,100.0,Low,0,No failure,0
5199,L52378,0,0.0,100.0,Low,0,No failure,0
5200,L52379,0,0.0,100.0,Low,0,No failure,0
5201,L52380,0,0.0625,93.8,Low,0,No failure,0
5202,M20061,0,0.0,100.0,Low,0,No failure,0
5203,L52382,0,0.0175,98.2,Low,0,No failure,0
5204,M20063,0,0.0,100.0,Low,0,No failure,0
5205,L52384,0,0.0,100.0,Low,0,No failure,0
5206,L52385,0,0.0,100.0,Low,0,No failure,0
5207,H34620,0,0.0,100.0,Low,0,No failure,0
5208,M20067,0,0.0,100.0,Low,0,No failure,0
5209,L52388,0,0.0,100.0,Low,0,No failure,0
5210,M20069,0,0.0,100.0,Low,0,No failure,0
5211,L52390,0,0.0,100.0,Low,0,No failure,0
5212,L52391,0,0.01,99.0,Low,0,No failure,0
5213,L52392,0,0.0,100.0,Low,0,No failure,0
5214,M20073,0,0.005,99.5,Low,0,No failure,0
5215,L52394,0,0.0025,99.8,Low,0,No failure,0
5216,M20075,0,0.0,100.0,Low,0,No failure,0
5217,M20076,0,0.09,91.0,Low,0,No failure,0
5218,M20077,0,0.0075,99.2,Low,0,No failure,0
5219,L52398,0,0.015,98.5,Low,0,No failure,0
5220,L52399,1,0.84,16.0,High,1,Overstrain Failure,0
5221,L52400,0,0.0125,98.8,Low,0,No failure,0
5222,L52401,0,0.01,99.0,Low,0,No failure,0
5223,L52402,0,0.0,100.0,Low,0,No failure,0
5224,M20083,0,0.0,100.0,Low,0,No failure,0
5225,L52404,0,0.0,100.0,Low,0,No failure,0
5226,M20085,0,0.0025,99.8,Low,0,No failure,0
5227,L52406,0,0.0,100.0,Low,0,No failure,0
5228,L52407,0,0.0,100.0,Low,0,No failure,0
5229,M20088,0,0.015,98.5,Low,0,No failure,0
5230,H34643,0,0.0,100.0,Low,0,No failure,0
5231,M20090,0,0.0,100.0,Low,0,No failure,0
5232,L52411,0,0.0,100.0,Low,0,No failure,0
5233,L52412,0,0.0225,97.8,Low,0,No failure,0
5234,L52413,0,0.0,100.0,Low,0,No failure,0
5235,L52414,0,0.0,100.0,Low,0,No failure,0
5236,M20095,0,0.0,100.0,Low,0,No failure,0
5237,L52416,0,0.0,100.0,Low,0,No failure,0
5238,L52417,0,0.0,100.0,Low,0,No failure,0
5239,L52418,0,0.0,100.0,Low,0,No failure,0
5240,L52419,0,0.0,100.0,Low,0,No failure,0
5241,L52420,0,0.0,100.0,Low,0,No failure,0
5242,L52421,0,0.0,100.0,Low,0,No failure,0
5243,L52422,0,0.0,100.0,Low,0,No failure,0
5244,L52423,0,0.0,100.0,Low,0,No failure,0
5245,L52424,0,0.0,100.0,Low,0,No failure,0
5246,L52425,0,0.0,100.0,Low,0,No failure,0
5247,L52426,0,0.0,100.0,Low,0,No failure,0
5248,L52427,0,0.0,100.0,Low,0,No failure,0
5249,M20108,0,0.0,100.0,Low,0,No failure,0
5250,M20109,0,0.0,100.0,Low,0,No failure,0
5251,L52430,0,0.0,100.0,Low,0,No failure,0
5252,M20111,0,0.005,99.5,Low,0,No failure,0
5253,L52432,0,0.0,100.0,Low,0,No failure,0
5254,L52433,0,0.0,100.0,Low,0,No failure,0
5255,L52434,0,0.0,100.0,Low,0,No failure,0
5256,M20115,0,0.0,100.0,Low,0,No failure,0
5257,L52436,0,0.0,100.0,Low,0,No failure,0
5258,L52437,0,0.0,100.0,Low,0,No failure,0
5259,M20118,0,0.0,100.0,Low,0,No failure,0
5260,L52439,0,0.0,100.0,Low,0,No failure,0
5261,M20120,0,0.0,100.0,Low,0,No failure,0
5262,L52441,0,0.0,100.0,Low,0,No failure,0
5263,L52442,0,0.0,100.0,Low,0,No failure,0
5264,L52443,0,0.0,100.0,Low,0,No failure,0
5265,L52444,0,0.0,100.0,Low,0,No failure,0
5266,M20125,0,0.0,100.0,Low,0,No failure,0
5267,M20126,0,0.0,100.0,Low,0,No failure,0
5268,M20127,0,0.0,100.0,Low,0,No failure,0
5269,L52448,0,0.0025,99.8,Low,0,No failure,0
5270,L52449,0,0.0,100.0,Low,0,No failure,0
5271,L52450,0,0.0825,91.8,Low,0,No failure,0
5272,L52451,0,0.0,100.0,Low,0,No failure,0
5273,M20132,0,0.0,100.0,Low,0,No failure,0
5274,L52453,0,0.0,100.0,Low,0,No failure,0
5275,L52454,0,0.0,100.0,Low,0,No failure,0
5276,L52455,0,0.0,100.0,Low,0,No failure,0
5277,L52456,0,0.0,100.0,Low,0,No failure,0
5278,L52457,0,0.0,100.0,Low,0,No failure,0
5279,M20138,0,0.0,100.0,Low,0,No failure,0
5280,L52459,0,0.0,100.0,Low,0,No failure,0
5281,L52460,0,0.0,100.0,Low,0,No failure,0
5282,M20141,0,0.0,100.0,Low,0,No failure,0
5283,H34696,0,0.0,100.0,Low,0,No failure,0
5284,L52463,0,0.0,100.0,Low,0,No failure,0
5285,M20144,0,0.0,100.0,Low,0,No failure,0
5286,L52465,0,0.0,100.0,Low,0,No failure,0
5287,L52466,0,0.0025,99.8,Low,0,No failure,0
5288,H34701,0,0.0,100.0,Low,0,No failure,0
5289,L52468,0,0.0,100.0,Low,0,No failure,0
5290,M20149,0,0.0,100.0,Low,0,No failure,0
5291,L52470,0,0.0,100.0,Low,0,No failure,0
5292,L52471,0,0.0025,99.8,Low,0,No failure,0
5293,M20152,0,0.0,100.0,Low,0,No failure,0
5294,M20153,0,0.01,99.0,Low,0,No failure,0
5295,L52474,0,0.0075,99.2,Low,0,No failure,0
5296,L52475,0,0.0,100.0,Low,0,No failure,0
5297,H34710,0,0.0,100.0,Low,0,No failure,0
5298,L52477,0,0.005,99.5,Low,0,No failure,0
5299,M20158,0,0.0,100.0,Low,0,No failure,0
5300,L52479,0,0.0025,99.8,Low,0,No failure,0
5301,M20160,0,0.0,100.0,Low,0,No failure,0
5302,L52481,0,0.085,91.5,Low,0,No failure,0
5303,L52482,0,0.0025,99.8,Low,0,No failure,0
5304,L52483,0,0.0025,99.8,Low,0,No failure,0
5305,L52484,0,0.0075,99.2,Low,0,No failure,0
5306,H34719,0,0.0,100.0,Low,0,No failure,0
5307,H34720,0,0.0075,99.2,Low,0,No failure,0
5308,L52487,0,0.07,93.0,Low,0,No failure,0
5309,L52488,0,0.025,97.5,Low,0,No failure,0
5310,M20169,1,0.62,38.0,High,1,Tool Wear Failure,0
5311,L52490,0,0.0025,99.8,Low,0,No failure,0
5312,H34725,0,0.0,100.0,Low,0,No failure,0
5313,L52492,0,0.0025,99.8,Low,0,No failure,0
5314,M20173,0,0.0,100.0,Low,0,No failure,0
5315,L52494,0,0.0,100.0,Low,0,No failure,0
5316,L52495,0,0.0,100.0,Low,0,No failure,0
5317,M20176,0,0.0,100.0,Low,0,No failure,0
5318,L52497,0,0.0,100.0,Low,0,No failure,0
5319,L52498,0,0.0,100.0,Low,0,No failure,0
5320,M20179,0,0.0,100.0,Low,0,No failure,0
5321,L52500,0,0.0025,99.8,Low,0,No failure,0
5322,M20181,0,0.0,100.0,Low,0,No failure,0
5323,M20182,0,0.005,99.5,Low,0,No failure,0
5324,M20183,0,0.0,100.0,Low,0,No failure,0
5325,M20184,0,0.0,100.0,Low,0,No failure,0
5326,L52505,0,0.0,100.0,Low,0,No failure,0
5327,M20186,0,0.0,100.0,Low,0,No failure,0
5328,M20187,0,0.0025,99.8,Low,0,No failure,0
5329,M20188,0,0.0,100.0,Low,0,No failure,0
5330,L52509,0,0.0,100.0,Low,0,No failure,0
5331,L52510,0,0.0,100.0,Low,0,No failure,0
5332,L52511,0,0.0,100.0,Low,0,No failure,0
5333,H34746,0,0.0,100.0,Low,0,No failure,0
5334,M20193,0,0.0,100.0,Low,0,No failure,0
5335,M20194,1,0.975,2.5,High,1,Power Failure,0
5336,M20195,0,0.0,100.0,Low,0,No failure,0
5337,L52516,0,0.0,100.0,Low,0,No failure,0
5338,M20197,0,0.0,100.0,Low,0,No failure,0
5339,M20198,0,0.0,100.0,Low,0,No failure,0
5340,M20199,0,0.0,100.0,Low,0,No failure,0
5341,L52520,0,0.0,100.0,Low,0,No failure,0
5342,H34755,0,0.015,98.5,Low,0,No failure,0
5343,M20202,0,0.0,100.0,Low,0,No failure,0
5344,L52523,0,0.0,100.0,Low,0,No failure,0
5345,L52524,0,0.0,100.0,Low,0,No failure,0
5346,L52525,0,0.0,100.0,Low,0,No failure,0
5347,L52526,0,0.0,100.0,Low,0,No failure,0
5348,L52527,0,0.035,96.5,Low,0,No failure,0
5349,L52528,0,0.0,100.0,Low,0,No failure,0
5350,M20209,0,0.0,100.0,Low,0,No failure,0
5351,M20210,0,0.0,100.0,Low,0,No failure,0
5352,M20211,0,0.0,100.0,Low,0,No failure,0
5353,M20212,0,0.0,100.0,Low,0,No failure,0
5354,L52533,0,0.0,100.0,Low,0,No failure,0
5355,L52534,0,0.0,100.0,Low,0,No failure,0
5356,H34769,0,0.005,99.5,Low,0,No failure,0
5357,H34770,0,0.0025,99.8,Low,0,No failure,0
5358,L52537,0,0.0025,99.8,Low,0,No failure,0
5359,H34772,0,0.0025,99.8,Low,0,No failure,0
5360,M20219,0,0.0,100.0,Low,0,No failure,0
5361,L52540,0,0.0,100.0,Low,0,No failure,0
5362,L52541,0,0.0,100.0,Low,0,No failure,0
5363,L52542,0,0.005,99.5,Low,0,No failure,0
5364,L52543,0,0.0,100.0,Low,0,No failure,0
5365,L52544,0,0.0,100.0,Low,0,No failure,0
5366,L52545,0,0.0,100.0,Low,0,No failure,0
5367,H34780,0,0.005,99.5,Low,0,No failure,0
5368,M20227,0,0.0,100.0,Low,0,No failure,0
5369,M20228,0,0.0,100.0,Low,0,No failure,0
5370,H34783,0,0.0,100.0,Low,0,No failure,0
5371,H34784,0,0.0,100.0,Low,0,No failure,0
5372,L52551,0,0.0025,99.8,Low,0,No failure,0
5373,H34786,0,0.005,99.5,Low,0,No failure,0
5374,M20233,0,0.0,100.0,Low,0,No failure,0
5375,L52554,0,0.0,100.0,Low,0,No failure,0
5376,L52555,0,0.0,100.0,Low,0,No failure,0
5377,H34790,0,0.0625,93.8,Low,0,No failure,0
5378,L52557,0,0.0,100.0,Low,0,No failure,0
5379,L52558,0,0.0,100.0,Low,0,No failure,0
5380,L52559,0,0.0025,99.8,Low,0,No failure,0
5381,L52560,0,0.0,100.0,Low,0,No failure,0
5382,L52561,0,0.0,100.0,Low,0,No failure,0
5383,L52562,0,0.0,100.0,Low,0,No failure,0
5384,L52563,0,0.005,99.5,Low,0,No failure,0
5385,M20244,0,0.08,92.0,Low,0,No failure,0
5386,H34799,0,0.0,100.0,Low,0,No failure,0
5387,L52566,0,0.0225,97.8,Low,0,No failure,0
5388,L52567,0,0.0975,90.2,Low,0,No failure,0
5389,M20248,0,0.09,91.0,Low,0,No failure,0
5390,L52569,0,0.0875,91.2,Low,0,No failure,0
5391,H34804,0,0.1625,83.8,Low,0,No failure,0
5392,L52571,0,0.05,95.0,Low,0,No failure,0
5393,L52572,0,0.005,99.5,Low,0,No failure,0
5394,L52573,0,0.0175,98.2,Low,0,No failure,0
5395,M20254,1,0.875,12.5,High,1,Multiple causes,0
5396,L52575,0,0.02,98.0,Low,0,No failure,0
5397,L52576,0,0.0025,99.8,Low,0,No failure,0
5398,M20257,0,0.0425,95.8,Low,0,No failure,0
5399,L52578,0,0.0375,96.2,Low,0,No failure,0
5400,H34813,1,0.7625,23.8,High,1,Overstrain Failure,0
5401,L52580,1,0.645,35.5,High,1,Overstrain Failure,0
5402,M20261,1,0.7975,20.2,High,1,Multiple causes,0
5403,L52582,0,0.0025,99.8,Low,0,No failure,0
5404,L52583,0,0.0,100.0,Low,0,No failure,0
5405,H34818,0,0.0,100.0,Low,0,No failure,0
5406,L52585,0,0.0,100.0,Low,0,No failure,0
5407,L52586,0,0.005,99.5,Low,0,No failure,0
5408,L52587,0,0.0,100.0,Low,0,No failure,0
5409,L52588,0,0.0,100.0,Low,0,No failure,0
5410,L52589,0,0.0,100.0,Low,0,No failure,0
5411,M20270,0,0.0025,99.8,Low,0,No failure,0
5412,L52591,0,0.0,100.0,Low,0,No failure,0
5413,L52592,0,0.01,99.0,Low,0,No failure,0
5414,H34827,0,0.0,100.0,Low,0,No failure,0
5415,L52594,0,0.0,100.0,Low,0,No failure,0
5416,M20275,0,0.0,100.0,Low,0,No failure,0
5417,L52596,0,0.0,100.0,Low,0,No failure,0
5418,L52597,0,0.0,100.0,Low,0,No failure,0
5419,L52598,0,0.0,100.0,Low,0,No failure,0
5420,L52599,0,0.0,100.0,Low,0,No failure,0
5421,L52600,0,0.0,100.0,Low,0,No failure,0
5422,M20281,0,0.0,100.0,Low,0,No failure,0
5423,M20282,0,0.0,100.0,Low,0,No failure,0
5424,L52603,0,0.0,100.0,Low,0,No failure,0
5425,L52604,0,0.01,99.0,Low,0,No failure,0
5426,L52605,0,0.0,100.0,Low,0,No failure,0
5427,L52606,0,0.0,100.0,Low,0,No failure,0
5428,L52607,0,0.005,99.5,Low,0,No failure,0
5429,L52608,0,0.0,100.0,Low,0,No failure,0
5430,L52609,0,0.0,100.0,Low,0,No failure,0
5431,L52610,0,0.0,100.0,Low,0,No failure,0
5432,L52611,0,0.0,100.0,Low,0,No failure,0
5433,L52612,0,0.0,100.0,Low,0,No failure,0
5434,L52613,0,0.0,100.0,Low,0,No failure,0
5435,L52614,0,0.0,100.0,Low,0,No failure,0
5436,M20295,0,0.0,100.0,Low,0,No failure,0
5437,M20296,0,0.0,100.0,Low,0,No failure,0
5438,M20297,0,0.0,100.0,Low,0,No failure,0
5439,L52618,0,0.0,100.0,Low,0,No failure,0
5440,L52619,0,0.0,100.0,Low,0,No failure,0
5441,H34854,0,0.0,100.0,Low,0,No failure,0
5442,M20301,0,0.0,100.0,Low,0,No failure,0
5443,L52622,0,0.0,100.0,Low,0,No failure,0
5444,M20303,0,0.0,100.0,Low,0,No failure,0
5445,L52624,0,0.0,100.0,Low,0,No failure,0
5446,M20305,0,0.0,100.0,Low,0,No failure,0
5447,L52626,0,0.0,100.0,Low,0,No failure,0
5448,L52627,0,0.0,100.0,Low,0,No failure,0
5449,L52628,0,0.0,100.0,Low,0,No failure,0
5450,L52629,0,0.005,99.5,Low,0,No failure,0
5451,H34864,0,0.0,100.0,Low,0,No failure,0
5452,L52631,0,0.0,100.0,Low,0,No failure,0
5453,M20312,0,0.0,100.0,Low,0,No failure,0
5454,L52633,0,0.0,100.0,Low,0,No failure,0
5455,L52634,0,0.0025,99.8,Low,0,No failure,0
5456,M20315,0,0.0,100.0,Low,0,No failure,0
5457,M20316,0,0.0,100.0,Low,0,No failure,0
5458,M20317,0,0.0,100.0,Low,0,No failure,0
5459,L52638,0,0.0,100.0,Low,0,No failure,0
5460,L52639,0,0.0025,99.8,Low,0,No failure,0
5461,M20320,0,0.0,100.0,Low,0,No failure,0
5462,M20321,0,0.0025,99.8,Low,0,No failure,0
5463,L52642,0,0.0,100.0,Low,0,No failure,0
5464,L52643,0,0.0,100.0,Low,0,No failure,0
5465,M20324,0,0.0,100.0,Low,0,No failure,0
5466,L52645,0,0.0,100.0,Low,0,No failure,0
5467,M20326,0,0.0,100.0,Low,0,No failure,0
5468,L52647,0,0.0025,99.8,Low,0,No failure,0
5469,L52648,0,0.0,100.0,Low,0,No failure,0
5470,M20329,0,0.0,100.0,Low,0,No failure,0
5471,M20330,0,0.0,100.0,Low,0,No failure,0
5472,L52651,0,0.1675,83.2,Low,0,Random Failure,1
5473,L52652,0,0.05,95.0,Low,0,No failure,0
5474,L52653,0,0.005,99.5,Low,0,No failure,0
5475,M20334,0,0.005,99.5,Low,0,No failure,0
5476,L52655,0,0.0025,99.8,Low,0,No failure,0
5477,M20336,0,0.0,100.0,Low,0,No failure,0
5478,L52657,0,0.0,100.0,Low,0,No failure,0
5479,L52658,0,0.0,100.0,Low,0,No failure,0
5480,M20339,0,0.0,100.0,Low,0,No failure,0
5481,H34894,0,0.0,100.0,Low,0,No failure,0
5482,L52661,0,0.0,100.0,Low,0,No failure,0
5483,L52662,0,0.0,100.0,Low,0,No failure,0
5484,M20343,0,0.005,99.5,Low,0,No failure,0
5485,M20344,0,0.0025,99.8,Low,0,No failure,0
5486,L52665,0,0.1725,82.8,Low,0,No failure,0
5487,L52666,0,0.085,91.5,Low,0,No failure,0
5488,M20347,0,0.0075,99.2,Low,0,No failure,0
5489,L52668,1,0.7075,29.2,High,1,Overstrain Failure,0
5490,L52669,0,0.085,91.5,Low,0,Random Failure,1
5491,L52670,1,0.6375,36.3,High,1,Power Failure,0
5492,M20351,0,0.0125,98.8,Low,0,No failure,0
5493,M20352,0,0.0025,99.8,Low,0,No failure,0
5494,L52673,0,0.0225,97.8,Low,0,No failure,0
5495,L52674,0,0.0025,99.8,Low,0,No failure,0
5496,H34909,0,0.01,99.0,Low,0,Random Failure,1
5497,M20356,0,0.0025,99.8,Low,0,No failure,0
5498,M20357,0,0.0,100.0,Low,0,No failure,0
5499,M20358,0,0.0,100.0,Low,0,No failure,0
5500,H34913,0,0.0,100.0,Low,0,No failure,0
5501,L52680,0,0.0,100.0,Low,0,No failure,0
5502,L52681,0,0.0,100.0,Low,0,No failure,0
5503,L52682,0,0.005,99.5,Low,0,No failure,0
5504,H34917,0,0.0,100.0,Low,0,No failure,0
5505,L52684,0,0.0025,99.8,Low,0,No failure,0
5506,L52685,0,0.0,100.0,Low,0,No failure,0
5507,L52686,0,0.0,100.0,Low,0,No failure,0
5508,L52687,0,0.0,100.0,Low,0,No failure,0
5509,L52688,0,0.0175,98.2,Low,0,No failure,0
5510,L52689,0,0.0025,99.8,Low,0,Random Failure,1
5511,L52690,0,0.0,100.0,Low,0,No failure,0
5512,L52691,0,0.0,100.0,Low,0,No failure,0
5513,L52692,0,0.0,100.0,Low,0,No failure,0
5514,M20373,0,0.0,100.0,Low,0,No failure,0
5515,L52694,0,0.0,100.0,Low,0,No failure,0
5516,H34929,0,0.0,100.0,Low,0,No failure,0
5517,L52696,0,0.0,100.0,Low,0,No failure,0
5518,L52697,0,0.0,100.0,Low,0,No failure,0
5519,M20378,0,0.0,100.0,Low,0,No failure,0
5520,L52699,0,0.0,100.0,Low,0,No failure,0
5521,M20380,0,0.0,100.0,Low,0,No failure,0
5522,L52701,0,0.0,100.0,Low,0,No failure,0
5523,L52702,0,0.0,100.0,Low,0,No failure,0
5524,M20383,0,0.0,100.0,Low,0,No failure,0
5525,L52704,0,0.0,100.0,Low,0,No failure,0
5526,M20385,0,0.0025,99.8,Low,0,No failure,0
5527,L52706,0,0.0,100.0,Low,0,No failure,0
5528,M20387,0,0.0,100.0,Low,0,No failure,0
5529,L52708,0,0.0,100.0,Low,0,No failure,0
5530,M20389,0,0.0,100.0,Low,0,No failure,0
5531,M20390,0,0.0025,99.8,Low,0,No failure,0
5532,M20391,0,0.0,100.0,Low,0,No failure,0
5533,L52712,0,0.0,100.0,Low,0,No failure,0
5534,L52713,0,0.0,100.0,Low,0,No failure,0
5535,M20394,0,0.0,100.0,Low,0,No failure,0
5536,L52715,0,0.0,100.0,Low,0,No failure,0
5537,M20396,1,0.0075,99.2,Low,0,Failure (Cause not logged),1
5538,L52717,0,0.0,100.0,Low,0,No failure,0
5539,M20398,0,0.0,100.0,Low,0,No failure,0
5540,H34953,0,0.0,100.0,Low,0,No failure,0
5541,L52720,0,0.0,100.0,Low,0,No failure,0
5542,L52721,0,0.0,100.0,Low,0,No failure,0
5543,L52722,0,0.0,100.0,Low,0,No failure,0
5544,L52723,0,0.0175,98.2,Low,0,No failure,0
5545,L52724,0,0.0,100.0,Low,0,No failure,0
5546,H34959,0,0.0075,99.2,Low,0,No failure,0
5547,L52726,0,0.0025,99.8,Low,0,No failure,0
5548,M20407,0,0.0,100.0,Low,0,No failure,0
5549,L52728,0,0.0,100.0,Low,0,No failure,0
5550,H34963,0,0.01,99.0,Low,0,No failure,0
5551,M20410,0,0.0,100.0,Low,0,No failure,0
5552,H34965,0,0.0,100.0,Low,0,No failure,0
5553,H34966,0,0.0,100.0,Low,0,No failure,0
5554,L52733,0,0.1175,88.2,Low,0,Random Failure,1
5555,M20414,0,0.0,100.0,Low,0,No failure,0
5556,L52735,0,0.0,100.0,Low,0,No failure,0
5557,H34970,0,0.0,100.0,Low,0,No failure,0
5558,M20417,0,0.0,100.0,Low,0,No failure,0
5559,L52738,0,0.0,100.0,Low,0,No failure,0
5560,M20419,0,0.0,100.0,Low,0,No failure,0
5561,L52740,0,0.0,100.0,Low,0,No failure,0
5562,M20421,0,0.0475,95.2,Low,0,No failure,0
5563,L52742,0,0.0,100.0,Low,0,No failure,0
5564,M20423,0,0.0,100.0,Low,0,No failure,0
5565,L52744,0,0.0125,98.8,Low,0,No failure,0
5566,L52745,0,0.0125,98.8,Low,0,No failure,0
5567,L52746,0,0.0475,95.2,Low,0,No failure,0
5568,M20427,0,0.005,99.5,Low,0,No failure,0
5569,L52748,0,0.0,100.0,Low,0,No failure,0
5570,L52749,0,0.0,100.0,Low,0,No failure,0
5571,M20430,0,0.0025,99.8,Low,0,No failure,0
5572,L52751,0,0.0,100.0,Low,0,No failure,0
5573,L52752,0,0.0,100.0,Low,0,No failure,0
5574,L52753,0,0.0,100.0,Low,0,No failure,0
5575,L52754,0,0.0,100.0,Low,0,No failure,0
5576,H34989,0,0.0,100.0,Low,0,No failure,0
5577,H34990,0,0.0,100.0,Low,0,No failure,0
5578,L52757,0,0.0,100.0,Low,0,No failure,0
5579,L52758,0,0.0,100.0,Low,0,No failure,0
5580,L52759,0,0.0,100.0,Low,0,No failure,0
5581,M20440,0,0.0,100.0,Low,0,No failure,0
5582,M20441,0,0.0,100.0,Low,0,No failure,0
5583,L52762,0,0.0,100.0,Low,0,No failure,0
5584,L52763,0,0.0,100.0,Low,0,No failure,0
5585,L52764,0,0.0,100.0,Low,0,No failure,0
5586,M20445,0,0.0,100.0,Low,0,No failure,0
5587,M20446,0,0.0,100.0,Low,0,No failure,0
5588,L52767,0,0.0,100.0,Low,0,No failure,0
5589,M20448,0,0.0,100.0,Low,0,No failure,0
5590,M20449,0,0.0,100.0,Low,0,No failure,0
5591,M20450,0,0.0075,99.2,Low,0,No failure,0
5592,L52771,0,0.0,100.0,Low,0,No failure,0
5593,L52772,0,0.0,100.0,Low,0,No failure,0
5594,L52773,0,0.0025,99.8,Low,0,No failure,0
5595,L52774,0,0.0,100.0,Low,0,No failure,0
5596,M20455,0,0.0,100.0,Low,0,No failure,0
5597,M20456,0,0.0,100.0,Low,0,No failure,0
5598,L52777,0,0.0,100.0,Low,0,No failure,0
5599,L52778,0,0.0075,99.2,Low,0,No failure,0
5600,M20459,0,0.0,100.0,Low,0,No failure,0
5601,L52780,0,0.0,100.0,Low,0,No failure,0
5602,L52781,0,0.0,100.0,Low,0,No failure,0
5603,L52782,0,0.0625,93.8,Low,0,No failure,0
5604,L52783,0,0.045,95.5,Low,0,No failure,0
5605,L52784,0,0.0,100.0,Low,0,No failure,0
5606,L52785,0,0.0,100.0,Low,0,No failure,0
5607,L52786,0,0.0,100.0,Low,0,No failure,0
5608,M20467,0,0.0,100.0,Low,0,No failure,0
5609,M20468,0,0.0,100.0,Low,0,No failure,0
5610,M20469,0,0.0,100.0,Low,0,No failure,0
5611,L52790,0,0.0,100.0,Low,0,No failure,0
5612,M20471,0,0.0,100.0,Low,0,No failure,0
5613,L52792,0,0.0,100.0,Low,0,No failure,0
5614,M20473,0,0.0,100.0,Low,0,No failure,0
5615,H35028,0,0.0,100.0,Low,0,No failure,0
5616,M20475,1,0.855,14.5,High,1,Power Failure,0
5617,L52796,0,0.0025,99.8,Low,0,No failure,0
5618,L52797,1,0.6775,32.2,High,1,Power Failure,0
5619,M20478,0,0.0,100.0,Low,0,No failure,0
5620,L52799,0,0.0025,99.8,Low,0,No failure,0
5621,L52800,0,0.0,100.0,Low,0,No failure,0
5622,M20481,0,0.015,98.5,Low,0,No failure,0
5623,L52802,0,0.0,100.0,Low,0,No failure,0
5624,L52803,0,0.0,100.0,Low,0,No failure,0
5625,M20484,0,0.0,100.0,Low,0,No failure,0
5626,L52805,0,0.0,100.0,Low,0,No failure,0
5627,H35040,0,0.0,100.0,Low,0,No failure,0
5628,L52807,0,0.0,100.0,Low,0,No failure,0
5629,L52808,0,0.0,100.0,Low,0,No failure,0
5630,L52809,0,0.005,99.5,Low,0,No failure,0
5631,M20490,0,0.0,100.0,Low,0,No failure,0
5632,L52811,0,0.0,100.0,Low,0,No failure,0
5633,L52812,0,0.0125,98.8,Low,0,No failure,0
5634,L52813,0,0.0,100.0,Low,0,No failure,0
5635,M20494,0,0.025,97.5,Low,0,No failure,0
5636,L52815,0,0.005,99.5,Low,0,No failure,0
5637,L52816,0,0.0,100.0,Low,0,No failure,0
5638,M20497,0,0.0,100.0,Low,0,No failure,0
5639,L52818,0,0.0,100.0,Low,0,No failure,0
5640,L52819,0,0.0,100.0,Low,0,Random Failure,1
5641,L52820,0,0.0075,99.2,Low,0,No failure,0
5642,L52821,0,0.0025,99.8,Low,0,No failure,0
5643,L52822,0,0.0,100.0,Low,0,No failure,0
5644,L52823,0,0.0,100.0,Low,0,No failure,0
5645,L52824,0,0.0125,98.8,Low,0,No failure,0
5646,M20505,0,0.0,100.0,Low,0,No failure,0
5647,M20506,0,0.0,100.0,Low,0,No failure,0
5648,H35061,0,0.01,99.0,Low,0,No failure,0
5649,L52828,0,0.02,98.0,Low,0,No failure,0
5650,M20509,0,0.035,96.5,Low,0,No failure,0
5651,L52830,0,0.25,75.0,Low,0,No failure,0
5652,M20511,0,0.0325,96.8,Low,0,No failure,0
5653,L52832,0,0.005,99.5,Low,0,No failure,0
5654,L52833,0,0.1025,89.8,Low,0,No failure,0
5655,L52834,0,0.0,100.0,Low,0,No failure,0
5656,L52835,0,0.0,100.0,Low,0,No failure,0
5657,M20516,0,0.0075,99.2,Low,0,No failure,0
5658,L52837,0,0.0,100.0,Low,0,No failure,0
5659,M20518,0,0.01,99.0,Low,0,No failure,0
5660,M20519,0,0.0,100.0,Low,0,No failure,0
5661,L52840,0,0.0,100.0,Low,0,No failure,0
5662,L52841,0,0.0,100.0,Low,0,No failure,0
5663,L52842,0,0.0,100.0,Low,0,No failure,0
5664,M20523,0,0.0,100.0,Low,0,No failure,0
5665,M20524,0,0.0,100.0,Low,0,No failure,0
5666,L52845,0,0.0,100.0,Low,0,No failure,0
5667,L52846,0,0.0,100.0,Low,0,No failure,0
5668,L52847,0,0.0,100.0,Low,0,No failure,0
5669,M20528,0,0.0,100.0,Low,0,No failure,0
5670,M20529,0,0.0,100.0,Low,0,No failure,0
5671,L52850,0,0.0,100.0,Low,0,No failure,0
5672,H35085,0,0.0025,99.8,Low,0,No failure,0
5673,H35086,0,0.0,100.0,Low,0,No failure,0
5674,L52853,0,0.0,100.0,Low,0,No failure,0
5675,M20534,0,0.0,100.0,Low,0,No failure,0
5676,M20535,0,0.0,100.0,Low,0,No failure,0
5677,L52856,0,0.0025,99.8,Low,0,No failure,0
5678,L52857,0,0.0025,99.8,Low,0,No failure,0
5679,M20538,0,0.0,100.0,Low,0,No failure,0
5680,M20539,0,0.0,100.0,Low,0,No failure,0
5681,M20540,0,0.0,100.0,Low,0,No failure,0
5682,L52861,0,0.0,100.0,Low,0,No failure,0
5683,H35096,0,0.0,100.0,Low,0,No failure,0
5684,M20543,0,0.0,100.0,Low,0,No failure,0
5685,H35098,0,0.0,100.0,Low,0,No failure,0
5686,L52865,0,0.0,100.0,Low,0,No failure,0
5687,L52866,0,0.0,100.0,Low,0,No failure,0
5688,L52867,0,0.0,100.0,Low,0,No failure,0
5689,M20548,0,0.0,100.0,Low,0,No failure,0
5690,L52869,0,0.0,100.0,Low,0,No failure,0
5691,L52870,0,0.0,100.0,Low,0,No failure,0
5692,L52871,0,0.0,100.0,Low,0,No failure,0
5693,M20552,0,0.0075,99.2,Low,0,No failure,0
5694,M20553,0,0.0,100.0,Low,0,No failure,0
5695,L52874,0,0.0,100.0,Low,0,No failure,0
5696,L52875,0,0.0,100.0,Low,0,No failure,0
5697,H35110,0,0.0,100.0,Low,0,No failure,0
5698,L52877,0,0.0,100.0,Low,0,No failure,0
5699,L52878,0,0.0275,97.2,Low,0,No failure,0
5700,L52879,0,0.0,100.0,Low,0,No failure,0
5701,L52880,0,0.0,100.0,Low,0,No failure,0
5702,M20561,0,0.0,100.0,Low,0,No failure,0
5703,L52882,0,0.0,100.0,Low,0,No failure,0
5704,H35117,0,0.0,100.0,Low,0,No failure,0
5705,L52884,0,0.0,100.0,Low,0,No failure,0
5706,L52885,0,0.0,100.0,Low,0,No failure,0
5707,L52886,1,0.855,14.5,High,1,Power Failure,0
5708,L52887,0,0.0,100.0,Low,0,No failure,0
5709,L52888,0,0.0,100.0,Low,0,No failure,0
5710,L52889,0,0.0,100.0,Low,0,No failure,0
5711,H35124,0,0.0,100.0,Low,0,No failure,0
5712,L52891,0,0.0,100.0,Low,0,No failure,0
5713,L52892,0,0.01,99.0,Low,0,No failure,0
5714,L52893,0,0.0,100.0,Low,0,No failure,0
5715,L52894,0,0.0,100.0,Low,0,No failure,0
5716,H35129,0,0.0,100.0,Low,0,No failure,0
5717,L52896,0,0.005,99.5,Low,0,No failure,0
5718,L52897,0,0.0,100.0,Low,0,No failure,0
5719,L52898,0,0.0,100.0,Low,0,No failure,0
5720,L52899,0,0.0,100.0,Low,0,No failure,0
5721,L52900,0,0.0,100.0,Low,0,No failure,0
5722,M20581,0,0.0,100.0,Low,0,No failure,0
5723,L52902,0,0.0,100.0,Low,0,No failure,0
5724,M20583,0,0.0,100.0,Low,0,No failure,0
5725,L52904,0,0.0,100.0,Low,0,No failure,0
5726,M20585,0,0.0,100.0,Low,0,No failure,0
5727,M20586,0,0.0025,99.8,Low,0,No failure,0
5728,M20587,0,0.0,100.0,Low,0,No failure,0
5729,M20588,0,0.0025,99.8,Low,0,No failure,0
5730,M20589,0,0.0,100.0,Low,0,No failure,0
5731,L52910,0,0.005,99.5,Low,0,No failure,0
5732,L52911,0,0.0175,98.2,Low,0,No failure,0
5733,L52912,0,0.015,98.5,Low,0,No failure,0
5734,L52913,0,0.0225,97.8,Low,0,No failure,0
5735,L52914,1,0.8575,14.2,High,1,Overstrain Failure,0
5736,L52915,0,0.0225,97.8,Low,0,No failure,0
5737,M20596,0,0.0075,99.2,Low,0,No failure,0
5738,L52917,0,0.02,98.0,Low,0,No failure,0
5739,L52918,0,0.0025,99.8,Low,0,No failure,0
5740,M20599,0,0.0,100.0,Low,0,No failure,0
5741,M20600,0,0.0,100.0,Low,0,No failure,0
5742,M20601,0,0.0,100.0,Low,0,No failure,0
5743,L52922,0,0.0,100.0,Low,0,No failure,0
5744,M20603,0,0.0025,99.8,Low,0,No failure,0
5745,H35158,0,0.0,100.0,Low,0,No failure,0
5746,L52925,0,0.0,100.0,Low,0,No failure,0
5747,M20606,0,0.0,100.0,Low,0,No failure,0
5748,L52927,0,0.0,100.0,Low,0,No failure,0
5749,M20608,0,0.0,100.0,Low,0,No failure,0
5750,H35163,0,0.03,97.0,Low,0,No failure,0
5751,L52930,0,0.0,100.0,Low,0,No failure,0
5752,H35165,0,0.0,100.0,Low,0,No failure,0
5753,H35166,0,0.0,100.0,Low,0,No failure,0
5754,L52933,0,0.0,100.0,Low,0,No failure,0
5755,L52934,0,0.0,100.0,Low,0,No failure,0
5756,L52935,0,0.0,100.0,Low,0,No failure,0
5757,M20616,0,0.0,100.0,Low,0,No failure,0
5758,L52937,0,0.0075,99.2,Low,0,No failure,0
5759,L52938,0,0.0,100.0,Low,0,No failure,0
5760,L52939,0,0.0,100.0,Low,0,No failure,0
5761,M20620,0,0.0,100.0,Low,0,No failure,0
5762,L52941,0,0.0075,99.2,Low,0,No failure,0
5763,L52942,0,0.0,100.0,Low,0,No failure,0
5764,H35177,0,0.0,100.0,Low,0,No failure,0
5765,L52944,0,0.0,100.0,Low,0,No failure,0
5766,L52945,0,0.0,100.0,Low,0,No failure,0
5767,M20626,0,0.0,100.0,Low,0,No failure,0
5768,M20627,0,0.0,100.0,Low,0,No failure,0
5769,L52948,0,0.0025,99.8,Low,0,No failure,0
5770,L52949,0,0.0,100.0,Low,0,No failure,0
5771,L52950,0,0.0,100.0,Low,0,No failure,0
5772,L52951,0,0.0,100.0,Low,0,No failure,0
5773,L52952,0,0.0,100.0,Low,0,No failure,0
5774,H35187,0,0.0,100.0,Low,0,No failure,0
5775,L52954,0,0.0,100.0,Low,0,No failure,0
5776,L52955,0,0.0,100.0,Low,0,No failure,0
5777,L52956,0,0.0025,99.8,Low,0,No failure,0
5778,L52957,0,0.0,100.0,Low,0,No failure,0
5779,M20638,0,0.0,100.0,Low,0,No failure,0
5780,L52959,0,0.0,100.0,Low,0,No failure,0
5781,L52960,0,0.0,100.0,Low,0,No failure,0
5782,M20641,0,0.0,100.0,Low,0,No failure,0
5783,L52962,0,0.0,100.0,Low,0,No failure,0
5784,H35197,0,0.0,100.0,Low,0,No failure,0
5785,M20644,0,0.0,100.0,Low,0,No failure,0
5786,L52965,0,0.0,100.0,Low,0,No failure,0
5787,L52966,0,0.0,100.0,Low,0,No failure,0
5788,L52967,0,0.0,100.0,Low,0,No failure,0
5789,L52968,0,0.0,100.0,Low,0,No failure,0
5790,M20649,0,0.0,100.0,Low,0,No failure,0
5791,M20650,0,0.0,100.0,Low,0,No failure,0
5792,M20651,0,0.0,100.0,Low,0,No failure,0
5793,M20652,0,0.0,100.0,Low,0,No failure,0
5794,L52973,0,0.0,100.0,Low,0,No failure,0
5795,M20654,0,0.0,100.0,Low,0,No failure,0
5796,M20655,0,0.0,100.0,Low,0,No failure,0
5797,L52976,0,0.0,100.0,Low,0,No failure,0
5798,L52977,0,0.0,100.0,Low,0,No failure,0
5799,L52978,0,0.0,100.0,Low,0,No failure,0
5800,L52979,0,0.0,100.0,Low,0,No failure,0
5801,L52980,0,0.0,100.0,Low,0,No failure,0
5802,L52981,0,0.0,100.0,Low,0,No failure,0
5803,L52982,0,0.0,100.0,Low,0,No failure,0
5804,L52983,0,0.0,100.0,Low,0,No failure,0
5805,L52984,0,0.0,100.0,Low,0,No failure,0
5806,M20665,0,0.0,100.0,Low,0,No failure,0
5807,L52986,0,0.0,100.0,Low,0,No failure,0
5808,M20667,0,0.0,100.0,Low,0,No failure,0
5809,L52988,0,0.0,100.0,Low,0,No failure,0
5810,H35223,0,0.0,100.0,Low,0,No failure,0
5811,L52990,0,0.0025,99.8,Low,0,No failure,0
5812,L52991,0,0.0,100.0,Low,0,No failure,0
5813,L52992,0,0.0,100.0,Low,0,No failure,0
5814,L52993,0,0.0,100.0,Low,0,No failure,0
5815,M20674,0,0.0,100.0,Low,0,No failure,0
5816,L52995,0,0.0,100.0,Low,0,No failure,0
5817,L52996,0,0.0,100.0,Low,0,No failure,0
5818,L52997,0,0.0075,99.2,Low,0,No failure,0
5819,L52998,0,0.0625,93.8,Low,0,No failure,0
5820,L52999,0,0.0575,94.2,Low,0,No failure,0
5821,L53000,0,0.005,99.5,Low,0,No failure,0
5822,L53001,0,0.035,96.5,Low,0,No failure,0
5823,M20682,0,0.0425,95.8,Low,0,No failure,0
5824,L53003,0,0.0125,98.8,Low,0,No failure,0
5825,L53004,0,0.0275,97.2,Low,0,No failure,0
5826,L53005,0,0.0175,98.2,Low,0,No failure,0
5827,M20686,0,0.02,98.0,Low,0,No failure,0
5828,L53007,0,0.0,100.0,Low,0,No failure,0
5829,L53008,0,0.0,100.0,Low,0,No failure,0
5830,M20689,0,0.0,100.0,Low,0,No failure,0
5831,M20690,0,0.0,100.0,Low,0,No failure,0
5832,L53011,0,0.0,100.0,Low,0,No failure,0
5833,L53012,0,0.0,100.0,Low,0,No failure,0
5834,L53013,0,0.0,100.0,Low,0,No failure,0
5835,L53014,0,0.0,100.0,Low,0,No failure,0
5836,L53015,0,0.0,100.0,Low,0,No failure,0
5837,L53016,0,0.0,100.0,Low,0,No failure,0
5838,M20697,0,0.0,100.0,Low,0,No failure,0
5839,M20698,0,0.0,100.0,Low,0,No failure,0
5840,M20699,0,0.0,100.0,Low,0,No failure,0
5841,M20700,0,0.0,100.0,Low,0,No failure,0
5842,M20701,0,0.0,100.0,Low,0,No failure,0
5843,L53022,0,0.0025,99.8,Low,0,No failure,0
5844,L53023,0,0.0,100.0,Low,0,No failure,0
5845,L53024,0,0.0,100.0,Low,0,No failure,0
5846,M20705,0,0.0,100.0,Low,0,No failure,0
5847,L53026,0,0.0,100.0,Low,0,No failure,0
5848,L53027,0,0.0,100.0,Low,0,No failure,0
5849,L53028,0,0.0,100.0,Low,0,No failure,0
5850,M20709,0,0.0,100.0,Low,0,No failure,0
5851,L53030,0,0.0,100.0,Low,0,No failure,0
5852,L53031,0,0.0,100.0,Low,0,No failure,0
5853,H35266,0,0.0,100.0,Low,0,No failure,0
5854,L53033,0,0.0,100.0,Low,0,No failure,0
5855,L53034,0,0.0,100.0,Low,0,No failure,0
5856,M20715,0,0.0,100.0,Low,0,No failure,0
5857,H35270,0,0.0,100.0,Low,0,No failure,0
5858,L53037,0,0.0,100.0,Low,0,No failure,0
5859,L53038,0,0.0,100.0,Low,0,No failure,0
5860,L53039,0,0.0,100.0,Low,0,No failure,0
5861,L53040,0,0.0,100.0,Low,0,No failure,0
5862,L53041,0,0.0,100.0,Low,0,No failure,0
5863,L53042,0,0.0,100.0,Low,0,No failure,0
5864,M20723,0,0.0,100.0,Low,0,No failure,0
5865,M20724,0,0.0,100.0,Low,0,No failure,0
5866,M20725,0,0.0,100.0,Low,0,No failure,0
5867,L53046,0,0.0,100.0,Low,0,No failure,0
5868,L53047,0,0.0,100.0,Low,0,No failure,0
5869,L53048,0,0.0,100.0,Low,0,No failure,0
5870,L53049,0,0.0,100.0,Low,0,No failure,0
5871,L53050,0,0.0,100.0,Low,0,No failure,0
5872,L53051,0,0.0,100.0,Low,0,No failure,0
5873,M20732,0,0.0,100.0,Low,0,No failure,0
5874,M20733,0,0.0,100.0,Low,0,No failure,0
5875,M20734,0,0.0,100.0,Low,0,No failure,0
5876,M20735,0,0.0,100.0,Low,0,No failure,0
5877,L53056,0,0.0,100.0,Low,0,No failure,0
5878,L53057,0,0.0,100.0,Low,0,No failure,0
5879,L53058,0,0.0,100.0,Low,0,No failure,0
5880,L53059,0,0.0,100.0,Low,0,No failure,0
5881,L53060,0,0.0,100.0,Low,0,No failure,0
5882,L53061,0,0.0,100.0,Low,0,No failure,0
5883,L53062,0,0.0,100.0,Low,0,No failure,0
5884,L53063,0,0.0,100.0,Low,0,No failure,0
5885,M20744,0,0.0,100.0,Low,0,No failure,0
5886,L53065,0,0.0,100.0,Low,0,No failure,0
5887,L53066,0,0.0,100.0,Low,0,No failure,0
5888,H35301,0,0.0,100.0,Low,0,No failure,0
5889,M20748,0,0.0,100.0,Low,0,No failure,0
5890,M20749,0,0.005,99.5,Low,0,No failure,0
5891,L53070,0,0.0,100.0,Low,0,No failure,0
5892,L53071,0,0.0,100.0,Low,0,No failure,0
5893,L53072,0,0.0,100.0,Low,0,No failure,0
5894,M20753,0,0.0025,99.8,Low,0,No failure,0
5895,L53074,0,0.0,100.0,Low,0,No failure,0
5896,M20755,0,0.0,100.0,Low,0,No failure,0
5897,L53076,0,0.0225,97.8,Low,0,No failure,0
5898,M20757,0,0.0,100.0,Low,0,No failure,0
5899,L53078,0,0.02,98.0,Low,0,No failure,0
5900,H35313,0,0.0,100.0,Low,0,No failure,0
5901,M20760,0,0.0,100.0,Low,0,No failure,0
5902,L53081,0,0.0,100.0,Low,0,No failure,0
5903,L53082,0,0.0,100.0,Low,0,No failure,0
5904,L53083,0,0.0,100.0,Low,0,No failure,0
5905,M20764,0,0.0425,95.8,Low,0,No failure,0
5906,H35319,0,0.0,100.0,Low,0,No failure,0
5907,L53086,0,0.0,100.0,Low,0,No failure,0
5908,H35321,0,0.0,100.0,Low,0,No failure,0
5909,M20768,0,0.0225,97.8,Low,0,No failure,0
5910,H35323,1,0.815,18.5,High,1,Multiple causes,0
5911,M20770,0,0.0,100.0,Low,0,No failure,0
5912,M20771,0,0.1925,80.8,Low,0,No failure,0
5913,M20772,0,0.0025,99.8,Low,0,No failure,0
5914,H35327,0,0.0,100.0,Low,0,No failure,0
5915,L53094,0,0.0,100.0,Low,0,No failure,0
5916,M20775,0,0.0,100.0,Low,0,No failure,0
5917,L53096,0,0.0,100.0,Low,0,No failure,0
5918,L53097,0,0.0,100.0,Low,0,No failure,0
5919,L53098,0,0.0,100.0,Low,0,No failure,0
5920,L53099,0,0.0,100.0,Low,0,No failure,0
5921,L53100,0,0.0,100.0,Low,0,No failure,0
5922,L53101,0,0.0025,99.8,Low,0,No failure,0
5923,L53102,0,0.0,100.0,Low,0,No failure,0
5924,M20783,0,0.0,100.0,Low,0,No failure,0
5925,L53104,0,0.0,100.0,Low,0,No failure,0
5926,M20785,0,0.0,100.0,Low,0,No failure,0
5927,L53106,0,0.0,100.0,Low,0,No failure,0
5928,L53107,0,0.0025,99.8,Low,0,No failure,0
5929,M20788,0,0.0,100.0,Low,0,No failure,0
5930,L53109,0,0.0,100.0,Low,0,No failure,0
5931,L53110,0,0.0,100.0,Low,0,No failure,0
5932,L53111,0,0.0025,99.8,Low,0,No failure,0
5933,L53112,0,0.0,100.0,Low,0,No failure,0
5934,L53113,0,0.0,100.0,Low,0,No failure,0
5935,H35348,0,0.0,100.0,Low,0,No failure,0
5936,L53115,0,0.0,100.0,Low,0,No failure,0
5937,M20796,0,0.0,100.0,Low,0,No failure,0
5938,M20797,0,0.0,100.0,Low,0,No failure,0
5939,L53118,0,0.0,100.0,Low,0,No failure,0
5940,L53119,0,0.155,84.5,Low,0,No failure,0
5941,M20800,0,0.0,100.0,Low,0,No failure,0
5942,L53121,1,0.0,100.0,Low,0,Failure (Cause not logged),1
5943,L53122,0,0.0,100.0,Low,0,No failure,0
5944,L53123,0,0.0,100.0,Low,0,No failure,0
5945,M20804,0,0.0,100.0,Low,0,No failure,0
5946,M20805,0,0.0,100.0,Low,0,No failure,0
5947,L53126,0,0.0,100.0,Low,0,No failure,0
5948,M20807,0,0.0,100.0,Low,0,No failure,0
5949,L53128,0,0.0025,99.8,Low,0,No failure,0
5950,M20809,0,0.0,100.0,Low,0,No failure,0
5951,L53130,0,0.0,100.0,Low,0,No failure,0
5952,L53131,0,0.0,100.0,Low,0,No failure,0
5953,L53132,0,0.0,100.0,Low,0,No failure,0
5954,M20813,0,0.0,100.0,Low,0,No failure,0
5955,L53134,0,0.0,100.0,Low,0,No failure,0
5956,L53135,0,0.0,100.0,Low,0,No failure,0
5957,L53136,0,0.0,100.0,Low,0,No failure,0
5958,L53137,0,0.0,100.0,Low,0,No failure,0
5959,L53138,0,0.0,100.0,Low,0,No failure,0
5960,L53139,0,0.0,100.0,Low,0,No failure,0
5961,L53140,0,0.0,100.0,Low,0,No failure,0
5962,L53141,0,0.0,100.0,Low,0,No failure,0
5963,L53142,0,0.0,100.0,Low,0,No failure,0
5964,H35377,0,0.0,100.0,Low,0,No failure,0
5965,H35378,0,0.0025,99.8,Low,0,No failure,0
5966,H35379,0,0.0,100.0,Low,0,No failure,0
5967,L53146,0,0.0,100.0,Low,0,No failure,0
5968,L53147,0,0.0,100.0,Low,0,No failure,0
5969,L53148,0,0.0025,99.8,Low,0,No failure,0
5970,M20829,0,0.0,100.0,Low,0,No failure,0
5971,L53150,0,0.0,100.0,Low,0,No failure,0
5972,L53151,0,0.0,100.0,Low,0,No failure,0
5973,L53152,0,0.0,100.0,Low,0,No failure,0
5974,L53153,0,0.0025,99.8,Low,0,No failure,0
5975,L53154,0,0.0,100.0,Low,0,No failure,0
5976,H35389,0,0.0,100.0,Low,0,No failure,0
5977,H35390,0,0.0,100.0,Low,0,No failure,0
5978,L53157,0,0.0,100.0,Low,0,No failure,0
5979,L53158,0,0.0,100.0,Low,0,No failure,0
5980,H35393,0,0.0,100.0,Low,0,No failure,0
5981,M20840,0,0.0,100.0,Low,0,No failure,0
5982,M20841,0,0.0,100.0,Low,0,No failure,0
5983,L53162,0,0.0,100.0,Low,0,No failure,0
5984,H35397,0,0.0,100.0,Low,0,No failure,0
5985,H35398,0,0.0,100.0,Low,0,No failure,0
5986,L53165,0,0.0175,98.2,Low,0,No failure,0
5987,L53166,0,0.055,94.5,Low,0,No failure,0
5988,L53167,0,0.0,100.0,Low,0,No failure,0
5989,H35402,0,0.105,89.5,Low,0,No failure,0
5990,L53169,0,0.035,96.5,Low,0,No failure,0
5991,M20850,0,0.0125,98.8,Low,0,No failure,0
5992,L53171,0,0.0375,96.2,Low,0,No failure,0
5993,L53172,0,0.06,94.0,Low,0,No failure,0
5994,M20853,0,0.0075,99.2,Low,0,No failure,0
5995,L53174,0,0.0525,94.8,Low,0,No failure,0
5996,L53175,0,0.085,91.5,Low,0,No failure,0
5997,M20856,0,0.085,91.5,Low,0,No failure,0
5998,M20857,0,0.1,90.0,Low,0,No failure,0
5999,M20858,0,0.155,84.5,Low,0,No failure,0
6000,M20859,1,0.705,29.5,High,1,Tool Wear Failure,0
6001,H35414,0,0.0,100.0,Low,0,No failure,0
6002,M20861,0,0.0,100.0,Low,0,No failure,0
6003,L53182,0,0.0025,99.8,Low,0,No failure,0
6004,L53183,0,0.0,100.0,Low,0,No failure,0
6005,L53184,0,0.0,100.0,Low,0,No failure,0
6006,L53185,0,0.0,100.0,Low,0,No failure,0
6007,M20866,0,0.005,99.5,Low,0,No failure,0
6008,M20867,0,0.0,100.0,Low,0,No failure,0
6009,L53188,0,0.0,100.0,Low,0,No failure,0
6010,L53189,0,0.0,100.0,Low,0,No failure,0
6011,H35424,0,0.0,100.0,Low,0,No failure,0
6012,L53191,0,0.0,100.0,Low,0,No failure,0
6013,H35426,0,0.0,100.0,Low,0,No failure,0
6014,L53193,0,0.0,100.0,Low,0,No failure,0
6015,H35428,0,0.0,100.0,Low,0,No failure,0
6016,M20875,0,0.0,100.0,Low,0,No failure,0
6017,L53196,0,0.0,100.0,Low,0,No failure,0
6018,L53197,0,0.0,100.0,Low,0,No failure,0
6019,M20878,0,0.0,100.0,Low,0,No failure,0
6020,L53199,0,0.0,100.0,Low,0,No failure,0
6021,L53200,0,0.0,100.0,Low,0,No failure,0
6022,L53201,0,0.0,100.0,Low,0,No failure,0
6023,L53202,0,0.0,100.0,Low,0,No failure,0
6024,M20883,0,0.0,100.0,Low,0,No failure,0
6025,L53204,1,0.7775,22.3,High,1,Power Failure,0
6026,L53205,0,0.0,100.0,Low,0,No failure,0
6027,L53206,0,0.0,100.0,Low,0,No failure,0
6028,M20887,0,0.0,100.0,Low,0,No failure,0
6029,L53208,0,0.0,100.0,Low,0,No failure,0
6030,M20889,0,0.0,100.0,Low,0,No failure,0
6031,L53210,0,0.0,100.0,Low,0,No failure,0
6032,L53211,0,0.0,100.0,Low,0,No failure,0
6033,L53212,0,0.0,100.0,Low,0,No failure,0
6034,L53213,0,0.0,100.0,Low,0,No failure,0
6035,M20894,0,0.0,100.0,Low,0,No failure,0
6036,M20895,0,0.0,100.0,Low,0,No failure,0
6037,M20896,0,0.0025,99.8,Low,0,No failure,0
6038,L53217,0,0.0,100.0,Low,0,No failure,0
6039,L53218,0,0.0,100.0,Low,0,No failure,0
6040,L53219,0,0.0,100.0,Low,0,No failure,0
6041,M20900,0,0.0,100.0,Low,0,No failure,0
6042,M20901,0,0.0,100.0,Low,0,No failure,0
6043,M20902,0,0.0,100.0,Low,0,No failure,0
6044,M20903,0,0.0,100.0,Low,0,No failure,0
6045,M20904,0,0.0,100.0,Low,0,No failure,0
6046,L53225,0,0.005,99.5,Low,0,No failure,0
6047,L53226,0,0.0,100.0,Low,0,No failure,0
6048,H35461,0,0.0,100.0,Low,0,No failure,0
6049,M20908,0,0.0,100.0,Low,0,No failure,0
6050,M20909,0,0.0,100.0,Low,0,No failure,0
6051,M20910,0,0.0,100.0,Low,0,No failure,0
6052,L53231,0,0.0,100.0,Low,0,No failure,0
6053,L53232,0,0.0,100.0,Low,0,No failure,0
6054,L53233,0,0.0,100.0,Low,0,No failure,0
6055,H35468,0,0.0,100.0,Low,0,No failure,0
6056,L53235,0,0.0,100.0,Low,0,No failure,0
6057,L53236,0,0.0,100.0,Low,0,No failure,0
6058,L53237,0,0.0,100.0,Low,0,No failure,0
6059,M20918,0,0.0,100.0,Low,0,No failure,0
6060,L53239,0,0.0,100.0,Low,0,No failure,0
6061,L53240,0,0.0,100.0,Low,0,No failure,0
6062,H35475,0,0.0,100.0,Low,0,No failure,0
6063,M20922,0,0.0,100.0,Low,0,No failure,0
6064,L53243,0,0.0,100.0,Low,0,No failure,0
6065,L53244,0,0.0,100.0,Low,0,No failure,0
6066,L53245,0,0.0,100.0,Low,0,No failure,0
6067,L53246,0,0.0,100.0,Low,0,No failure,0
6068,L53247,0,0.0,100.0,Low,0,No failure,0
6069,M20928,0,0.0,100.0,Low,0,No failure,0
6070,L53249,0,0.0,100.0,Low,0,No failure,0
6071,L53250,0,0.0,100.0,Low,0,No failure,0
6072,M20931,0,0.0,100.0,Low,0,No failure,0
6073,M20932,0,0.0,100.0,Low,0,No failure,0
6074,M20933,0,0.0,100.0,Low,0,No failure,0
6075,M20934,0,0.0,100.0,Low,0,No failure,0
6076,L53255,0,0.0,100.0,Low,0,No failure,0
6077,L53256,0,0.0,100.0,Low,0,No failure,0
6078,L53257,0,0.0,100.0,Low,0,No failure,0
6079,L53258,1,0.7575,24.3,High,1,Overstrain Failure,0
6080,M20939,0,0.015,98.5,Low,0,No failure,0
6081,L53260,0,0.0975,90.2,Low,0,No failure,0
6082,L53261,0,0.0325,96.8,Low,0,No failure,0
6083,L53262,0,0.0775,92.2,Low,0,No failure,0
6084,L53263,0,0.08,92.0,Low,0,No failure,0
6085,M20944,0,0.0,100.0,Low,0,No failure,0
6086,L53265,0,0.0,100.0,Low,0,No failure,0
6087,L53266,0,0.0,100.0,Low,0,No failure,0
6088,M20947,0,0.0,100.0,Low,0,No failure,0
6089,L53268,0,0.0,100.0,Low,0,No failure,0
6090,L53269,0,0.0,100.0,Low,0,No failure,0
6091,L53270,0,0.0,100.0,Low,0,No failure,0
6092,L53271,0,0.01,99.0,Low,0,Random Failure,1
6093,L53272,0,0.0,100.0,Low,0,No failure,0
6094,L53273,0,0.005,99.5,Low,0,No failure,0
6095,M20954,0,0.0,100.0,Low,0,No failure,0
6096,M20955,0,0.0,100.0,Low,0,No failure,0
6097,M20956,0,0.0,100.0,Low,0,No failure,0
6098,H35511,0,0.0,100.0,Low,0,No failure,0
6099,M20958,0,0.0,100.0,Low,0,No failure,0
6100,H35513,0,0.0,100.0,Low,0,No failure,0
6101,M20960,0,0.0,100.0,Low,0,No failure,0
6102,L53281,0,0.0,100.0,Low,0,No failure,0
6103,L53282,0,0.0,100.0,Low,0,No failure,0
6104,L53283,0,0.0,100.0,Low,0,No failure,0
6105,M20964,0,0.0,100.0,Low,0,No failure,0
6106,M20965,0,0.0,100.0,Low,0,No failure,0
6107,L53286,0,0.0,100.0,Low,0,No failure,0
6108,L53287,0,0.0,100.0,Low,0,No failure,0
6109,M20968,0,0.0,100.0,Low,0,No failure,0
6110,M20969,0,0.0,100.0,Low,0,No failure,0
6111,L53290,0,0.0,100.0,Low,0,No failure,0
6112,M20971,0,0.0,100.0,Low,0,No failure,0
6113,L53292,0,0.0,100.0,Low,0,No failure,0
6114,M20973,0,0.0,100.0,Low,0,No failure,0
6115,M20974,0,0.0,100.0,Low,0,No failure,0
6116,L53295,0,0.0,100.0,Low,0,No failure,0
6117,L53296,0,0.0,100.0,Low,0,No failure,0
6118,L53297,0,0.0,100.0,Low,0,No failure,0
6119,M20978,0,0.005,99.5,Low,0,No failure,0
6120,L53299,0,0.0,100.0,Low,0,No failure,0
6121,M20980,0,0.0,100.0,Low,0,No failure,0
6122,L53301,0,0.0,100.0,Low,0,No failure,0
6123,L53302,0,0.0025,99.8,Low,0,No failure,0
6124,L53303,0,0.0,100.0,Low,0,No failure,0
6125,M20984,0,0.0,100.0,Low,0,No failure,0
6126,L53305,0,0.0,100.0,Low,0,No failure,0
6127,L53306,0,0.0025,99.8,Low,0,No failure,0
6128,L53307,0,0.13,87.0,Low,0,No failure,0
6129,L53308,0,0.0,100.0,Low,0,No failure,0
6130,M20989,0,0.0,100.0,Low,0,No failure,0
6131,L53310,0,0.0,100.0,Low,0,No failure,0
6132,H35545,0,0.0,100.0,Low,0,No failure,0
6133,L53312,0,0.0,100.0,Low,0,No failure,0
6134,L53313,0,0.0,100.0,Low,0,No failure,0
6135,L53314,0,0.0,100.0,Low,0,No failure,0
6136,L53315,0,0.0,100.0,Low,0,No failure,0
6137,H35550,0,0.0,100.0,Low,0,No failure,0
6138,M20997,0,0.0025,99.8,Low,0,No failure,0
6139,M20998,0,0.0,100.0,Low,0,No failure,0
6140,L53319,0,0.0,100.0,Low,0,No failure,0
6141,L53320,0,0.0,100.0,Low,0,No failure,0
6142,L53321,0,0.0,100.0,Low,0,No failure,0
6143,L53322,0,0.0,100.0,Low,0,No failure,0
6144,M21003,0,0.0,100.0,Low,0,No failure,0
6145,M21004,0,0.0,100.0,Low,0,No failure,0
6146,M21005,0,0.0,100.0,Low,0,No failure,0
6147,M21006,0,0.0,100.0,Low,0,No failure,0
6148,M21007,0,0.0,100.0,Low,0,No failure,0
6149,L53328,0,0.0,100.0,Low,0,No failure,0
6150,M21009,0,0.0025,99.8,Low,0,No failure,0
6151,L53330,0,0.0,100.0,Low,0,No failure,0
6152,L53331,0,0.0,100.0,Low,0,No failure,0
6153,M21012,0,0.0,100.0,Low,0,No failure,0
6154,L53333,1,0.665,33.5,High,1,Overstrain Failure,0
6155,M21014,0,0.0,100.0,Low,0,No failure,0
6156,L53335,0,0.0,100.0,Low,0,No failure,0
6157,L53336,0,0.0,100.0,Low,0,No failure,0
6158,L53337,0,0.0,100.0,Low,0,No failure,0
6159,L53338,0,0.0,100.0,Low,0,No failure,0
6160,L53339,1,0.7675,23.3,High,1,Overstrain Failure,0
6161,L53340,0,0.0,100.0,Low,0,No failure,0
6162,L53341,0,0.0,100.0,Low,0,No failure,0
6163,L53342,0,0.0,100.0,Low,0,No failure,0
6164,L53343,0,0.005,99.5,Low,0,No failure,0
6165,H35578,0,0.0,100.0,Low,0,No failure,0
6166,L53345,0,0.16,84.0,Low,0,No failure,0
6167,H35580,0,0.0175,98.2,Low,0,No failure,0
6168,M21027,0,0.0225,97.8,Low,0,No failure,0
6169,M21028,0,0.08,92.0,Low,0,No failure,0
6170,L53349,0,0.045,95.5,Low,0,No failure,0
6171,H35584,0,0.0425,95.8,Low,0,No failure,0
6172,L53351,0,0.0375,96.2,Low,0,No failure,0
6173,L53352,1,0.6525,34.8,High,1,Tool Wear Failure,0
6174,L53353,0,0.0,100.0,Low,0,No failure,0
6175,L53354,0,0.0,100.0,Low,0,No failure,0
6176,L53355,0,0.0,100.0,Low,0,No failure,0
6177,L53356,0,0.0,100.0,Low,0,No failure,0
6178,L53357,0,0.0,100.0,Low,0,No failure,0
6179,L53358,1,0.8175,18.2,High,1,Power Failure,0
6180,M21039,0,0.0,100.0,Low,0,No failure,0
6181,L53360,0,0.0,100.0,Low,0,No failure,0
6182,L53361,0,0.0,100.0,Low,0,No failure,0
6183,L53362,0,0.0,100.0,Low,0,No failure,0
6184,H35597,0,0.0,100.0,Low,0,No failure,0
6185,L53364,0,0.0,100.0,Low,0,No failure,0
6186,L53365,0,0.0,100.0,Low,0,No failure,0
6187,M21046,0,0.0,100.0,Low,0,No failure,0
6188,L53367,0,0.0025,99.8,Low,0,No failure,0
6189,L53368,0,0.0,100.0,Low,0,No failure,0
6190,M21049,0,0.0,100.0,Low,0,No failure,0
6191,L53370,0,0.0,100.0,Low,0,No failure,0
6192,H35605,0,0.0,100.0,Low,0,No failure,0
6193,L53372,0,0.0,100.0,Low,0,No failure,0
6194,L53373,0,0.0,100.0,Low,0,No failure,0
6195,L53374,0,0.0,100.0,Low,0,No failure,0
6196,L53375,0,0.0,100.0,Low,0,No failure,0
6197,L53376,0,0.0,100.0,Low,0,No failure,0
6198,L53377,0,0.0,100.0,Low,0,No failure,0
6199,M21058,0,0.0,100.0,Low,0,No failure,0
6200,L53379,0,0.0,100.0,Low,0,No failure,0
6201,L53380,0,0.0,100.0,Low,0,No failure,0
6202,M21061,0,0.0,100.0,Low,0,No failure,0
6203,L53382,0,0.0,100.0,Low,0,No failure,0
6204,L53383,0,0.0,100.0,Low,0,No failure,0
6205,M21064,0,0.0,100.0,Low,0,No failure,0
6206,M21065,0,0.0,100.0,Low,0,No failure,0
6207,M21066,0,0.0,100.0,Low,0,No failure,0
6208,L53387,0,0.0,100.0,Low,0,No failure,0
6209,M21068,0,0.0,100.0,Low,0,No failure,0
6210,L53389,0,0.0,100.0,Low,0,No failure,0
6211,L53390,0,0.0,100.0,Low,0,No failure,0
6212,L53391,0,0.0,100.0,Low,0,No failure,0
6213,L53392,0,0.0,100.0,Low,0,No failure,0
6214,L53393,0,0.0,100.0,Low,0,No failure,0
6215,L53394,0,0.0,100.0,Low,0,No failure,0
6216,L53395,0,0.0,100.0,Low,0,No failure,0
6217,L53396,0,0.0,100.0,Low,0,No failure,0
6218,M21077,0,0.0,100.0,Low,0,No failure,0
6219,H35632,0,0.0,100.0,Low,0,No failure,0
6220,H35633,0,0.0,100.0,Low,0,No failure,0
6221,L53400,0,0.0,100.0,Low,0,No failure,0
6222,M21081,0,0.0,100.0,Low,0,No failure,0
6223,H35636,0,0.0,100.0,Low,0,No failure,0
6224,M21083,0,0.0025,99.8,Low,0,No failure,0
6225,L53404,0,0.0,100.0,Low,0,No failure,0
6226,M21085,0,0.0,100.0,Low,0,No failure,0
6227,H35640,0,0.025,97.5,Low,0,No failure,0
6228,L53407,0,0.0,100.0,Low,0,No failure,0
6229,L53408,0,0.0,100.0,Low,0,No failure,0
6230,L53409,0,0.0025,99.8,Low,0,No failure,0
6231,M21090,0,0.0,100.0,Low,0,No failure,0
6232,M21091,0,0.0,100.0,Low,0,No failure,0
6233,L53412,0,0.0,100.0,Low,0,No failure,0
6234,L53413,0,0.0,100.0,Low,0,No failure,0
6235,L53414,0,0.0,100.0,Low,0,No failure,0
6236,L53415,0,0.0,100.0,Low,0,No failure,0
6237,M21096,0,0.0,100.0,Low,0,No failure,0
6238,L53417,0,0.0,100.0,Low,0,No failure,0
6239,L53418,0,0.0075,99.2,Low,0,No failure,0
6240,L53419,0,0.0,100.0,Low,0,No failure,0
6241,M21100,0,0.0,100.0,Low,0,No failure,0
6242,L53421,0,0.0,100.0,Low,0,No failure,0
6243,L53422,0,0.0,100.0,Low,0,No failure,0
6244,L53423,0,0.0,100.0,Low,0,No failure,0
6245,M21104,0,0.0,100.0,Low,0,No failure,0
6246,L53425,0,0.0,100.0,Low,0,No failure,0
6247,H35660,0,0.0,100.0,Low,0,No failure,0
6248,L53427,0,0.0,100.0,Low,0,No failure,0
6249,L53428,1,0.835,16.5,High,1,Multiple causes,0
6250,L53429,0,0.0,100.0,Low,0,No failure,0
6251,L53430,0,0.0,100.0,Low,0,No failure,0
6252,M21111,0,0.0,100.0,Low,0,No failure,0
6253,L53432,0,0.0,100.0,Low,0,No failure,0
6254,L53433,0,0.0025,99.8,Low,0,No failure,0
6255,L53434,0,0.0075,99.2,Low,0,No failure,0
6256,L53435,1,0.88,12.0,High,1,Overstrain Failure,0
6257,L53436,1,0.64,36.0,High,1,Tool Wear Failure,0
6258,L53437,0,0.0,100.0,Low,0,No failure,0
6259,M21118,0,0.0,100.0,Low,0,No failure,0
6260,M21119,0,0.0,100.0,Low,0,No failure,0
6261,L53440,0,0.0,100.0,Low,0,No failure,0
6262,L53441,0,0.0,100.0,Low,0,No failure,0
6263,L53442,0,0.0,100.0,Low,0,No failure,0
6264,M21123,0,0.0,100.0,Low,0,No failure,0
6265,L53444,0,0.0,100.0,Low,0,No failure,0
6266,L53445,0,0.0,100.0,Low,0,No failure,0
6267,L53446,0,0.0,100.0,Low,0,No failure,0
6268,L53447,0,0.0,100.0,Low,0,No failure,0
6269,L53448,0,0.0,100.0,Low,0,No failure,0
6270,M21129,0,0.0,100.0,Low,0,No failure,0
6271,L53450,0,0.0,100.0,Low,0,No failure,0
6272,M21131,0,0.0025,99.8,Low,0,No failure,0
6273,M21132,0,0.0,100.0,Low,0,No failure,0
6274,L53453,0,0.0,100.0,Low,0,No failure,0
6275,M21134,0,0.0,100.0,Low,0,No failure,0
6276,L53455,0,0.0,100.0,Low,0,No failure,0
6277,L53456,0,0.11,89.0,Low,0,No failure,0
6278,L53457,0,0.0,100.0,Low,0,No failure,0
6279,L53458,0,0.0,100.0,Low,0,No failure,0
6280,L53459,0,0.0,100.0,Low,0,No failure,0
6281,M21140,0,0.0,100.0,Low,0,No failure,0
6282,M21141,0,0.0,100.0,Low,0,No failure,0
6283,M21142,0,0.0,100.0,Low,0,No failure,0
6284,L53463,0,0.0,100.0,Low,0,No failure,0
6285,M21144,0,0.0,100.0,Low,0,No failure,0
6286,M21145,0,0.0,100.0,Low,0,No failure,0
6287,L53466,0,0.0,100.0,Low,0,No failure,0
6288,M21147,0,0.0,100.0,Low,0,No failure,0
6289,L53468,0,0.0025,99.8,Low,0,No failure,0
6290,L53469,0,0.025,97.5,Low,0,No failure,0
6291,L53470,0,0.0,100.0,Low,0,No failure,0
6292,M21151,0,0.0,100.0,Low,0,No failure,0
6293,L53472,0,0.0,100.0,Low,0,No failure,0
6294,H35707,0,0.0,100.0,Low,0,No failure,0
6295,L53474,0,0.0,100.0,Low,0,No failure,0
6296,H35709,0,0.0,100.0,Low,0,No failure,0
6297,L53476,0,0.0,100.0,Low,0,No failure,0
6298,M21157,0,0.05,95.0,Low,0,No failure,0
6299,L53478,0,0.0,100.0,Low,0,No failure,0
6300,L53479,0,0.0,100.0,Low,0,No failure,0
6301,L53480,0,0.0,100.0,Low,0,No failure,0
6302,M21161,0,0.0,100.0,Low,0,No failure,0
6303,L53482,0,0.0,100.0,Low,0,No failure,0
6304,H35717,0,0.0,100.0,Low,0,No failure,0
6305,L53484,0,0.0,100.0,Low,0,No failure,0
6306,M21165,0,0.0,100.0,Low,0,No failure,0
6307,L53486,0,0.0,100.0,Low,0,No failure,0
6308,L53487,0,0.0025,99.8,Low,0,No failure,0
6309,M21168,0,0.0,100.0,Low,0,No failure,0
6310,L53489,0,0.0,100.0,Low,0,No failure,0
6311,L53490,0,0.0,100.0,Low,0,No failure,0
6312,L53491,0,0.0,100.0,Low,0,No failure,0
6313,M21172,0,0.0,100.0,Low,0,No failure,0
6314,L53493,0,0.0,100.0,Low,0,No failure,0
6315,M21174,0,0.0,100.0,Low,0,No failure,0
6316,M21175,0,0.0,100.0,Low,0,No failure,0
6317,L53496,0,0.0,100.0,Low,0,No failure,0
6318,L53497,0,0.0,100.0,Low,0,No failure,0
6319,M21178,0,0.0,100.0,Low,0,No failure,0
6320,L53499,0,0.0,100.0,Low,0,No failure,0
6321,M21180,0,0.0,100.0,Low,0,No failure,0
6322,L53501,0,0.175,82.5,Low,0,No failure,0
6323,M21182,0,0.0,100.0,Low,0,No failure,0
6324,L53503,0,0.0,100.0,Low,0,No failure,0
6325,M21184,0,0.0,100.0,Low,0,No failure,0
6326,L53505,0,0.0,100.0,Low,0,No failure,0
6327,L53506,0,0.0,100.0,Low,0,No failure,0
6328,L53507,0,0.0,100.0,Low,0,No failure,0
6329,L53508,0,0.0,100.0,Low,0,No failure,0
6330,M21189,0,0.0,100.0,Low,0,No failure,0
6331,M21190,0,0.0,100.0,Low,0,No failure,0
6332,H35745,0,0.0,100.0,Low,0,No failure,0
6333,M21192,0,0.0025,99.8,Low,0,No failure,0
6334,M21193,0,0.0,100.0,Low,0,No failure,0
6335,M21194,0,0.0,100.0,Low,0,No failure,0
6336,M21195,0,0.0,100.0,Low,0,No failure,0
6337,L53516,0,0.0075,99.2,Low,0,No failure,0
6338,M21197,0,0.005,99.5,Low,0,No failure,0
6339,L53518,0,0.03,97.0,Low,0,No failure,0
6340,L53519,0,0.075,92.5,Low,0,No failure,0
6341,H35754,1,0.7775,22.3,High,1,Tool Wear Failure,0
6342,M21201,0,0.0,100.0,Low,0,No failure,0
6343,M21202,0,0.0,100.0,Low,0,No failure,0
6344,L53523,0,0.0,100.0,Low,0,No failure,0
6345,H35758,0,0.0,100.0,Low,0,No failure,0
6346,L53525,0,0.0,100.0,Low,0,No failure,0
6347,L53526,0,0.0075,99.2,Low,0,No failure,0
6348,L53527,0,0.0,100.0,Low,0,No failure,0
6349,L53528,0,0.0,100.0,Low,0,No failure,0
6350,L53529,0,0.0,100.0,Low,0,No failure,0
6351,L53530,0,0.0,100.0,Low,0,No failure,0
6352,L53531,0,0.0,100.0,Low,0,No failure,0
6353,L53532,0,0.0,100.0,Low,0,No failure,0
6354,M21213,0,0.0,100.0,Low,0,No failure,0
6355,L53534,0,0.0,100.0,Low,0,No failure,0
6356,L53535,0,0.0,100.0,Low,0,No failure,0
6357,M21216,0,0.0,100.0,Low,0,No failure,0
6358,L53537,0,0.0,100.0,Low,0,No failure,0
6359,M21218,0,0.0,100.0,Low,0,No failure,0
6360,L53539,0,0.0,100.0,Low,0,No failure,0
6361,L53540,0,0.0,100.0,Low,0,No failure,0
6362,M21221,0,0.0,100.0,Low,0,No failure,0
6363,L53542,0,0.0,100.0,Low,0,No failure,0
6364,M21223,0,0.0,100.0,Low,0,No failure,0
6365,M21224,0,0.0,100.0,Low,0,No failure,0
6366,M21225,0,0.0225,97.8,Low,0,No failure,0
6367,M21226,0,0.0,100.0,Low,0,No failure,0
6368,L53547,0,0.0,100.0,Low,0,No failure,0
6369,M21228,0,0.0,100.0,Low,0,No failure,0
6370,H35783,0,0.0,100.0,Low,0,No failure,0
6371,L53550,0,0.0,100.0,Low,0,No failure,0
6372,L53551,0,0.0,100.0,Low,0,No failure,0
6373,M21232,0,0.0,100.0,Low,0,No failure,0
6374,H35787,0,0.0,100.0,Low,0,No failure,0
6375,L53554,0,0.0,100.0,Low,0,No failure,0
6376,H35789,0,0.0,100.0,Low,0,No failure,0
6377,L53556,0,0.0,100.0,Low,0,No failure,0
6378,L53557,0,0.0,100.0,Low,0,No failure,0
6379,L53558,0,0.0,100.0,Low,0,No failure,0
6380,L53559,0,0.0,100.0,Low,0,No failure,0
6381,L53560,0,0.0,100.0,Low,0,No failure,0
6382,L53561,0,0.0,100.0,Low,0,No failure,0
6383,L53562,0,0.0,100.0,Low,0,No failure,0
6384,H35797,0,0.0,100.0,Low,0,No failure,0
6385,H35798,0,0.0,100.0,Low,0,No failure,0
6386,L53565,0,0.0,100.0,Low,0,No failure,0
6387,L53566,0,0.0,100.0,Low,0,No failure,0
6388,M21247,0,0.0,100.0,Low,0,No failure,0
6389,H35802,0,0.0,100.0,Low,0,No failure,0
6390,H35803,0,0.0,100.0,Low,0,No failure,0
6391,L53570,0,0.005,99.5,Low,0,No failure,0
6392,M21251,0,0.0,100.0,Low,0,No failure,0
6393,L53572,0,0.0,100.0,Low,0,No failure,0
6394,L53573,0,0.0,100.0,Low,0,No failure,0
6395,M21254,0,0.0,100.0,Low,0,No failure,0
6396,M21255,0,0.0,100.0,Low,0,No failure,0
6397,L53576,0,0.0,100.0,Low,0,No failure,0
6398,M21257,0,0.0,100.0,Low,0,No failure,0
6399,L53578,0,0.0,100.0,Low,0,No failure,0
6400,M21259,0,0.0,100.0,Low,0,No failure,0
6401,L53580,0,0.0,100.0,Low,0,No failure,0
6402,M21261,0,0.0,100.0,Low,0,No failure,0
6403,M21262,0,0.0,100.0,Low,0,No failure,0
6404,L53583,0,0.0,100.0,Low,0,No failure,0
6405,M21264,0,0.015,98.5,Low,0,No failure,0
6406,L53585,0,0.0075,99.2,Low,0,No failure,0
6407,L53586,0,0.0,100.0,Low,0,No failure,0
6408,M21267,0,0.0,100.0,Low,0,No failure,0
6409,L53588,0,0.0,100.0,Low,0,No failure,0
6410,L53589,0,0.0,100.0,Low,0,No failure,0
6411,L53590,0,0.0,100.0,Low,0,No failure,0
6412,M21271,0,0.0,100.0,Low,0,No failure,0
6413,L53592,0,0.0,100.0,Low,0,No failure,0
6414,L53593,0,0.0,100.0,Low,0,No failure,0
6415,M21274,0,0.0,100.0,Low,0,No failure,0
6416,L53595,0,0.0,100.0,Low,0,No failure,0
6417,H35830,0,0.0,100.0,Low,0,No failure,0
6418,L53597,0,0.0025,99.8,Low,0,No failure,0
6419,H35832,0,0.0675,93.2,Low,0,No failure,0
6420,H35833,1,0.7625,23.8,High,1,Tool Wear Failure,0
6421,L53600,0,0.0,100.0,Low,0,No failure,0
6422,L53601,0,0.0,100.0,Low,0,No failure,0
6423,L53602,0,0.0,100.0,Low,0,No failure,0
6424,M21283,0,0.0,100.0,Low,0,No failure,0
6425,M21284,0,0.0,100.0,Low,0,No failure,0
6426,L53605,0,0.0,100.0,Low,0,No failure,0
6427,L53606,0,0.0,100.0,Low,0,No failure,0
6428,L53607,0,0.0,100.0,Low,0,No failure,0
6429,M21288,0,0.0,100.0,Low,0,No failure,0
6430,M21289,0,0.0,100.0,Low,0,No failure,0
6431,L53610,0,0.0,100.0,Low,0,No failure,0
6432,L53611,0,0.0025,99.8,Low,0,No failure,0
6433,M21292,0,0.0,100.0,Low,0,No failure,0
6434,L53613,0,0.0,100.0,Low,0,No failure,0
6435,M21294,0,0.0,100.0,Low,0,No failure,0
6436,L53615,0,0.0,100.0,Low,0,No failure,0
6437,L53616,0,0.0,100.0,Low,0,No failure,0
6438,L53617,0,0.215,78.5,Low,0,No failure,0
6439,L53618,0,0.0,100.0,Low,0,No failure,0
6440,L53619,0,0.0,100.0,Low,0,No failure,0
6441,L53620,0,0.0,100.0,Low,0,No failure,0
6442,L53621,0,0.0,100.0,Low,0,No failure,0
6443,L53622,0,0.0025,99.8,Low,0,No failure,0
6444,L53623,0,0.0,100.0,Low,0,No failure,0
6445,M21304,0,0.0075,99.2,Low,0,No failure,0
6446,L53625,0,0.0025,99.8,Low,0,No failure,0
6447,M21306,0,0.0,100.0,Low,0,No failure,0
6448,L53627,0,0.0,100.0,Low,0,No failure,0
6449,H35862,0,0.0,100.0,Low,0,No failure,0
6450,L53629,0,0.0,100.0,Low,0,No failure,0
6451,L53630,0,0.0,100.0,Low,0,No failure,0
6452,L53631,0,0.0,100.0,Low,0,No failure,0
6453,L53632,0,0.0,100.0,Low,0,No failure,0
6454,L53633,0,0.0,100.0,Low,0,No failure,0
6455,L53634,0,0.0,100.0,Low,0,No failure,0
6456,L53635,0,0.0,100.0,Low,0,No failure,0
6457,L53636,0,0.0,100.0,Low,0,No failure,0
6458,L53637,0,0.0,100.0,Low,0,No failure,0
6459,M21318,0,0.03,97.0,Low,0,No failure,0
6460,M21319,0,0.0,100.0,Low,0,No failure,0
6461,L53640,0,0.0,100.0,Low,0,No failure,0
6462,L53641,0,0.0,100.0,Low,0,No failure,0
6463,H35876,0,0.0,100.0,Low,0,No failure,0
6464,H35877,0,0.0175,98.2,Low,0,No failure,0
6465,M21324,0,0.0,100.0,Low,0,No failure,0
6466,M21325,0,0.0,100.0,Low,0,No failure,0
6467,L53646,0,0.0,100.0,Low,0,No failure,0
6468,L53647,0,0.0,100.0,Low,0,No failure,0
6469,L53648,0,0.0,100.0,Low,0,No failure,0
6470,M21329,0,0.0,100.0,Low,0,No failure,0
6471,L53650,0,0.005,99.5,Low,0,No failure,0
6472,L53651,0,0.0,100.0,Low,0,No failure,0
6473,H35886,0,0.0,100.0,Low,0,No failure,0
6474,H35887,0,0.0,100.0,Low,0,No failure,0
6475,M21334,0,0.0,100.0,Low,0,No failure,0
6476,L53655,0,0.0,100.0,Low,0,No failure,0
6477,L53656,0,0.0,100.0,Low,0,No failure,0
6478,L53657,0,0.0,100.0,Low,0,No failure,0
6479,L53658,1,0.0,100.0,Low,0,Failure (Cause not logged),1
6480,L53659,0,0.0,100.0,Low,0,No failure,0
6481,L53660,0,0.0,100.0,Low,0,No failure,0
6482,L53661,0,0.0,100.0,Low,0,No failure,0
6483,L53662,0,0.0,100.0,Low,0,No failure,0
6484,L53663,0,0.0,100.0,Low,0,No failure,0
6485,H35898,0,0.0,100.0,Low,0,No failure,0
6486,L53665,0,0.0,100.0,Low,0,No failure,0
6487,L53666,0,0.0,100.0,Low,0,No failure,0
6488,H35901,0,0.0,100.0,Low,0,No failure,0
6489,L53668,0,0.0,100.0,Low,0,No failure,0
6490,M21349,0,0.0,100.0,Low,0,No failure,0
6491,L53670,0,0.0,100.0,Low,0,No failure,0
6492,L53671,0,0.0025,99.8,Low,0,No failure,0
6493,M21352,0,0.0,100.0,Low,0,No failure,0
6494,L53673,0,0.0175,98.2,Low,0,No failure,0
6495,L53674,0,0.0,100.0,Low,0,No failure,0
6496,M21355,0,0.0,100.0,Low,0,No failure,0
6497,L53676,0,0.0,100.0,Low,0,No failure,0
6498,L53677,1,0.875,12.5,High,1,Overstrain Failure,0
6499,H35912,0,0.0025,99.8,Low,0,No failure,0
6500,L53679,0,0.0,100.0,Low,0,No failure,0
6501,M21360,0,0.0025,99.8,Low,0,No failure,0
6502,M21361,0,0.0025,99.8,Low,0,No failure,0
6503,L53682,0,0.1,90.0,Low,0,No failure,0
6504,M21363,0,0.0,100.0,Low,0,No failure,0
6505,M21364,0,0.035,96.5,Low,0,No failure,0
6506,L53685,0,0.0125,98.8,Low,0,No failure,0
6507,H35920,0,0.015,98.5,Low,0,No failure,0
6508,L53687,0,0.0,100.0,Low,0,No failure,0
6509,H35922,0,0.0,100.0,Low,0,No failure,0
6510,L53689,0,0.0,100.0,Low,0,No failure,0
6511,L53690,0,0.0025,99.8,Low,0,No failure,0
6512,M21371,0,0.02,98.0,Low,0,No failure,0
6513,M21372,0,0.0,100.0,Low,0,No failure,0
6514,L53693,0,0.0,100.0,Low,0,No failure,0
6515,L53694,0,0.0,100.0,Low,0,No failure,0
6516,L53695,0,0.0,100.0,Low,0,No failure,0
6517,H35930,0,0.0,100.0,Low,0,No failure,0
6518,L53697,0,0.0,100.0,Low,0,No failure,0
6519,H35932,0,0.3,70.0,Medium,0,No failure,0
6520,L53699,0,0.0,100.0,Low,0,No failure,0
6521,M21380,0,0.0,100.0,Low,0,No failure,0
6522,L53701,0,0.0,100.0,Low,0,No failure,0
6523,L53702,0,0.0,100.0,Low,0,No failure,0
6524,M21383,0,0.0,100.0,Low,0,No failure,0
6525,L53704,0,0.0,100.0,Low,0,No failure,0
6526,L53705,1,0.9175,8.3,High,1,Power Failure,0
6527,L53706,0,0.0,100.0,Low,0,No failure,0
6528,L53707,0,0.0,100.0,Low,0,No failure,0
6529,L53708,0,0.0,100.0,Low,0,No failure,0
6530,L53709,0,0.0,100.0,Low,0,No failure,0
6531,H35944,0,0.0,100.0,Low,0,No failure,0
6532,H35945,0,0.0,100.0,Low,0,No failure,0
6533,H35946,0,0.0025,99.8,Low,0,No failure,0
6534,L53713,0,0.0,100.0,Low,0,No failure,0
6535,L53714,0,0.0,100.0,Low,0,No failure,0
6536,H35949,0,0.0,100.0,Low,0,No failure,0
6537,L53716,0,0.0,100.0,Low,0,No failure,0
6538,M21397,0,0.0,100.0,Low,0,No failure,0
6539,L53718,0,0.0,100.0,Low,0,No failure,0
6540,L53719,0,0.0,100.0,Low,0,No failure,0
6541,M21400,1,0.7025,29.8,High,1,Power Failure,0
6542,L53721,0,0.0,100.0,Low,0,No failure,0
6543,L53722,0,0.0,100.0,Low,0,No failure,0
6544,L53723,0,0.0,100.0,Low,0,No failure,0
6545,M21404,0,0.0,100.0,Low,0,No failure,0
6546,M21405,0,0.0,100.0,Low,0,No failure,0
6547,M21406,0,0.0,100.0,Low,0,No failure,0
6548,L53727,0,0.0,100.0,Low,0,No failure,0
6549,L53728,0,0.0,100.0,Low,0,No failure,0
6550,H35963,0,0.0,100.0,Low,0,No failure,0
6551,L53730,0,0.0,100.0,Low,0,No failure,0
6552,L53731,0,0.0,100.0,Low,0,No failure,0
6553,L53732,0,0.0,100.0,Low,0,No failure,0
6554,L53733,0,0.0,100.0,Low,0,No failure,0
6555,M21414,0,0.0,100.0,Low,0,No failure,0
6556,H35969,0,0.0,100.0,Low,0,No failure,0
6557,L53736,0,0.0,100.0,Low,0,No failure,0
6558,M21417,0,0.0,100.0,Low,0,No failure,0
6559,M21418,0,0.0,100.0,Low,0,No failure,0
6560,H35973,0,0.0,100.0,Low,0,No failure,0
6561,L53740,0,0.0,100.0,Low,0,No failure,0
6562,L53741,0,0.0,100.0,Low,0,No failure,0
6563,M21422,0,0.0075,99.2,Low,0,No failure,0
6564,L53743,0,0.0,100.0,Low,0,No failure,0
6565,L53744,0,0.0,100.0,Low,0,No failure,0
6566,L53745,0,0.0,100.0,Low,0,No failure,0
6567,L53746,0,0.0,100.0,Low,0,No failure,0
6568,M21427,0,0.0,100.0,Low,0,No failure,0
6569,L53748,0,0.0,100.0,Low,0,No failure,0
6570,M21429,0,0.0,100.0,Low,0,No failure,0
6571,L53750,0,0.0,100.0,Low,0,No failure,0
6572,M21431,0,0.005,99.5,Low,0,No failure,0
6573,L53752,0,0.0225,97.8,Low,0,No failure,0
6574,M21433,0,0.0,100.0,Low,0,No failure,0
6575,L53754,0,0.0,100.0,Low,0,No failure,0
6576,M21435,0,0.0,100.0,Low,0,No failure,0
6577,L53756,0,0.0,100.0,Low,0,No failure,0
6578,L53757,0,0.005,99.5,Low,0,No failure,0
6579,L53758,0,0.0,100.0,Low,0,No failure,0
6580,L53759,0,0.0,100.0,Low,0,No failure,0
6581,L53760,0,0.0,100.0,Low,0,No failure,0
6582,L53761,0,0.0,100.0,Low,0,No failure,0
6583,L53762,0,0.0,100.0,Low,0,No failure,0
6584,M21443,0,0.0,100.0,Low,0,No failure,0
6585,L53764,0,0.0125,98.8,Low,0,No failure,0
6586,M21445,0,0.0125,98.8,Low,0,No failure,0
6587,L53766,0,0.115,88.5,Low,0,No failure,0
6588,M21447,0,0.0175,98.2,Low,0,No failure,0
6589,L53768,0,0.01,99.0,Low,0,No failure,0
6590,M21449,0,0.0,100.0,Low,0,No failure,0
6591,L53770,0,0.0,100.0,Low,0,No failure,0
6592,L53771,0,0.0,100.0,Low,0,No failure,0
6593,M21452,0,0.0,100.0,Low,0,No failure,0
6594,L53773,0,0.0,100.0,Low,0,No failure,0
6595,L53774,0,0.0,100.0,Low,0,No failure,0
6596,M21455,0,0.0,100.0,Low,0,No failure,0
6597,M21456,0,0.0,100.0,Low,0,No failure,0
6598,L53777,0,0.0,100.0,Low,0,No failure,0
6599,L53778,0,0.0,100.0,Low,0,No failure,0
6600,L53779,0,0.0,100.0,Low,0,No failure,0
6601,M21460,0,0.0,100.0,Low,0,No failure,0
6602,M21461,0,0.0075,99.2,Low,0,No failure,0
6603,L53782,0,0.0025,99.8,Low,0,No failure,0
6604,M21463,0,0.0,100.0,Low,0,No failure,0
6605,M21464,0,0.0,100.0,Low,0,No failure,0
6606,M21465,0,0.0,100.0,Low,0,No failure,0
6607,H36020,0,0.0,100.0,Low,0,No failure,0
6608,L53787,0,0.0,100.0,Low,0,No failure,0
6609,M21468,0,0.0,100.0,Low,0,No failure,0
6610,L53789,0,0.0,100.0,Low,0,No failure,0
6611,L53790,0,0.0,100.0,Low,0,No failure,0
6612,H36025,0,0.0,100.0,Low,0,No failure,0
6613,L53792,0,0.1425,85.8,Low,0,No failure,0
6614,L53793,0,0.0,100.0,Low,0,No failure,0
6615,L53794,0,0.0,100.0,Low,0,No failure,0
6616,L53795,0,0.0,100.0,Low,0,No failure,0
6617,M21476,0,0.005,99.5,Low,0,No failure,0
6618,L53797,0,0.06,94.0,Low,0,No failure,0
6619,M21478,1,0.76,24.0,High,1,Power Failure,0
6620,M21479,0,0.0,100.0,Low,0,No failure,0
6621,M21480,0,0.0,100.0,Low,0,No failure,0
6622,M21481,0,0.0,100.0,Low,0,No failure,0
6623,L53802,0,0.0,100.0,Low,0,No failure,0
6624,M21483,0,0.0025,99.8,Low,0,No failure,0
6625,L53804,0,0.0,100.0,Low,0,No failure,0
6626,M21485,0,0.0,100.0,Low,0,No failure,0
6627,L53806,0,0.0,100.0,Low,0,No failure,0
6628,M21487,0,0.0,100.0,Low,0,No failure,0
6629,L53808,0,0.0,100.0,Low,0,No failure,0
6630,L53809,0,0.0,100.0,Low,0,No failure,0
6631,M21490,0,0.0,100.0,Low,0,No failure,0
6632,M21491,0,0.005,99.5,Low,0,No failure,0
6633,L53812,0,0.0,100.0,Low,0,No failure,0
6634,M21493,0,0.0,100.0,Low,0,No failure,0
6635,L53814,0,0.0025,99.8,Low,0,No failure,0
6636,L53815,0,0.0,100.0,Low,0,No failure,0
6637,M21496,0,0.0,100.0,Low,0,No failure,0
6638,H36051,0,0.0,100.0,Low,0,No failure,0
6639,L53818,0,0.0,100.0,Low,0,No failure,0
6640,L53819,0,0.0025,99.8,Low,0,No failure,0
6641,L53820,0,0.0,100.0,Low,0,No failure,0
6642,L53821,0,0.0,100.0,Low,0,No failure,0
6643,L53822,0,0.0,100.0,Low,0,No failure,0
6644,M21503,0,0.0275,97.2,Low,0,No failure,0
6645,L53824,0,0.0,100.0,Low,0,No failure,0
6646,M21505,0,0.0,100.0,Low,0,No failure,0
6647,L53826,0,0.0,100.0,Low,0,No failure,0
6648,L53827,0,0.0,100.0,Low,0,No failure,0
6649,L53828,0,0.0,100.0,Low,0,No failure,0
6650,M21509,0,0.0,100.0,Low,0,No failure,0
6651,L53830,0,0.0,100.0,Low,0,No failure,0
6652,M21511,0,0.005,99.5,Low,0,No failure,0
6653,H36066,0,0.0,100.0,Low,0,No failure,0
6654,M21513,0,0.0,100.0,Low,0,No failure,0
6655,L53834,0,0.0025,99.8,Low,0,No failure,0
6656,L53835,0,0.0,100.0,Low,0,No failure,0
6657,M21516,0,0.0,100.0,Low,0,No failure,0
6658,L53837,0,0.0,100.0,Low,0,No failure,0
6659,L53838,0,0.0,100.0,Low,0,No failure,0
6660,L53839,0,0.0025,99.8,Low,0,No failure,0
6661,H36074,0,0.0,100.0,Low,0,No failure,0
6662,M21521,0,0.0,100.0,Low,0,No failure,0
6663,M21522,0,0.0,100.0,Low,0,No failure,0
6664,L53843,0,0.0,100.0,Low,0,No failure,0
6665,L53844,0,0.0,100.0,Low,0,No failure,0
6666,L53845,0,0.0025,99.8,Low,0,No failure,0
6667,L53846,0,0.02,98.0,Low,0,No failure,0
6668,H36081,0,0.0,100.0,Low,0,No failure,0
6669,L53848,0,0.04,96.0,Low,0,No failure,0
6670,L53849,0,0.01,99.0,Low,0,No failure,0
6671,L53850,0,0.03,97.0,Low,0,No failure,0
6672,L53851,0,0.0175,98.2,Low,0,No failure,0
6673,L53852,0,0.09,91.0,Low,0,No failure,0
6674,L53853,1,0.7275,27.2,High,1,Overstrain Failure,0
6675,L53854,0,0.0275,97.2,Low,0,No failure,0
6676,L53855,0,0.035,96.5,Low,0,No failure,0
6677,L53856,0,0.015,98.5,Low,0,No failure,0
6678,L53857,0,0.0175,98.2,Low,0,No failure,0
6679,M21538,1,0.76,24.0,High,1,Power Failure,0
6680,L53859,0,0.0,100.0,Low,0,No failure,0
6681,L53860,0,0.0,100.0,Low,0,No failure,0
6682,L53861,0,0.0,100.0,Low,0,No failure,0
6683,L53862,0,0.0,100.0,Low,0,No failure,0
6684,L53863,0,0.0075,99.2,Low,0,No failure,0
6685,L53864,0,0.0,100.0,Low,0,No failure,0
6686,L53865,0,0.0,100.0,Low,0,No failure,0
6687,L53866,0,0.0,100.0,Low,0,No failure,0
6688,L53867,0,0.0,100.0,Low,0,No failure,0
6689,L53868,0,0.0,100.0,Low,0,No failure,0
6690,L53869,0,0.0,100.0,Low,0,No failure,0
6691,L53870,0,0.0025,99.8,Low,0,No failure,0
6692,M21551,0,0.0,100.0,Low,0,No failure,0
6693,M21552,0,0.0,100.0,Low,0,No failure,0
6694,M21553,0,0.0,100.0,Low,0,No failure,0
6695,M21554,0,0.04,96.0,Low,0,No failure,0
6696,M21555,0,0.0025,99.8,Low,0,No failure,0
6697,L53876,0,0.0,100.0,Low,0,No failure,0
6698,L53877,0,0.0,100.0,Low,0,No failure,0
6699,L53878,0,0.0,100.0,Low,0,No failure,0
6700,M21559,0,0.0,100.0,Low,0,No failure,0
6701,H36114,0,0.0,100.0,Low,0,No failure,0
6702,L53881,0,0.0,100.0,Low,0,No failure,0
6703,M21562,0,0.0,100.0,Low,0,No failure,0
6704,M21563,0,0.0,100.0,Low,0,No failure,0
6705,M21564,0,0.0,100.0,Low,0,No failure,0
6706,M21565,0,0.005,99.5,Low,0,No failure,0
6707,L53886,0,0.0,100.0,Low,0,No failure,0
6708,L53887,0,0.0,100.0,Low,0,No failure,0
6709,M21568,0,0.0,100.0,Low,0,No failure,0
6710,L53889,0,0.0,100.0,Low,0,No failure,0
6711,L53890,0,0.0075,99.2,Low,0,No failure,0
6712,L53891,0,0.0,100.0,Low,0,No failure,0
6713,H36126,0,0.0,100.0,Low,0,No failure,0
6714,L53893,0,0.0,100.0,Low,0,No failure,0
6715,L53894,0,0.0,100.0,Low,0,No failure,0
6716,L53895,0,0.0,100.0,Low,0,No failure,0
6717,L53896,0,0.0,100.0,Low,0,No failure,0
6718,M21577,0,0.0,100.0,Low,0,No failure,0
6719,L53898,0,0.0025,99.8,Low,0,No failure,0
6720,M21579,0,0.0,100.0,Low,0,No failure,0
6721,L53900,0,0.0,100.0,Low,0,No failure,0
6722,L53901,0,0.12,88.0,Low,0,No failure,0
6723,L53902,0,0.0,100.0,Low,0,No failure,0
6724,M21583,0,0.0,100.0,Low,0,No failure,0
6725,L53904,0,0.0,100.0,Low,0,No failure,0
6726,M21585,0,0.0,100.0,Low,0,No failure,0
6727,L53906,0,0.0,100.0,Low,0,No failure,0
6728,L53907,0,0.0,100.0,Low,0,No failure,0
6729,L53908,0,0.0,100.0,Low,0,No failure,0
6730,H36143,0,0.0,100.0,Low,0,No failure,0
6731,M21590,0,0.0,100.0,Low,0,No failure,0
6732,L53911,0,0.0,100.0,Low,0,No failure,0
6733,L53912,0,0.005,99.5,Low,0,No failure,0
6734,M21593,0,0.0025,99.8,Low,0,No failure,0
6735,M21594,0,0.0,100.0,Low,0,No failure,0
6736,L53915,0,0.0,100.0,Low,0,No failure,0
6737,L53916,0,0.0,100.0,Low,0,No failure,0
6738,M21597,0,0.0,100.0,Low,0,No failure,0
6739,H36152,0,0.0,100.0,Low,0,No failure,0
6740,L53919,0,0.0,100.0,Low,0,No failure,0
6741,L53920,0,0.0,100.0,Low,0,No failure,0
6742,M21601,0,0.0,100.0,Low,0,No failure,0
6743,H36156,0,0.0,100.0,Low,0,No failure,0
6744,L53923,0,0.0,100.0,Low,0,No failure,0
6745,M21604,0,0.0525,94.8,Low,0,No failure,0
6746,M21605,0,0.0,100.0,Low,0,No failure,0
6747,M21606,0,0.0,100.0,Low,0,No failure,0
6748,M21607,0,0.0,100.0,Low,0,No failure,0
6749,H36162,0,0.0,100.0,Low,0,No failure,0
6750,L53929,0,0.0,100.0,Low,0,No failure,0
6751,M21610,0,0.0,100.0,Low,0,No failure,0
6752,M21611,0,0.0,100.0,Low,0,No failure,0
6753,L53932,0,0.0,100.0,Low,0,No failure,0
6754,L53933,0,0.0175,98.2,Low,0,No failure,0
6755,L53934,0,0.0,100.0,Low,0,No failure,0
6756,M21615,0,0.0,100.0,Low,0,No failure,0
6757,L53936,0,0.0025,99.8,Low,0,No failure,0
6758,L53937,0,0.005,99.5,Low,0,No failure,0
6759,L53938,0,0.09,91.0,Low,0,No failure,0
6760,L53939,1,0.695,30.5,High,1,Tool Wear Failure,0
6761,L53940,0,0.0,100.0,Low,0,No failure,0
6762,L53941,0,0.0025,99.8,Low,0,No failure,0
6763,L53942,0,0.005,99.5,Low,0,No failure,0
6764,M21623,0,0.0,100.0,Low,0,No failure,0
6765,L53944,0,0.0,100.0,Low,0,No failure,0
6766,L53945,0,0.0,100.0,Low,0,No failure,0
6767,M21626,0,0.0,100.0,Low,0,No failure,0
6768,L53947,0,0.0,100.0,Low,0,No failure,0
6769,H36182,0,0.0,100.0,Low,0,No failure,0
6770,L53949,0,0.0,100.0,Low,0,No failure,0
6771,M21630,0,0.0,100.0,Low,0,No failure,0
6772,M21631,0,0.0,100.0,Low,0,No failure,0
6773,L53952,0,0.0,100.0,Low,0,No failure,0
6774,L53953,0,0.0,100.0,Low,0,No failure,0
6775,H36188,0,0.0,100.0,Low,0,No failure,0
6776,L53955,0,0.0,100.0,Low,0,No failure,0
6777,L53956,0,0.0,100.0,Low,0,No failure,0
6778,L53957,0,0.0,100.0,Low,0,No failure,0
6779,M21638,0,0.0,100.0,Low,0,No failure,0
6780,M21639,0,0.0025,99.8,Low,0,No failure,0
6781,L53960,0,0.0,100.0,Low,0,No failure,0
6782,M21641,0,0.0,100.0,Low,0,No failure,0
6783,L53962,0,0.0,100.0,Low,0,No failure,0
6784,L53963,0,0.0,100.0,Low,0,No failure,0
6785,M21644,0,0.0,100.0,Low,0,No failure,0
6786,L53965,0,0.0,100.0,Low,0,No failure,0
6787,L53966,0,0.0,100.0,Low,0,No failure,0
6788,H36201,0,0.005,99.5,Low,0,No failure,0
6789,M21648,0,0.0,100.0,Low,0,No failure,0
6790,M21649,0,0.0,100.0,Low,0,No failure,0
6791,M21650,0,0.0025,99.8,Low,0,No failure,0
6792,L53971,0,0.0,100.0,Low,0,No failure,0
6793,L53972,0,0.0,100.0,Low,0,No failure,0
6794,L53973,0,0.0,100.0,Low,0,No failure,0
6795,L53974,0,0.0,100.0,Low,0,No failure,0
6796,L53975,0,0.0,100.0,Low,0,No failure,0
6797,M21656,0,0.0025,99.8,Low,0,No failure,0
6798,M21657,0,0.0,100.0,Low,0,No failure,0
6799,L53978,0,0.0,100.0,Low,0,No failure,0
6800,M21659,1,0.9075,9.3,High,1,Power Failure,0
6801,M21660,0,0.0025,99.8,Low,0,No failure,0
6802,L53981,0,0.0,100.0,Low,0,No failure,0
6803,M21662,0,0.0,100.0,Low,0,No failure,0
6804,M21663,0,0.0,100.0,Low,0,No failure,0
6805,L53984,0,0.0,100.0,Low,0,No failure,0
6806,M21665,0,0.0,100.0,Low,0,No failure,0
6807,L53986,0,0.0,100.0,Low,0,No failure,0
6808,L53987,0,0.0,100.0,Low,0,No failure,0
6809,L53988,0,0.0,100.0,Low,0,No failure,0
6810,L53989,0,0.0,100.0,Low,0,No failure,0
6811,L53990,0,0.0,100.0,Low,0,No failure,0
6812,L53991,0,0.0,100.0,Low,0,No failure,0
6813,L53992,0,0.0,100.0,Low,0,No failure,0
6814,M21673,0,0.0,100.0,Low,0,No failure,0
6815,H36228,0,0.0,100.0,Low,0,No failure,0
6816,L53995,0,0.0,100.0,Low,0,No failure,0
6817,L53996,0,0.0,100.0,Low,0,No failure,0
6818,M21677,0,0.0,100.0,Low,0,No failure,0
6819,M21678,0,0.0,100.0,Low,0,No failure,0
6820,L53999,0,0.0,100.0,Low,0,No failure,0
6821,L54000,0,0.0,100.0,Low,0,No failure,0
6822,M21681,0,0.0,100.0,Low,0,No failure,0
6823,M21682,0,0.0,100.0,Low,0,No failure,0
6824,M21683,0,0.0025,99.8,Low,0,No failure,0
6825,L54004,0,0.0,100.0,Low,0,No failure,0
6826,L54005,0,0.0,100.0,Low,0,No failure,0
6827,L54006,0,0.0,100.0,Low,0,No failure,0
6828,M21687,0,0.0,100.0,Low,0,No failure,0
6829,L54008,0,0.0025,99.8,Low,0,No failure,0
6830,H36243,0,0.0,100.0,Low,0,No failure,0
6831,M21690,0,0.005,99.5,Low,0,No failure,0
6832,L54011,0,0.0125,98.8,Low,0,No failure,0
6833,M21692,0,0.0,100.0,Low,0,No failure,0
6834,L54013,0,0.0375,96.2,Low,0,No failure,0
6835,L54014,0,0.02,98.0,Low,0,No failure,0
6836,L54015,0,0.0075,99.2,Low,0,No failure,0
6837,H36250,0,0.0175,98.2,Low,0,No failure,0
6838,M21697,0,0.0,100.0,Low,0,No failure,0
6839,L54018,0,0.0,100.0,Low,0,No failure,0
6840,L54019,0,0.0025,99.8,Low,0,No failure,0
6841,L54020,0,0.0175,98.2,Low,0,No failure,0
6842,M21701,0,0.02,98.0,Low,0,No failure,0
6843,L54022,0,0.015,98.5,Low,0,No failure,0
6844,L54023,0,0.01,99.0,Low,0,No failure,0
6845,M21704,0,0.04,96.0,Low,0,No failure,0
6846,M21705,0,0.0,100.0,Low,0,No failure,0
6847,M21706,0,0.0,100.0,Low,0,No failure,0
6848,L54027,0,0.0,100.0,Low,0,No failure,0
6849,M21708,0,0.0,100.0,Low,0,No failure,0
6850,L54029,0,0.0,100.0,Low,0,No failure,0
6851,M21710,0,0.0,100.0,Low,0,No failure,0
6852,M21711,0,0.0,100.0,Low,0,No failure,0
6853,H36266,0,0.0,100.0,Low,0,No failure,0
6854,L54033,0,0.0,100.0,Low,0,No failure,0
6855,L54034,0,0.0,100.0,Low,0,No failure,0
6856,M21715,0,0.0,100.0,Low,0,No failure,0
6857,M21716,0,0.0,100.0,Low,0,No failure,0
6858,L54037,0,0.0,100.0,Low,0,No failure,0
6859,L54038,0,0.0,100.0,Low,0,No failure,0
6860,M21719,0,0.0,100.0,Low,0,No failure,0
6861,L54040,0,0.0,100.0,Low,0,No failure,0
6862,H36275,0,0.0,100.0,Low,0,No failure,0
6863,M21722,0,0.0,100.0,Low,0,No failure,0
6864,L54043,0,0.0,100.0,Low,0,No failure,0
6865,L54044,0,0.0125,98.8,Low,0,No failure,0
6866,L54045,0,0.0,100.0,Low,0,No failure,0
6867,M21726,0,0.0,100.0,Low,0,No failure,0
6868,L54047,0,0.0,100.0,Low,0,No failure,0
6869,L54048,0,0.0,100.0,Low,0,No failure,0
6870,L54049,0,0.0,100.0,Low,0,No failure,0
6871,H36284,0,0.0,100.0,Low,0,No failure,0
6872,L54051,0,0.0,100.0,Low,0,No failure,0
6873,L54052,0,0.0,100.0,Low,0,No failure,0
6874,L54053,0,0.0,100.0,Low,0,No failure,0
6875,H36288,0,0.0025,99.8,Low,0,No failure,0
6876,M21735,0,0.0,100.0,Low,0,No failure,0
6877,L54056,0,0.0025,99.8,Low,0,No failure,0
6878,M21737,0,0.0,100.0,Low,0,No failure,0
6879,H36292,0,0.0,100.0,Low,0,No failure,0
6880,H36293,0,0.005,99.5,Low,0,No failure,0
6881,M21740,0,0.0,100.0,Low,0,No failure,0
6882,L54061,0,0.0,100.0,Low,0,No failure,0
6883,L54062,0,0.0,100.0,Low,0,No failure,0
6884,L54063,0,0.0,100.0,Low,0,No failure,0
6885,L54064,0,0.0,100.0,Low,0,No failure,0
6886,L54065,0,0.0,100.0,Low,0,No failure,0
6887,M21746,0,0.0,100.0,Low,0,No failure,0
6888,L54067,0,0.0,100.0,Low,0,No failure,0
6889,M21748,0,0.0,100.0,Low,0,No failure,0
6890,H36303,0,0.0,100.0,Low,0,No failure,0
6891,M21750,0,0.0,100.0,Low,0,No failure,0
6892,L54071,0,0.0,100.0,Low,0,No failure,0
6893,L54072,0,0.0,100.0,Low,0,No failure,0
6894,L54073,0,0.0,100.0,Low,0,No failure,0
6895,L54074,0,0.0,100.0,Low,0,No failure,0
6896,M21755,0,0.0,100.0,Low,0,No failure,0
6897,M21756,0,0.0,100.0,Low,0,No failure,0
6898,L54077,0,0.07,93.0,Low,0,No failure,0
6899,M21758,0,0.0,100.0,Low,0,No failure,0
6900,L54079,0,0.0,100.0,Low,0,No failure,0
6901,L54080,0,0.0,100.0,Low,0,No failure,0
6902,L54081,0,0.0,100.0,Low,0,No failure,0
6903,L54082,0,0.0,100.0,Low,0,No failure,0
6904,M21763,0,0.0,100.0,Low,0,No failure,0
6905,M21764,0,0.0,100.0,Low,0,No failure,0
6906,M21765,0,0.0,100.0,Low,0,No failure,0
6907,M21766,0,0.0,100.0,Low,0,No failure,0
6908,L54087,0,0.0,100.0,Low,0,No failure,0
6909,L54088,0,0.0,100.0,Low,0,No failure,0
6910,L54089,0,0.0,100.0,Low,0,No failure,0
6911,L54090,0,0.0,100.0,Low,0,No failure,0
6912,L54091,0,0.0025,99.8,Low,0,No failure,0
6913,M21772,0,0.0,100.0,Low,0,No failure,0
6914,L54093,0,0.0,100.0,Low,0,Random Failure,1
6915,H36328,0,0.0,100.0,Low,0,No failure,0
6916,L54095,0,0.0,100.0,Low,0,No failure,0
6917,M21776,0,0.0,100.0,Low,0,No failure,0
6918,L54097,0,0.0,100.0,Low,0,No failure,0
6919,L54098,0,0.0,100.0,Low,0,No failure,0
6920,L54099,0,0.0,100.0,Low,0,No failure,0
6921,M21780,0,0.0,100.0,Low,0,No failure,0
6922,L54101,0,0.0,100.0,Low,0,No failure,0
6923,L54102,0,0.0,100.0,Low,0,No failure,0
6924,L54103,0,0.025,97.5,Low,0,No failure,0
6925,L54104,1,0.7625,23.8,High,1,Overstrain Failure,0
6926,M21785,0,0.1175,88.2,Low,0,No failure,0
6927,H36340,0,0.0,100.0,Low,0,No failure,0
6928,L54107,0,0.0,100.0,Low,0,No failure,0
6929,L54108,0,0.0,100.0,Low,0,No failure,0
6930,M21789,0,0.0,100.0,Low,0,No failure,0
6931,M21790,0,0.0,100.0,Low,0,No failure,0
6932,M21791,0,0.0,100.0,Low,0,No failure,0
6933,L54112,1,0.6525,34.8,High,1,Power Failure,0
6934,L54113,0,0.0,100.0,Low,0,No failure,0
6935,L54114,0,0.0,100.0,Low,0,No failure,0
6936,L54115,0,0.0,100.0,Low,0,No failure,0
6937,L54116,0,0.0,100.0,Low,0,No failure,0
6938,H36351,0,0.0,100.0,Low,0,No failure,0
6939,L54118,0,0.0,100.0,Low,0,No failure,0
6940,M21799,0,0.0,100.0,Low,0,No failure,0
6941,H36354,0,0.0,100.0,Low,0,No failure,0
6942,L54121,0,0.0025,99.8,Low,0,No failure,0
6943,M21802,0,0.0,100.0,Low,0,No failure,0
6944,L54123,0,0.0,100.0,Low,0,No failure,0
6945,M21804,0,0.0,100.0,Low,0,No failure,0
6946,M21805,0,0.0,100.0,Low,0,No failure,0
6947,L54126,0,0.0,100.0,Low,0,No failure,0
6948,M21807,0,0.0,100.0,Low,0,No failure,0
6949,L54128,0,0.0,100.0,Low,0,No failure,0
6950,M21809,0,0.0,100.0,Low,0,No failure,0
6951,H36364,0,0.0,100.0,Low,0,No failure,0
6952,L54131,0,0.0,100.0,Low,0,No failure,0
6953,L54132,0,0.0,100.0,Low,0,No failure,0
6954,L54133,0,0.0,100.0,Low,0,No failure,0
6955,M21814,0,0.0,100.0,Low,0,No failure,0
6956,L54135,0,0.0025,99.8,Low,0,No failure,0
6957,M21816,0,0.0,100.0,Low,0,No failure,0
6958,L54137,0,0.0,100.0,Low,0,No failure,0
6959,L54138,0,0.0,100.0,Low,0,No failure,0
6960,L54139,0,0.0,100.0,Low,0,No failure,0
6961,L54140,0,0.0,100.0,Low,0,Random Failure,1
6962,M21821,0,0.0,100.0,Low,0,No failure,0
6963,M21822,0,0.0,100.0,Low,0,No failure,0
6964,H36377,0,0.0,100.0,Low,0,No failure,0
6965,M21824,0,0.0,100.0,Low,0,No failure,0
6966,L54145,0,0.0,100.0,Low,0,No failure,0
6967,L54146,0,0.0,100.0,Low,0,No failure,0
6968,M21827,0,0.0,100.0,Low,0,No failure,0
6969,L54148,0,0.0,100.0,Low,0,No failure,0
6970,M21829,0,0.0,100.0,Low,0,No failure,0
6971,L54150,0,0.0,100.0,Low,0,No failure,0
6972,M21831,0,0.0,100.0,Low,0,No failure,0
6973,L54152,0,0.0,100.0,Low,0,No failure,0
6974,L54153,0,0.0,100.0,Low,0,No failure,0
6975,L54154,0,0.0,100.0,Low,0,No failure,0
6976,M21835,0,0.0,100.0,Low,0,No failure,0
6977,L54156,0,0.0,100.0,Low,0,No failure,0
6978,L54157,0,0.0225,97.8,Low,0,No failure,0
6979,L54158,0,0.0,100.0,Low,0,No failure,0
6980,L54159,0,0.0225,97.8,Low,0,No failure,0
6981,L54160,0,0.0,100.0,Low,0,No failure,0
6982,H36395,0,0.0,100.0,Low,0,No failure,0
6983,L54162,0,0.0,100.0,Low,0,No failure,0
6984,M21843,0,0.0025,99.8,Low,0,No failure,0
6985,M21844,0,0.0,100.0,Low,0,No failure,0
6986,H36399,0,0.0,100.0,Low,0,No failure,0
6987,L54166,0,0.0,100.0,Low,0,No failure,0
6988,L54167,0,0.035,96.5,Low,0,No failure,0
6989,L54168,0,0.0,100.0,Low,0,No failure,0
6990,M21849,0,0.0,100.0,Low,0,No failure,0
6991,L54170,1,0.0725,92.8,Low,0,Power Failure,0
6992,L54171,0,0.0,100.0,Low,0,No failure,0
6993,L54172,0,0.0,100.0,Low,0,No failure,0
6994,M21853,0,0.0025,99.8,Low,0,No failure,0
6995,L54174,0,0.0025,99.8,Low,0,No failure,0
6996,M21855,0,0.0,100.0,Low,0,No failure,0
6997,M21856,0,0.0,100.0,Low,0,No failure,0
6998,M21857,0,0.0,100.0,Low,0,No failure,0
6999,M21858,0,0.0,100.0,Low,0,No failure,0
7000,M21859,0,0.0,100.0,Low,0,No failure,0
7001,M21860,0,0.0,100.0,Low,0,No failure,0
7002,L54181,0,0.0,100.0,Low,0,No failure,0
7003,H36416,0,0.0,100.0,Low,0,No failure,0
7004,L54183,0,0.045,95.5,Low,0,No failure,0
7005,L54184,0,0.05,95.0,Low,0,No failure,0
7006,M21865,0,0.0075,99.2,Low,0,No failure,0
7007,H36420,0,0.0025,99.8,Low,0,No failure,0
7008,L54187,0,0.0,100.0,Low,0,No failure,0
7009,L54188,0,0.0,100.0,Low,0,No failure,0
7010,L54189,0,0.0,100.0,Low,0,No failure,0
7011,M21870,0,0.0,100.0,Low,0,No failure,0
7012,L54191,1,0.945,5.5,High,1,Power Failure,0
7013,L54192,0,0.0,100.0,Low,0,No failure,0
7014,M21873,0,0.0,100.0,Low,0,No failure,0
7015,H36428,0,0.0,100.0,Low,0,No failure,0
7016,L54195,0,0.0,100.0,Low,0,No failure,0
7017,L54196,0,0.0,100.0,Low,0,No failure,0
7018,M21877,0,0.0,100.0,Low,0,No failure,0
7019,M21878,0,0.0,100.0,Low,0,No failure,0
7020,L54199,0,0.0,100.0,Low,0,No failure,0
7021,L54200,0,0.005,99.5,Low,0,No failure,0
7022,H36435,0,0.0,100.0,Low,0,No failure,0
7023,L54202,0,0.0,100.0,Low,0,No failure,0
7024,M21883,0,0.0,100.0,Low,0,No failure,0
7025,L54204,0,0.0,100.0,Low,0,No failure,0
7026,H36439,0,0.0,100.0,Low,0,No failure,0
7027,L54206,0,0.0,100.0,Low,0,No failure,0
7028,L54207,0,0.0,100.0,Low,0,No failure,0
7029,M21888,0,0.0,100.0,Low,0,No failure,0
7030,L54209,0,0.0,100.0,Low,0,No failure,0
7031,L54210,0,0.0,100.0,Low,0,No failure,0
7032,L54211,0,0.0,100.0,Low,0,No failure,0
7033,L54212,0,0.0,100.0,Low,0,No failure,0
7034,M21893,0,0.0,100.0,Low,0,No failure,0
7035,H36448,0,0.0,100.0,Low,0,No failure,0
7036,L54215,0,0.0,100.0,Low,0,No failure,0
7037,L54216,0,0.0,100.0,Low,0,No failure,0
7038,L54217,0,0.0,100.0,Low,0,No failure,0
7039,L54218,0,0.0,100.0,Low,0,No failure,0
7040,H36453,0,0.0,100.0,Low,0,No failure,0
7041,L54220,0,0.0,100.0,Low,0,No failure,0
7042,L54221,0,0.0,100.0,Low,0,No failure,0
7043,L54222,0,0.0,100.0,Low,0,No failure,0
7044,M21903,0,0.0075,99.2,Low,0,No failure,0
7045,M21904,0,0.0,100.0,Low,0,No failure,0
7046,M21905,0,0.0,100.0,Low,0,No failure,0
7047,M21906,0,0.0025,99.8,Low,0,No failure,0
7048,L54227,0,0.0,100.0,Low,0,No failure,0
7049,L54228,0,0.0,100.0,Low,0,No failure,0
7050,L54229,0,0.0,100.0,Low,0,No failure,0
7051,L54230,0,0.0,100.0,Low,0,No failure,0
7052,L54231,0,0.0,100.0,Low,0,No failure,0
7053,H36466,0,0.0,100.0,Low,0,No failure,0
7054,H36467,0,0.0,100.0,Low,0,No failure,0
7055,H36468,0,0.0,100.0,Low,0,No failure,0
7056,L54235,0,0.0,100.0,Low,0,No failure,0
7057,M21916,0,0.0,100.0,Low,0,No failure,0
7058,L54237,0,0.0,100.0,Low,0,No failure,0
7059,L54238,0,0.0,100.0,Low,0,No failure,0
7060,L54239,0,0.0,100.0,Low,0,No failure,0
7061,H36474,0,0.0,100.0,Low,0,No failure,0
7062,L54241,0,0.0,100.0,Low,0,No failure,0
7063,M21922,0,0.0,100.0,Low,0,No failure,0
7064,L54243,0,0.01,99.0,Low,0,No failure,0
7065,M21924,0,0.0025,99.8,Low,0,No failure,0
7066,L54245,0,0.0025,99.8,Low,0,No failure,0
7067,M21926,0,0.0,100.0,Low,0,No failure,0
7068,M21927,0,0.0,100.0,Low,0,No failure,0
7069,L54248,0,0.0,100.0,Low,0,No failure,0
7070,L54249,0,0.0,100.0,Low,0,No failure,0
7071,L54250,0,0.075,92.5,Low,0,No failure,0
7072,H36485,0,0.0,100.0,Low,0,No failure,0
7073,M21932,0,0.0,100.0,Low,0,No failure,0
7074,L54253,0,0.0,100.0,Low,0,No failure,0
7075,M21934,0,0.0,100.0,Low,0,No failure,0
7076,L54255,0,0.0,100.0,Low,0,No failure,0
7077,L54256,0,0.0,100.0,Low,0,No failure,0
7078,M21937,0,0.0,100.0,Low,0,No failure,0
7079,L54258,0,0.085,91.5,Low,0,No failure,0
7080,L54259,0,0.0025,99.8,Low,0,No failure,0
7081,L54260,0,0.0,100.0,Low,0,No failure,0
7082,L54261,0,0.1625,83.8,Low,0,No failure,0
7083,L54262,0,0.135,86.5,Low,0,No failure,0
7084,L54263,1,0.87,13.0,High,1,Multiple causes,0
7085,L54264,0,0.055,94.5,Low,0,No failure,0
7086,L54265,0,0.03,97.0,Low,0,No failure,0
7087,L54266,0,0.095,90.5,Low,0,No failure,0
7088,L54267,1,0.65,35.0,High,1,Tool Wear Failure,0
7089,M21948,0,0.0,100.0,Low,0,No failure,0
7090,L54269,0,0.0,100.0,Low,0,No failure,0
7091,M21950,0,0.0,100.0,Low,0,No failure,0
7092,L54271,0,0.0,100.0,Low,0,No failure,0
7093,L54272,0,0.0,100.0,Low,0,No failure,0
7094,H36507,0,0.0,100.0,Low,0,No failure,0
7095,L54274,0,0.0,100.0,Low,0,No failure,0
7096,L54275,0,0.0,100.0,Low,0,No failure,0
7097,L54276,0,0.0,100.0,Low,0,No failure,0
7098,M21957,0,0.0,100.0,Low,0,No failure,0
7099,L54278,0,0.0,100.0,Low,0,No failure,0
7100,M21959,0,0.0,100.0,Low,0,No failure,0
7101,L54280,0,0.0,100.0,Low,0,No failure,0
7102,L54281,0,0.0,100.0,Low,0,No failure,0
7103,M21962,0,0.0,100.0,Low,0,No failure,0
7104,H36517,0,0.0025,99.8,Low,0,No failure,0
7105,L54284,0,0.0,100.0,Low,0,No failure,0
7106,L54285,0,0.0,100.0,Low,0,No failure,0
7107,L54286,0,0.0,100.0,Low,0,No failure,0
7108,H36521,0,0.0,100.0,Low,0,No failure,0
7109,M21968,0,0.0,100.0,Low,0,No failure,0
7110,L54289,0,0.0,100.0,Low,0,No failure,0
7111,M21970,0,0.0,100.0,Low,0,No failure,0
7112,M21971,0,0.0,100.0,Low,0,No failure,0
7113,L54292,0,0.0,100.0,Low,0,No failure,0
7114,L54293,0,0.0,100.0,Low,0,No failure,0
7115,H36528,0,0.0,100.0,Low,0,No failure,0
7116,M21975,0,0.0,100.0,Low,0,No failure,0
7117,L54296,0,0.0,100.0,Low,0,No failure,0
7118,L54297,0,0.0,100.0,Low,0,No failure,0
7119,L54298,0,0.0,100.0,Low,0,No failure,0
7120,L54299,0,0.0,100.0,Low,0,No failure,0
7121,L54300,0,0.0125,98.8,Low,0,No failure,0
7122,M21981,0,0.0,100.0,Low,0,No failure,0
7123,L54302,0,0.0,100.0,Low,0,No failure,0
7124,M21983,0,0.0,100.0,Low,0,No failure,0
7125,M21984,0,0.0,100.0,Low,0,No failure,0
7126,L54305,0,0.0025,99.8,Low,0,No failure,0
7127,M21986,0,0.0,100.0,Low,0,No failure,0
7128,L54307,0,0.0,100.0,Low,0,No failure,0
7129,L54308,0,0.0,100.0,Low,0,No failure,0
7130,L54309,0,0.0,100.0,Low,0,No failure,0
7131,L54310,0,0.0,100.0,Low,0,No failure,0
7132,M21991,0,0.0,100.0,Low,0,No failure,0
7133,L54312,0,0.0,100.0,Low,0,No failure,0
7134,M21993,0,0.0,100.0,Low,0,No failure,0
7135,M21994,0,0.0,100.0,Low,0,No failure,0
7136,L54315,0,0.0,100.0,Low,0,No failure,0
7137,M21996,0,0.12,88.0,Low,0,No failure,0
7138,M21997,0,0.0,100.0,Low,0,No failure,0
7139,L54318,0,0.0,100.0,Low,0,No failure,0
7140,L54319,0,0.0,100.0,Low,0,No failure,0
7141,L54320,0,0.0,100.0,Low,0,No failure,0
7142,M22001,0,0.0025,99.8,Low,0,No failure,0
7143,H36556,0,0.0,100.0,Low,0,No failure,0
7144,H36557,0,0.0,100.0,Low,0,No failure,0
7145,M22004,0,0.0,100.0,Low,0,No failure,0
7146,L54325,0,0.0,100.0,Low,0,No failure,0
7147,L54326,0,0.0,100.0,Low,0,No failure,0
7148,L54327,0,0.0,100.0,Low,0,No failure,0
7149,M22008,0,0.0,100.0,Low,0,No failure,0
7150,L54329,0,0.0,100.0,Low,0,No failure,0
7151,L54330,0,0.0,100.0,Low,0,No failure,0
7152,H36565,0,0.0,100.0,Low,0,No failure,0
7153,L54332,0,0.0,100.0,Low,0,No failure,0
7154,L54333,0,0.0,100.0,Low,0,No failure,0
7155,L54334,0,0.0,100.0,Low,0,No failure,0
7156,M22015,0,0.0,100.0,Low,0,No failure,0
7157,M22016,0,0.0,100.0,Low,0,No failure,0
7158,L54337,0,0.0,100.0,Low,0,No failure,0
7159,L54338,0,0.005,99.5,Low,0,No failure,0
7160,L54339,0,0.0,100.0,Low,0,No failure,0
7161,M22020,0,0.0,100.0,Low,0,No failure,0
7162,L54341,0,0.0,100.0,Low,0,No failure,0
7163,L54342,0,0.015,98.5,Low,0,No failure,0
7164,M22023,0,0.0,100.0,Low,0,No failure,0
7165,M22024,0,0.0,100.0,Low,0,No failure,0
7166,L54345,0,0.0075,99.2,Low,0,No failure,0
7167,M22026,0,0.0025,99.8,Low,0,No failure,0
7168,L54347,1,0.8225,17.8,High,1,Overstrain Failure,0
7169,L54348,0,0.0,100.0,Low,0,No failure,0
7170,L54349,0,0.0,100.0,Low,0,No failure,0
7171,M22030,0,0.0,100.0,Low,0,No failure,0
7172,M22031,0,0.0,100.0,Low,0,No failure,0
7173,M22032,0,0.0,100.0,Low,0,No failure,0
7174,L54353,0,0.0,100.0,Low,0,No failure,0
7175,L54354,0,0.0,100.0,Low,0,No failure,0
7176,L54355,0,0.0,100.0,Low,0,No failure,0
7177,L54356,0,0.0,100.0,Low,0,No failure,0
7178,L54357,0,0.0,100.0,Low,0,No failure,0
7179,L54358,0,0.0,100.0,Low,0,No failure,0
7180,L54359,0,0.0,100.0,Low,0,No failure,0
7181,M22040,0,0.0,100.0,Low,0,No failure,0
7182,L54361,0,0.0,100.0,Low,0,No failure,0
7183,L54362,0,0.0,100.0,Low,0,No failure,0
7184,L54363,0,0.0,100.0,Low,0,No failure,0
7185,M22044,0,0.0,100.0,Low,0,No failure,0
7186,L54365,0,0.0,100.0,Low,0,No failure,0
7187,M22046,0,0.0,100.0,Low,0,No failure,0
7188,L54367,0,0.0,100.0,Low,0,No failure,0
7189,L54368,0,0.0025,99.8,Low,0,No failure,0
7190,L54369,0,0.0,100.0,Low,0,No failure,0
7191,L54370,0,0.0,100.0,Low,0,No failure,0
7192,L54371,0,0.0,100.0,Low,0,No failure,0
7193,M22052,0,0.0,100.0,Low,0,No failure,0
7194,L54373,0,0.2925,70.8,Low,0,No failure,0
7195,L54374,0,0.0,100.0,Low,0,No failure,0
7196,M22055,0,0.0,100.0,Low,0,No failure,0
7197,H36610,0,0.0,100.0,Low,0,No failure,0
7198,L54377,0,0.0,100.0,Low,0,No failure,0
7199,M22058,0,0.0,100.0,Low,0,No failure,0
7200,L54379,0,0.0,100.0,Low,0,No failure,0
7201,L54380,0,0.0,100.0,Low,0,No failure,0
7202,L54381,0,0.0,100.0,Low,0,No failure,0
7203,L54382,0,0.0125,98.8,Low,0,No failure,0
7204,M22063,0,0.0,100.0,Low,0,No failure,0
7205,L54384,0,0.0,100.0,Low,0,No failure,0
7206,L54385,0,0.0,100.0,Low,0,No failure,0
7207,L54386,0,0.0,100.0,Low,0,No failure,0
7208,M22067,0,0.0,100.0,Low,0,No failure,0
7209,L54388,0,0.0,100.0,Low,0,No failure,0
7210,L54389,0,0.0,100.0,Low,0,No failure,0
7211,M22070,0,0.0,100.0,Low,0,No failure,0
7212,L54391,0,0.0,100.0,Low,0,No failure,0
7213,M22072,0,0.0,100.0,Low,0,No failure,0
7214,M22073,0,0.0,100.0,Low,0,No failure,0
7215,M22074,0,0.0,100.0,Low,0,No failure,0
7216,L54395,0,0.0,100.0,Low,0,No failure,0
7217,M22076,0,0.0,100.0,Low,0,No failure,0
7218,L54397,0,0.0,100.0,Low,0,No failure,0
7219,H36632,0,0.0,100.0,Low,0,No failure,0
7220,M22079,0,0.0,100.0,Low,0,No failure,0
7221,L54400,0,0.0,100.0,Low,0,No failure,0
7222,H36635,0,0.0,100.0,Low,0,No failure,0
7223,M22082,0,0.0225,97.8,Low,0,No failure,0
7224,L54403,0,0.0,100.0,Low,0,No failure,0
7225,L54404,0,0.0,100.0,Low,0,No failure,0
7226,M22085,0,0.0,100.0,Low,0,No failure,0
7227,L54406,0,0.0025,99.8,Low,0,No failure,0
7228,L54407,0,0.0,100.0,Low,0,No failure,0
7229,H36642,0,0.0025,99.8,Low,0,No failure,0
7230,L54409,0,0.0,100.0,Low,0,No failure,0
7231,L54410,0,0.0,100.0,Low,0,No failure,0
7232,L54411,0,0.0,100.0,Low,0,No failure,0
7233,M22092,0,0.0,100.0,Low,0,No failure,0
7234,L54413,0,0.0,100.0,Low,0,No failure,0
7235,M22094,0,0.0,100.0,Low,0,No failure,0
7236,L54415,0,0.0025,99.8,Low,0,No failure,0
7237,M22096,0,0.0,100.0,Low,0,No failure,0
7238,M22097,0,0.0,100.0,Low,0,No failure,0
7239,L54418,0,0.0,100.0,Low,0,No failure,0
7240,L54419,0,0.0,100.0,Low,0,No failure,0
7241,M22100,0,0.0075,99.2,Low,0,No failure,0
7242,M22101,0,0.0,100.0,Low,0,No failure,0
7243,H36656,0,0.0,100.0,Low,0,No failure,0
7244,M22103,0,0.0,100.0,Low,0,No failure,0
7245,L54424,0,0.0,100.0,Low,0,No failure,0
7246,L54425,0,0.0,100.0,Low,0,No failure,0
7247,L54426,0,0.0,100.0,Low,0,No failure,0
7248,M22107,0,0.03,97.0,Low,0,No failure,0
7249,L54428,0,0.0,100.0,Low,0,No failure,0
7250,L54429,0,0.0275,97.2,Low,0,No failure,0
7251,M22110,0,0.005,99.5,Low,0,No failure,0
7252,M22111,0,0.0325,96.8,Low,0,No failure,0
7253,H36666,0,0.0025,99.8,Low,0,No failure,0
7254,L54433,0,0.0125,98.8,Low,0,No failure,0
7255,L54434,0,0.0525,94.8,Low,0,No failure,0
7256,M22115,0,0.1225,87.8,Low,0,No failure,0
7257,H36670,0,0.0,100.0,Low,0,No failure,0
7258,L54437,0,0.0,100.0,Low,0,No failure,0
7259,L54438,0,0.0,100.0,Low,0,No failure,0
7260,M22119,0,0.0,100.0,Low,0,No failure,0
7261,L54440,0,0.0175,98.2,Low,0,No failure,0
7262,L54441,0,0.0,100.0,Low,0,No failure,0
7263,M22122,0,0.0,100.0,Low,0,No failure,0
7264,L54443,0,0.0,100.0,Low,0,No failure,0
7265,M22124,0,0.0,100.0,Low,0,No failure,0
7266,L54445,0,0.0,100.0,Low,0,No failure,0
7267,L54446,0,0.0,100.0,Low,0,No failure,0
7268,L54447,0,0.0,100.0,Low,0,No failure,0
7269,L54448,0,0.0,100.0,Low,0,No failure,0
7270,M22129,0,0.0,100.0,Low,0,No failure,0
7271,L54450,0,0.0,100.0,Low,0,No failure,0
7272,M22131,0,0.0,100.0,Low,0,No failure,0
7273,L54452,0,0.0075,99.2,Low,0,No failure,0
7274,M22133,0,0.0,100.0,Low,0,No failure,0
7275,M22134,0,0.0,100.0,Low,0,No failure,0
7276,L54455,0,0.0,100.0,Low,0,No failure,0
7277,M22136,0,0.0,100.0,Low,0,No failure,0
7278,L54457,0,0.0,100.0,Low,0,No failure,0
7279,H36692,0,0.0,100.0,Low,0,No failure,0
7280,L54459,0,0.0,100.0,Low,0,No failure,0
7281,L54460,1,0.91,9.0,High,1,Power Failure,0
7282,L54461,0,0.0,100.0,Low,0,No failure,0
7283,L54462,0,0.0,100.0,Low,0,No failure,0
7284,M22143,0,0.0775,92.2,Low,0,No failure,0
7285,M22144,0,0.0,100.0,Low,0,No failure,0
7286,M22145,0,0.0175,98.2,Low,0,No failure,0
7287,M22146,0,0.0,100.0,Low,0,No failure,0
7288,M22147,0,0.0,100.0,Low,0,No failure,0
7289,M22148,0,0.0,100.0,Low,0,No failure,0
7290,L54469,0,0.0,100.0,Low,0,No failure,0
7291,L54470,0,0.0,100.0,Low,0,No failure,0
7292,L54471,0,0.0,100.0,Low,0,No failure,0
7293,M22152,0,0.0,100.0,Low,0,No failure,0
7294,L54473,0,0.0,100.0,Low,0,No failure,0
7295,L54474,0,0.0,100.0,Low,0,No failure,0
7296,M22155,0,0.0,100.0,Low,0,No failure,0
7297,H36710,0,0.0,100.0,Low,0,No failure,0
7298,L54477,0,0.0,100.0,Low,0,No failure,0
7299,L54478,0,0.0,100.0,Low,0,No failure,0
7300,L54479,0,0.0,100.0,Low,0,No failure,0
7301,L54480,0,0.0,100.0,Low,0,No failure,0
7302,L54481,0,0.0,100.0,Low,0,No failure,0
7303,L54482,0,0.0,100.0,Low,0,No failure,0
7304,L54483,0,0.0,100.0,Low,0,No failure,0
7305,L54484,0,0.0,100.0,Low,0,No failure,0
7306,M22165,0,0.0,100.0,Low,0,No failure,0
7307,L54486,0,0.0,100.0,Low,0,No failure,0
7308,M22167,0,0.0,100.0,Low,0,No failure,0
7309,L54488,0,0.0,100.0,Low,0,No failure,0
7310,L54489,0,0.0,100.0,Low,0,No failure,0
7311,L54490,0,0.0,100.0,Low,0,No failure,0
7312,H36725,0,0.0,100.0,Low,0,No failure,0
7313,L54492,0,0.0,100.0,Low,0,No failure,0
7314,L54493,0,0.0,100.0,Low,0,No failure,0
7315,L54494,0,0.0075,99.2,Low,0,No failure,0
7316,L54495,0,0.0,100.0,Low,0,No failure,0
7317,L54496,0,0.0,100.0,Low,0,No failure,0
7318,L54497,0,0.0,100.0,Low,0,No failure,0
7319,H36732,0,0.0,100.0,Low,0,No failure,0
7320,L54499,0,0.0,100.0,Low,0,No failure,0
7321,H36734,0,0.0,100.0,Low,0,No failure,0
7322,L54501,0,0.0025,99.8,Low,0,No failure,0
7323,H36736,0,0.0,100.0,Low,0,No failure,0
7324,L54503,0,0.0,100.0,Low,0,No failure,0
7325,M22184,0,0.0,100.0,Low,0,No failure,0
7326,L54505,0,0.0,100.0,Low,0,No failure,0
7327,M22186,0,0.0,100.0,Low,0,No failure,0
7328,M22187,0,0.0,100.0,Low,0,No failure,0
7329,L54508,0,0.0,100.0,Low,0,No failure,0
7330,M22189,0,0.0,100.0,Low,0,No failure,0
7331,H36744,0,0.0,100.0,Low,0,No failure,0
7332,L54511,0,0.0,100.0,Low,0,No failure,0
7333,M22192,0,0.0,100.0,Low,0,No failure,0
7334,M22193,0,0.01,99.0,Low,0,No failure,0
7335,L54514,0,0.0375,96.2,Low,0,No failure,0
7336,L54515,0,0.0325,96.8,Low,0,No failure,0
7337,H36750,0,0.0075,99.2,Low,0,No failure,0
7338,L54517,0,0.02,98.0,Low,0,No failure,0
7339,L54518,0,0.0025,99.8,Low,0,No failure,0
7340,L54519,0,0.0,100.0,Low,0,No failure,0
7341,L54520,0,0.0,100.0,Low,0,No failure,0
7342,L54521,0,0.0,100.0,Low,0,No failure,0
7343,M22202,0,0.0,100.0,Low,0,No failure,0
7344,L54523,0,0.0,100.0,Low,0,No failure,0
7345,L54524,0,0.0,100.0,Low,0,No failure,0
7346,L54525,0,0.01,99.0,Low,0,No failure,0
7347,L54526,0,0.0,100.0,Low,0,No failure,0
7348,L54527,0,0.0,100.0,Low,0,No failure,0
7349,H36762,0,0.0,100.0,Low,0,No failure,0
7350,L54529,0,0.0,100.0,Low,0,No failure,0
7351,L54530,0,0.0,100.0,Low,0,No failure,0
7352,L54531,0,0.0,100.0,Low,0,No failure,0
7353,M22212,0,0.0,100.0,Low,0,No failure,0
7354,L54533,0,0.0,100.0,Low,0,No failure,0
7355,M22214,0,0.0,100.0,Low,0,No failure,0
7356,L54535,0,0.0,100.0,Low,0,No failure,0
7357,L54536,0,0.0,100.0,Low,0,No failure,0
7358,L54537,0,0.0,100.0,Low,0,No failure,0
7359,M22218,0,0.0,100.0,Low,0,No failure,0
7360,M22219,0,0.0,100.0,Low,0,No failure,0
7361,L54540,0,0.0,100.0,Low,0,No failure,0
7362,L54541,0,0.0,100.0,Low,0,No failure,0
7363,L54542,0,0.0,100.0,Low,0,No failure,0
7364,L54543,0,0.0,100.0,Low,0,No failure,0
7365,L54544,0,0.0,100.0,Low,0,No failure,0
7366,L54545,0,0.0,100.0,Low,0,No failure,0
7367,H36780,0,0.0,100.0,Low,0,No failure,0
7368,M22227,0,0.0125,98.8,Low,0,No failure,0
7369,M22228,0,0.0,100.0,Low,0,No failure,0
7370,M22229,0,0.0,100.0,Low,0,No failure,0
7371,M22230,0,0.0,100.0,Low,0,No failure,0
7372,L54551,0,0.0,100.0,Low,0,No failure,0
7373,L54552,0,0.0,100.0,Low,0,No failure,0
7374,L54553,0,0.0,100.0,Low,0,No failure,0
7375,L54554,0,0.0025,99.8,Low,0,No failure,0
7376,M22235,0,0.0,100.0,Low,0,No failure,0
7377,L54556,0,0.0,100.0,Low,0,No failure,0
7378,L54557,0,0.0,100.0,Low,0,No failure,0
7379,L54558,0,0.0,100.0,Low,0,No failure,0
7380,M22239,0,0.0,100.0,Low,0,No failure,0
7381,L54560,0,0.0,100.0,Low,0,No failure,0
7382,L54561,0,0.0,100.0,Low,0,No failure,0
7383,L54562,0,0.0,100.0,Low,0,No failure,0
7384,M22243,0,0.0,100.0,Low,0,No failure,0
7385,L54564,0,0.0,100.0,Low,0,No failure,0
7386,M22245,0,0.0025,99.8,Low,0,No failure,0
7387,M22246,0,0.0,100.0,Low,0,No failure,0
7388,H36801,0,0.0,100.0,Low,0,No failure,0
7389,M22248,0,0.0,100.0,Low,0,No failure,0
7390,L54569,0,0.0,100.0,Low,0,No failure,0
7391,M22250,0,0.0,100.0,Low,0,No failure,0
7392,L54571,0,0.0,100.0,Low,0,No failure,0
7393,M22252,0,0.0,100.0,Low,0,No failure,0
7394,M22253,0,0.0,100.0,Low,0,No failure,0
7395,L54574,0,0.0,100.0,Low,0,No failure,0
7396,M22255,0,0.0,100.0,Low,0,No failure,0
7397,L54576,0,0.0,100.0,Low,0,No failure,0
7398,L54577,0,0.0,100.0,Low,0,No failure,0
7399,M22258,0,0.0,100.0,Low,0,No failure,0
7400,L54579,0,0.0,100.0,Low,0,No failure,0
7401,M22260,0,0.0,100.0,Low,0,No failure,0
7402,L54581,0,0.0025,99.8,Low,0,No failure,0
7403,M22262,0,0.0,100.0,Low,0,No failure,0
7404,L54583,0,0.0,100.0,Low,0,No failure,0
7405,L54584,0,0.0,100.0,Low,0,No failure,0
7406,M22265,0,0.0,100.0,Low,0,No failure,0
7407,L54586,0,0.0,100.0,Low,0,No failure,0
7408,H36821,0,0.0,100.0,Low,0,No failure,0
7409,L54588,0,0.0075,99.2,Low,0,No failure,0
7410,L54589,0,0.005,99.5,Low,0,No failure,0
7411,L54590,0,0.0,100.0,Low,0,No failure,0
7412,L54591,0,0.0,100.0,Low,0,No failure,0
7413,L54592,0,0.0,100.0,Low,0,No failure,0
7414,M22273,0,0.0,100.0,Low,0,No failure,0
7415,L54594,0,0.0,100.0,Low,0,No failure,0
7416,L54595,0,0.0,100.0,Low,0,No failure,0
7417,M22276,0,0.0,100.0,Low,0,No failure,0
7418,M22277,0,0.0,100.0,Low,0,No failure,0
7419,M22278,0,0.0,100.0,Low,0,No failure,0
7420,L54599,0,0.0,100.0,Low,0,No failure,0
7421,L54600,0,0.0,100.0,Low,0,No failure,0
7422,M22281,0,0.025,97.5,Low,0,No failure,0
7423,L54602,0,0.04,96.0,Low,0,No failure,0
7424,L54603,0,0.1375,86.2,Low,0,No failure,0
7425,M22284,0,0.185,81.5,Low,0,No failure,0
7426,M22285,0,0.2,80.0,Low,0,No failure,0
7427,M22286,1,0.655,34.5,High,1,Tool Wear Failure,0
7428,L54607,0,0.0,100.0,Low,0,No failure,0
7429,M22288,0,0.0,100.0,Low,0,No failure,0
7430,L54609,0,0.0,100.0,Low,0,No failure,0
7431,M22290,0,0.0,100.0,Low,0,No failure,0
7432,M22291,0,0.0025,99.8,Low,0,No failure,0
7433,L54612,0,0.0,100.0,Low,0,No failure,0
7434,M22293,0,0.0,100.0,Low,0,No failure,0
7435,L54614,0,0.0,100.0,Low,0,No failure,0
7436,L54615,0,0.0,100.0,Low,0,No failure,0
7437,L54616,0,0.0,100.0,Low,0,No failure,0
7438,L54617,0,0.0,100.0,Low,0,No failure,0
7439,L54618,0,0.0,100.0,Low,0,No failure,0
7440,L54619,0,0.0,100.0,Low,0,No failure,0
7441,L54620,0,0.0,100.0,Low,0,No failure,0
7442,M22301,0,0.0025,99.8,Low,0,No failure,0
7443,L54622,0,0.0,100.0,Low,0,No failure,0
7444,H36857,0,0.0,100.0,Low,0,No failure,0
7445,L54624,0,0.0025,99.8,Low,0,No failure,0
7446,L54625,0,0.0,100.0,Low,0,No failure,0
7447,L54626,0,0.0075,99.2,Low,0,No failure,0
7448,M22307,0,0.0,100.0,Low,0,No failure,0
7449,L54628,0,0.0,100.0,Low,0,No failure,0
7450,L54629,0,0.0,100.0,Low,0,No failure,0
7451,L54630,0,0.0,100.0,Low,0,No failure,0
7452,L54631,0,0.0,100.0,Low,0,No failure,0
7453,L54632,0,0.0,100.0,Low,0,No failure,0
7454,H36867,0,0.0,100.0,Low,0,No failure,0
7455,L54634,0,0.0,100.0,Low,0,No failure,0
7456,M22315,0,0.0,100.0,Low,0,No failure,0
7457,M22316,0,0.0025,99.8,Low,0,No failure,0
7458,L54637,0,0.0,100.0,Low,0,No failure,0
7459,M22318,0,0.0,100.0,Low,0,No failure,0
7460,L54639,0,0.0,100.0,Low,0,No failure,0
7461,L54640,0,0.0,100.0,Low,0,No failure,0
7462,L54641,0,0.0,100.0,Low,0,No failure,0
7463,L54642,0,0.0,100.0,Low,0,No failure,0
7464,H36877,0,0.0,100.0,Low,0,No failure,0
7465,L54644,0,0.0,100.0,Low,0,No failure,0
7466,M22325,0,0.0,100.0,Low,0,No failure,0
7467,H36880,0,0.0,100.0,Low,0,No failure,0
7468,H36881,0,0.0,100.0,Low,0,No failure,0
7469,L54648,0,0.0,100.0,Low,0,No failure,0
7470,L54649,0,0.0,100.0,Low,0,No failure,0
7471,L54650,0,0.0,100.0,Low,0,No failure,0
7472,L54651,0,0.0,100.0,Low,0,No failure,0
7473,M22332,0,0.0,100.0,Low,0,No failure,0
7474,M22333,0,0.02,98.0,Low,0,No failure,0
7475,L54654,0,0.0,100.0,Low,0,No failure,0
7476,H36889,0,0.0,100.0,Low,0,No failure,0
7477,L54656,0,0.0,100.0,Low,0,No failure,0
7478,M22337,0,0.0,100.0,Low,0,No failure,0
7479,L54658,0,0.0,100.0,Low,0,No failure,0
7480,M22339,0,0.0,100.0,Low,0,No failure,0
7481,M22340,0,0.0,100.0,Low,0,No failure,0
7482,H36895,0,0.0,100.0,Low,0,No failure,0
7483,M22342,0,0.0,100.0,Low,0,No failure,0
7484,L54663,0,0.0,100.0,Low,0,No failure,0
7485,M22344,0,0.0,100.0,Low,0,No failure,0
7486,L54665,0,0.0,100.0,Low,0,No failure,0
7487,L54666,0,0.0,100.0,Low,0,No failure,0
7488,L54667,0,0.0,100.0,Low,0,No failure,0
7489,L54668,0,0.0,100.0,Low,0,Random Failure,1
7490,M22349,0,0.0,100.0,Low,0,No failure,0
7491,M22350,0,0.005,99.5,Low,0,No failure,0
7492,L54671,0,0.05,95.0,Low,0,No failure,0
7493,M22352,0,0.005,99.5,Low,0,No failure,0
7494,L54673,0,0.0125,98.8,Low,0,No failure,0
7495,L54674,0,0.0,100.0,Low,0,No failure,0
7496,L54675,0,0.0,100.0,Low,0,No failure,0
7497,L54676,0,0.0,100.0,Low,0,No failure,0
7498,M22357,0,0.0025,99.8,Low,0,No failure,0
7499,M22358,0,0.0,100.0,Low,0,No failure,0
7500,L54679,0,0.0,100.0,Low,0,No failure,0
7501,L54680,0,0.005,99.5,Low,0,No failure,0
7502,L54681,0,0.0,100.0,Low,0,No failure,0
7503,H36916,0,0.0,100.0,Low,0,No failure,0
7504,M22363,0,0.0025,99.8,Low,0,No failure,0
7505,L54684,0,0.0025,99.8,Low,0,No failure,0
7506,L54685,0,0.005,99.5,Low,0,No failure,0
7507,L54686,0,0.0075,99.2,Low,0,No failure,0
7508,L54687,0,0.055,94.5,Low,0,No failure,0
7509,M22368,0,0.105,89.5,Low,0,No failure,0
7510,L54689,1,0.945,5.5,High,1,Overstrain Failure,0
7511,L54690,1,0.0225,97.8,Low,0,Tool Wear Failure,0
7512,L54691,0,0.0,100.0,Low,0,No failure,0
7513,M22372,0,0.0,100.0,Low,0,No failure,0
7514,L54693,0,0.0375,96.2,Low,0,No failure,0
7515,L54694,0,0.0,100.0,Low,0,No failure,0
7516,M22375,0,0.0025,99.8,Low,0,No failure,0
7517,M22376,0,0.0025,99.8,Low,0,No failure,0
7518,L54697,0,0.0,100.0,Low,0,No failure,0
7519,L54698,0,0.0,100.0,Low,0,No failure,0
7520,L54699,0,0.0,100.0,Low,0,No failure,0
7521,L54700,0,0.0,100.0,Low,0,No failure,0
7522,M22381,0,0.0,100.0,Low,0,No failure,0
7523,L54702,0,0.0,100.0,Low,0,No failure,0
7524,M22383,0,0.0025,99.8,Low,0,No failure,0
7525,L54704,0,0.0,100.0,Low,0,No failure,0
7526,H36939,0,0.0,100.0,Low,0,No failure,0
7527,L54706,0,0.0,100.0,Low,0,No failure,0
7528,L54707,0,0.0,100.0,Low,0,No failure,0
7529,M22388,0,0.0,100.0,Low,0,No failure,0
7530,L54709,0,0.0,100.0,Low,0,No failure,0
7531,M22390,0,0.0,100.0,Low,0,No failure,0
7532,H36945,0,0.0,100.0,Low,0,No failure,0
7533,M22392,0,0.0,100.0,Low,0,No failure,0
7534,L54713,0,0.0,100.0,Low,0,No failure,0
7535,L54714,0,0.0,100.0,Low,0,No failure,0
7536,L54715,0,0.0,100.0,Low,0,No failure,0
7537,L54716,1,0.945,5.5,High,1,Power Failure,0
7538,L54717,0,0.1475,85.2,Low,0,No failure,0
7539,M22398,0,0.0,100.0,Low,0,No failure,0
7540,L54719,0,0.0,100.0,Low,0,No failure,0
7541,M22400,0,0.0,100.0,Low,0,No failure,0
7542,M22401,0,0.0,100.0,Low,0,No failure,0
7543,M22402,0,0.0,100.0,Low,0,No failure,0
7544,L54723,0,0.0,100.0,Low,0,No failure,0
7545,L54724,0,0.0,100.0,Low,0,No failure,0
7546,L54725,0,0.0,100.0,Low,0,No failure,0
7547,H36960,0,0.0,100.0,Low,0,No failure,0
7548,L54727,0,0.0,100.0,Low,0,No failure,0
7549,L54728,0,0.0,100.0,Low,0,No failure,0
7550,L54729,0,0.0,100.0,Low,0,No failure,0
7551,M22410,0,0.0,100.0,Low,0,No failure,0
7552,M22411,0,0.0,100.0,Low,0,No failure,0
7553,L54732,0,0.0,100.0,Low,0,No failure,0
7554,L54733,0,0.0,100.0,Low,0,No failure,0
7555,M22414,0,0.0025,99.8,Low,0,No failure,0
7556,L54735,0,0.0025,99.8,Low,0,No failure,0
7557,L54736,0,0.0,100.0,Low,0,No failure,0
7558,M22417,0,0.0,100.0,Low,0,No failure,0
7559,M22418,0,0.0075,99.2,Low,0,No failure,0
7560,M22419,0,0.0,100.0,Low,0,No failure,0
7561,M22420,0,0.0075,99.2,Low,0,No failure,0
7562,L54741,0,0.0,100.0,Low,0,No failure,0
7563,M22422,0,0.0125,98.8,Low,0,No failure,0
7564,M22423,0,0.0,100.0,Low,0,No failure,0
7565,M22424,1,0.78,22.0,High,1,Power Failure,0
7566,M22425,0,0.0,100.0,Low,0,No failure,0
7567,L54746,0,0.0,100.0,Low,0,No failure,0
7568,M22427,0,0.03,97.0,Low,0,No failure,0
7569,L54748,0,0.0,100.0,Low,0,No failure,0
7570,L54749,1,0.9,10.0,High,1,Power Failure,0
7571,H36984,0,0.0,100.0,Low,0,No failure,0
7572,L54751,0,0.0,100.0,Low,0,No failure,0
7573,L54752,0,0.0,100.0,Low,0,No failure,0
7574,L54753,0,0.0,100.0,Low,0,No failure,0
7575,L54754,0,0.0,100.0,Low,0,No failure,0
7576,L54755,0,0.0,100.0,Low,0,No failure,0
7577,M22436,0,0.0,100.0,Low,0,No failure,0
7578,L54757,0,0.0,100.0,Low,0,No failure,0
7579,L54758,0,0.0,100.0,Low,0,No failure,0
7580,L54759,0,0.0075,99.2,Low,0,No failure,0
7581,L54760,0,0.0,100.0,Low,0,No failure,0
7582,M22441,0,0.0175,98.2,Low,0,No failure,0
7583,H36996,0,0.0,100.0,Low,0,No failure,0
7584,L54763,0,0.0025,99.8,Low,0,No failure,0
7585,L54764,0,0.0,100.0,Low,0,No failure,0
7586,L54765,0,0.0025,99.8,Low,0,No failure,0
7587,L54766,0,0.0,100.0,Low,0,No failure,0
7588,L54767,0,0.0575,94.2,Low,0,No failure,0
7589,L54768,0,0.0,100.0,Low,0,No failure,0
7590,L54769,0,0.0,100.0,Low,0,No failure,0
7591,M22450,0,0.0025,99.8,Low,0,No failure,0
7592,M22451,1,0.36,64.0,Medium,1,Overstrain Failure,0
7593,M22452,0,0.0275,97.2,Low,0,No failure,0
7594,L54773,1,0.965,3.5,High,1,Overstrain Failure,0
7595,L54774,0,0.0,100.0,Low,0,No failure,0
7596,H37009,0,0.0,100.0,Low,0,No failure,0
7597,L54776,0,0.0,100.0,Low,0,No failure,0
7598,L54777,0,0.0,100.0,Low,0,No failure,0
7599,L54778,0,0.0,100.0,Low,0,No failure,0
7600,L54779,0,0.0,100.0,Low,0,No failure,0
7601,M22460,0,0.0,100.0,Low,0,No failure,0
7602,L54781,0,0.01,99.0,Low,0,No failure,0
7603,L54782,0,0.0,100.0,Low,0,No failure,0
7604,L54783,0,0.0,100.0,Low,0,No failure,0
7605,L54784,0,0.0,100.0,Low,0,No failure,0
7606,H37019,0,0.0,100.0,Low,0,No failure,0
7607,M22466,0,0.0025,99.8,Low,0,No failure,0
7608,M22467,0,0.0,100.0,Low,0,No failure,0
7609,L54788,0,0.0,100.0,Low,0,No failure,0
7610,L54789,0,0.0,100.0,Low,0,No failure,0
7611,M22470,0,0.0,100.0,Low,0,No failure,0
7612,L54791,0,0.0,100.0,Low,0,No failure,0
7613,M22472,0,0.0,100.0,Low,0,No failure,0
7614,L54793,0,0.0,100.0,Low,0,No failure,0
7615,L54794,0,0.0,100.0,Low,0,No failure,0
7616,L54795,0,0.0,100.0,Low,0,No failure,0
7617,M22476,0,0.0,100.0,Low,0,No failure,0
7618,L54797,0,0.0,100.0,Low,0,No failure,0
7619,M22478,0,0.0025,99.8,Low,0,No failure,0
7620,L54799,0,0.0,100.0,Low,0,No failure,0
7621,L54800,0,0.0,100.0,Low,0,No failure,0
7622,L54801,0,0.0,100.0,Low,0,No failure,0
7623,M22482,0,0.0,100.0,Low,0,No failure,0
7624,L54803,0,0.0,100.0,Low,0,No failure,0
7625,L54804,0,0.0,100.0,Low,0,No failure,0
7626,L54805,0,0.0,100.0,Low,0,No failure,0
7627,H37040,0,0.0,100.0,Low,0,No failure,0
7628,L54807,0,0.0,100.0,Low,0,No failure,0
7629,L54808,0,0.0,100.0,Low,0,No failure,0
7630,M22489,0,0.025,97.5,Low,0,No failure,0
7631,L54810,0,0.0,100.0,Low,0,No failure,0
7632,L54811,0,0.0,100.0,Low,0,No failure,0
7633,L54812,0,0.0,100.0,Low,0,No failure,0
7634,L54813,0,0.0,100.0,Low,0,No failure,0
7635,M22494,0,0.0,100.0,Low,0,No failure,0
7636,L54815,0,0.0,100.0,Low,0,No failure,0
7637,L54816,0,0.0,100.0,Low,0,No failure,0
7638,H37051,0,0.0,100.0,Low,0,No failure,0
7639,L54818,0,0.0,100.0,Low,0,No failure,0
7640,L54819,0,0.0,100.0,Low,0,No failure,0
7641,L54820,0,0.0,100.0,Low,0,No failure,0
7642,M22501,0,0.0,100.0,Low,0,No failure,0
7643,M22502,0,0.0,100.0,Low,0,No failure,0
7644,H37057,0,0.0,100.0,Low,0,No failure,0
7645,L54824,0,0.0,100.0,Low,0,No failure,0
7646,L54825,0,0.0,100.0,Low,0,No failure,0
7647,L54826,0,0.0,100.0,Low,0,No failure,0
7648,L54827,0,0.0,100.0,Low,0,No failure,0
7649,L54828,0,0.0,100.0,Low,0,No failure,0
7650,H37063,0,0.0,100.0,Low,0,No failure,0
7651,L54830,0,0.0075,99.2,Low,0,No failure,0
7652,M22511,0,0.0,100.0,Low,0,No failure,0
7653,L54832,0,0.0,100.0,Low,0,No failure,0
7654,L54833,0,0.0,100.0,Low,0,No failure,0
7655,M22514,0,0.0,100.0,Low,0,No failure,0
7656,L54835,0,0.0,100.0,Low,0,No failure,0
7657,L54836,0,0.0,100.0,Low,0,No failure,0
7658,L54837,0,0.0,100.0,Low,0,No failure,0
7659,M22518,0,0.0025,99.8,Low,0,No failure,0
7660,L54839,0,0.0,100.0,Low,0,No failure,0
7661,M22520,0,0.0,100.0,Low,0,No failure,0
7662,L54841,0,0.0,100.0,Low,0,No failure,0
7663,M22522,0,0.0,100.0,Low,0,No failure,0
7664,L54843,0,0.0,100.0,Low,0,No failure,0
7665,H37078,0,0.0,100.0,Low,0,No failure,0
7666,L54845,0,0.0,100.0,Low,0,No failure,0
7667,M22526,0,0.0,100.0,Low,0,No failure,0
7668,L54847,0,0.0,100.0,Low,0,No failure,0
7669,L54848,0,0.0,100.0,Low,0,No failure,0
7670,L54849,1,0.8075,19.2,High,1,Overstrain Failure,0
7671,L54850,0,0.0,100.0,Low,0,No failure,0
7672,M22531,0,0.0,100.0,Low,0,No failure,0
7673,M22532,0,0.01,99.0,Low,0,No failure,0
7674,M22533,0,0.0,100.0,Low,0,No failure,0
7675,L54854,0,0.0,100.0,Low,0,No failure,0
7676,L54855,0,0.005,99.5,Low,0,No failure,0
7677,L54856,0,0.03,97.0,Low,0,No failure,0
7678,L54857,0,0.41,59.0,Medium,1,No failure,0
7679,M22538,0,0.05,95.0,Low,0,No failure,0
7680,L54859,0,0.035,96.5,Low,0,No failure,0
7681,L54860,0,0.05,95.0,Low,0,No failure,0
7682,L54861,0,0.01,99.0,Low,0,No failure,0
7683,M22542,0,0.02,98.0,Low,0,No failure,0
7684,L54863,0,0.02,98.0,Low,0,No failure,0
7685,M22544,0,0.005,99.5,Low,0,No failure,0
7686,L54865,0,0.03,97.0,Low,0,No failure,0
7687,M22546,0,0.05,95.0,Low,0,No failure,0
7688,M22547,1,0.655,34.5,High,1,Tool Wear Failure,0
7689,L54868,0,0.0,100.0,Low,0,No failure,0
7690,L54869,0,0.0,100.0,Low,0,No failure,0
7691,M22550,0,0.0,100.0,Low,0,No failure,0
7692,M22551,0,0.0,100.0,Low,0,No failure,0
7693,H37106,0,0.0,100.0,Low,0,No failure,0
7694,L54873,0,0.0,100.0,Low,0,No failure,0
7695,H37108,0,0.0,100.0,Low,0,No failure,0
7696,L54875,0,0.0,100.0,Low,0,No failure,0
7697,H37110,0,0.005,99.5,Low,0,No failure,0
7698,L54877,0,0.0,100.0,Low,0,No failure,0
7699,L54878,0,0.0,100.0,Low,0,No failure,0
7700,M22559,0,0.0,100.0,Low,0,No failure,0
7701,M22560,0,0.0325,96.8,Low,0,No failure,0
7702,H37115,0,0.0,100.0,Low,0,No failure,0
7703,M22562,0,0.0,100.0,Low,0,No failure,0
7704,H37117,0,0.0,100.0,Low,0,No failure,0
7705,M22564,0,0.0,100.0,Low,0,No failure,0
7706,L54885,0,0.0,100.0,Low,0,No failure,0
7707,L54886,0,0.0,100.0,Low,0,No failure,0
7708,H37121,0,0.0,100.0,Low,0,No failure,0
7709,L54888,0,0.0,100.0,Low,0,No failure,0
7710,L54889,0,0.0,100.0,Low,0,No failure,0
7711,M22570,0,0.0,100.0,Low,0,No failure,0
7712,L54891,0,0.0,100.0,Low,0,No failure,0
7713,L54892,0,0.0,100.0,Low,0,No failure,0
7714,M22573,0,0.0,100.0,Low,0,No failure,0
7715,L54894,0,0.0,100.0,Low,0,No failure,0
7716,L54895,0,0.0,100.0,Low,0,No failure,0
7717,M22576,0,0.0,100.0,Low,0,No failure,0
7718,L54897,0,0.0,100.0,Low,0,No failure,0
7719,H37132,0,0.0,100.0,Low,0,No failure,0
7720,H37133,0,0.0,100.0,Low,0,No failure,0
7721,H37134,0,0.0,100.0,Low,0,No failure,0
7722,L54901,0,0.0,100.0,Low,0,No failure,0
7723,L54902,0,0.0,100.0,Low,0,No failure,0
7724,L54903,0,0.0,100.0,Low,0,No failure,0
7725,M22584,0,0.0,100.0,Low,0,No failure,0
7726,L54905,0,0.0,100.0,Low,0,No failure,0
7727,M22586,0,0.0,100.0,Low,0,No failure,0
7728,M22587,0,0.0,100.0,Low,0,No failure,0
7729,L54908,0,0.0,100.0,Low,0,No failure,0
7730,H37143,0,0.0375,96.2,Low,0,No failure,0
7731,L54910,0,0.0,100.0,Low,0,No failure,0
7732,L54911,0,0.0,100.0,Low,0,No failure,0
7733,L54912,0,0.0,100.0,Low,0,No failure,0
7734,L54913,0,0.0,100.0,Low,0,No failure,0
7735,L54914,0,0.0,100.0,Low,0,No failure,0
7736,L54915,0,0.0,100.0,Low,0,No failure,0
7737,H37150,0,0.0,100.0,Low,0,No failure,0
7738,M22597,0,0.005,99.5,Low,0,No failure,0
7739,M22598,0,0.0025,99.8,Low,0,No failure,0
7740,L54919,0,0.0,100.0,Low,0,No failure,0
7741,L54920,0,0.0,100.0,Low,0,No failure,0
7742,L54921,0,0.0,100.0,Low,0,No failure,0
7743,M22602,0,0.0125,98.8,Low,0,No failure,0
7744,L54923,0,0.0,100.0,Low,0,No failure,0
7745,L54924,0,0.0125,98.8,Low,0,No failure,0
7746,L54925,0,0.0,100.0,Low,0,No failure,0
7747,M22606,0,0.0,100.0,Low,0,No failure,0
7748,M22607,0,0.005,99.5,Low,0,No failure,0
7749,L54928,0,0.0,100.0,Low,0,No failure,0
7750,L54929,0,0.0,100.0,Low,0,No failure,0
7751,L54930,0,0.0025,99.8,Low,0,No failure,0
7752,M22611,0,0.0025,99.8,Low,0,No failure,0
7753,M22612,0,0.0,100.0,Low,0,No failure,0
7754,M22613,0,0.0,100.0,Low,0,No failure,0
7755,M22614,0,0.0,100.0,Low,0,No failure,0
7756,M22615,0,0.015,98.5,Low,0,No failure,0
7757,L54936,1,0.8475,15.2,High,1,Overstrain Failure,0
7758,M22617,0,0.0025,99.8,Low,0,No failure,0
7759,L54938,0,0.0,100.0,Low,0,No failure,0
7760,L54939,1,0.8275,17.2,High,1,Overstrain Failure,0
7761,M22620,0,0.005,99.5,Low,0,No failure,0
7762,H37175,0,0.02,98.0,Low,0,No failure,0
7763,M22622,0,0.0,100.0,Low,0,No failure,0
7764,L54943,1,0.715,28.5,High,1,Power Failure,0
7765,M22624,0,0.0,100.0,Low,0,No failure,0
7766,H37179,0,0.0,100.0,Low,0,No failure,0
7767,L54946,0,0.0,100.0,Low,0,No failure,0
7768,H37181,0,0.0,100.0,Low,0,No failure,0
7769,M22628,0,0.0,100.0,Low,0,No failure,0
7770,L54949,0,0.0,100.0,Low,0,No failure,0
7771,L54950,0,0.0,100.0,Low,0,No failure,0
7772,L54951,0,0.0,100.0,Low,0,No failure,0
7773,H37186,0,0.0,100.0,Low,0,No failure,0
7774,L54953,0,0.0,100.0,Low,0,No failure,0
7775,L54954,0,0.0,100.0,Low,0,No failure,0
7776,L54955,0,0.0,100.0,Low,0,No failure,0
7777,M22636,0,0.0,100.0,Low,0,No failure,0
7778,L54957,0,0.005,99.5,Low,0,No failure,0
7779,L54958,0,0.0,100.0,Low,0,No failure,0
7780,L54959,0,0.0,100.0,Low,0,No failure,0
7781,L54960,0,0.0,100.0,Low,0,No failure,0
7782,L54961,0,0.0,100.0,Low,0,No failure,0
7783,M22642,0,0.0,100.0,Low,0,No failure,0
7784,L54963,0,0.0,100.0,Low,0,No failure,0
7785,L54964,0,0.07,93.0,Low,0,No failure,0
7786,L54965,0,0.0,100.0,Low,0,No failure,0
7787,L54966,0,0.0,100.0,Low,0,No failure,0
7788,L54967,0,0.0025,99.8,Low,0,No failure,0
7789,M22648,0,0.0,100.0,Low,0,No failure,0
7790,L54969,0,0.0,100.0,Low,0,No failure,0
7791,L54970,0,0.0,100.0,Low,0,No failure,0
7792,L54971,0,0.0,100.0,Low,0,No failure,0
7793,H37206,0,0.0,100.0,Low,0,No failure,0
7794,L54973,0,0.0,100.0,Low,0,No failure,0
7795,M22654,0,0.0,100.0,Low,0,No failure,0
7796,H37209,0,0.0,100.0,Low,0,No failure,0
7797,L54976,0,0.0075,99.2,Low,0,No failure,0
7798,L54977,0,0.0,100.0,Low,0,No failure,0
7799,L54978,0,0.0,100.0,Low,0,No failure,0
7800,L54979,0,0.01,99.0,Low,0,No failure,0
7801,M22660,0,0.0,100.0,Low,0,No failure,0
7802,L54981,0,0.0,100.0,Low,0,No failure,0
7803,L54982,0,0.0675,93.2,Low,0,No failure,0
7804,M22663,0,0.0,100.0,Low,0,No failure,0
7805,M22664,0,0.0,100.0,Low,0,No failure,0
7806,L54985,0,0.0,100.0,Low,0,No failure,0
7807,L54986,0,0.0025,99.8,Low,0,No failure,0
7808,M22667,0,0.0,100.0,Low,0,No failure,0
7809,L54988,0,0.0,100.0,Low,0,No failure,0
7810,M22669,0,0.0,100.0,Low,0,No failure,0
7811,L54990,0,0.005,99.5,Low,0,No failure,0
7812,M22671,0,0.0,100.0,Low,0,No failure,0
7813,L54992,0,0.0,100.0,Low,0,No failure,0
7814,L54993,0,0.0,100.0,Low,0,No failure,0
7815,L54994,0,0.0,100.0,Low,0,No failure,0
7816,M22675,0,0.0,100.0,Low,0,No failure,0
7817,L54996,0,0.0,100.0,Low,0,No failure,0
7818,H37231,0,0.0,100.0,Low,0,No failure,0
7819,L54998,0,0.0025,99.8,Low,0,No failure,0
7820,L54999,0,0.0025,99.8,Low,0,No failure,0
7821,M22680,0,0.0,100.0,Low,0,No failure,0
7822,L55001,0,0.0,100.0,Low,0,No failure,0
7823,H37236,0,0.0,100.0,Low,0,No failure,0
7824,L55003,0,0.0025,99.8,Low,0,No failure,0
7825,L55004,0,0.0,100.0,Low,0,No failure,0
7826,M22685,0,0.0,100.0,Low,0,No failure,0
7827,L55006,0,0.25,75.0,Low,0,No failure,0
7828,M22687,0,0.0,100.0,Low,0,No failure,0
7829,M22688,0,0.0,100.0,Low,0,No failure,0
7830,L55009,0,0.0,100.0,Low,0,No failure,0
7831,H37244,0,0.0,100.0,Low,0,No failure,0
7832,M22691,0,0.0025,99.8,Low,0,No failure,0
7833,L55012,0,0.0,100.0,Low,0,No failure,0
7834,L55013,0,0.0,100.0,Low,0,No failure,0
7835,L55014,0,0.0,100.0,Low,0,No failure,0
7836,L55015,0,0.0,100.0,Low,0,No failure,0
7837,L55016,0,0.0,100.0,Low,0,No failure,0
7838,L55017,0,0.0,100.0,Low,0,No failure,0
7839,L55018,0,0.03,97.0,Low,0,No failure,0
7840,L55019,0,0.0375,96.2,Low,0,No failure,0
7841,L55020,0,0.0,100.0,Low,0,No failure,0
7842,L55021,0,0.0,100.0,Low,0,No failure,0
7843,L55022,0,0.02,98.0,Low,0,No failure,0
7844,M22703,0,0.02,98.0,Low,0,No failure,0
7845,L55024,0,0.0125,98.8,Low,0,No failure,0
7846,L55025,0,0.0425,95.8,Low,0,No failure,0
7847,M22706,0,0.055,94.5,Low,0,No failure,0
7848,L55027,0,0.1225,87.8,Low,0,No failure,0
7849,H37262,0,0.02,98.0,Low,0,No failure,0
7850,M22709,1,0.6325,36.8,High,1,Tool Wear Failure,0
7851,M22710,0,0.0025,99.8,Low,0,No failure,0
7852,L55031,0,0.005,99.5,Low,0,No failure,0
7853,L55032,0,0.0,100.0,Low,0,No failure,0
7854,L55033,0,0.0,100.0,Low,0,No failure,0
7855,L55034,0,0.0,100.0,Low,0,No failure,0
7856,M22715,0,0.0025,99.8,Low,0,No failure,0
7857,L55036,0,0.0,100.0,Low,0,No failure,0
7858,L55037,0,0.0,100.0,Low,0,No failure,0
7859,L55038,0,0.0,100.0,Low,0,No failure,0
7860,M22719,0,0.0,100.0,Low,0,No failure,0
7861,L55040,0,0.0,100.0,Low,0,No failure,0
7862,L55041,0,0.0,100.0,Low,0,No failure,0
7863,M22722,0,0.0025,99.8,Low,0,No failure,0
7864,M22723,0,0.0,100.0,Low,0,No failure,0
7865,L55044,0,0.02,98.0,Low,0,No failure,0
7866,L55045,0,0.005,99.5,Low,0,No failure,0
7867,L55046,0,0.0,100.0,Low,0,No failure,0
7868,L55047,0,0.0,100.0,Low,0,No failure,0
7869,H37282,0,0.0,100.0,Low,0,Random Failure,1
7870,M22729,0,0.0,100.0,Low,0,No failure,0
7871,M22730,0,0.0025,99.8,Low,0,No failure,0
7872,L55051,0,0.005,99.5,Low,0,No failure,0
7873,L55052,0,0.0,100.0,Low,0,No failure,0
7874,L55053,0,0.0025,99.8,Low,0,No failure,0
7875,L55054,0,0.0,100.0,Low,0,No failure,0
7876,L55055,0,0.0,100.0,Low,0,No failure,0
7877,H37290,0,0.0,100.0,Low,0,No failure,0
7878,L55057,0,0.0075,99.2,Low,0,No failure,0
7879,L55058,0,0.0,100.0,Low,0,No failure,0
7880,M22739,0,0.0,100.0,Low,0,No failure,0
7881,H37294,0,0.0025,99.8,Low,0,No failure,0
7882,L55061,0,0.0125,98.8,Low,0,No failure,0
7883,H37296,0,0.0,100.0,Low,0,No failure,0
7884,H37297,0,0.0,100.0,Low,0,No failure,0
7885,L55064,1,0.63,37.0,High,1,Power Failure,0
7886,L55065,0,0.0,100.0,Low,0,No failure,0
7887,M22746,0,0.0175,98.2,Low,0,No failure,0
7888,L55067,0,0.0025,99.8,Low,0,No failure,0
7889,L55068,0,0.0,100.0,Low,0,No failure,0
7890,M22749,0,0.045,95.5,Low,0,No failure,0
7891,L55070,0,0.02,98.0,Low,0,No failure,0
7892,L55071,0,0.0025,99.8,Low,0,No failure,0
7893,M22752,0,0.0,100.0,Low,0,No failure,0
7894,L55073,0,0.0,100.0,Low,0,No failure,0
7895,M22754,0,0.0,100.0,Low,0,No failure,0
7896,L55075,0,0.0,100.0,Low,0,No failure,0
7897,L55076,0,0.0075,99.2,Low,0,No failure,0
7898,L55077,0,0.0025,99.8,Low,0,No failure,0
7899,L55078,0,0.0025,99.8,Low,0,No failure,0
7900,L55079,0,0.0025,99.8,Low,0,No failure,0
7901,L55080,0,0.0125,98.8,Low,0,No failure,0
7902,L55081,0,0.0,100.0,Low,0,No failure,0
7903,M22762,0,0.0,100.0,Low,0,No failure,0
7904,L55083,0,0.0,100.0,Low,0,No failure,0
7905,M22764,0,0.0,100.0,Low,0,No failure,0
7906,M22765,0,0.005,99.5,Low,0,No failure,0
7907,L55086,0,0.0,100.0,Low,0,No failure,0
7908,L55087,0,0.0,100.0,Low,0,No failure,0
7909,L55088,0,0.0,100.0,Low,0,No failure,0
7910,L55089,0,0.0,100.0,Low,0,No failure,0
7911,M22770,0,0.0025,99.8,Low,0,No failure,0
7912,L55091,0,0.0,100.0,Low,0,No failure,0
7913,L55092,0,0.0,100.0,Low,0,No failure,0
7914,L55093,0,0.0,100.0,Low,0,No failure,0
7915,H37328,0,0.0,100.0,Low,0,No failure,0
7916,H37329,0,0.0,100.0,Low,0,No failure,0
7917,L55096,0,0.0,100.0,Low,0,No failure,0
7918,L55097,0,0.0,100.0,Low,0,No failure,0
7919,L55098,0,0.0,100.0,Low,0,No failure,0
7920,L55099,0,0.0,100.0,Low,0,No failure,0
7921,L55100,0,0.0,100.0,Low,0,No failure,0
7922,L55101,0,0.0,100.0,Low,0,No failure,0
7923,L55102,0,0.0,100.0,Low,0,No failure,0
7924,M22783,0,0.0,100.0,Low,0,No failure,0
7925,H37338,0,0.0,100.0,Low,0,No failure,0
7926,M22785,0,0.0,100.0,Low,0,No failure,0
7927,L55106,1,0.63,37.0,High,1,Overstrain Failure,0
7928,L55107,0,0.0,100.0,Low,0,No failure,0
7929,L55108,0,0.0,100.0,Low,0,No failure,0
7930,M22789,0,0.005,99.5,Low,0,No failure,0
7931,L55110,0,0.0075,99.2,Low,0,No failure,0
7932,L55111,0,0.0275,97.2,Low,0,No failure,0
7933,L55112,0,0.0175,98.2,Low,0,No failure,0
7934,L55113,0,0.0625,93.8,Low,0,No failure,0
7935,M22794,0,0.08,92.0,Low,0,No failure,0
7936,M22795,0,0.0525,94.8,Low,0,No failure,0
7937,L55116,0,0.035,96.5,Low,0,No failure,0
7938,L55117,0,0.03,97.0,Low,0,No failure,0
7939,L55118,0,0.11,89.0,Low,0,No failure,0
7940,L55119,0,0.01,99.0,Low,0,No failure,0
7941,M22800,0,0.0,100.0,Low,0,No failure,0
7942,M22801,0,0.0,100.0,Low,0,No failure,0
7943,L55122,0,0.0,100.0,Low,0,No failure,0
7944,L55123,0,0.0,100.0,Low,0,No failure,0
7945,L55124,0,0.0,100.0,Low,0,No failure,0
7946,L55125,0,0.0,100.0,Low,0,No failure,0
7947,L55126,0,0.0,100.0,Low,0,No failure,0
7948,L55127,0,0.0,100.0,Low,0,No failure,0
7949,L55128,0,0.0,100.0,Low,0,No failure,0
7950,M22809,0,0.0,100.0,Low,0,No failure,0
7951,L55130,0,0.0,100.0,Low,0,No failure,0
7952,M22811,0,0.0,100.0,Low,0,No failure,0
7953,M22812,0,0.0,100.0,Low,0,No failure,0
7954,L55133,0,0.0,100.0,Low,0,No failure,0
7955,L55134,0,0.0,100.0,Low,0,No failure,0
7956,M22815,0,0.0,100.0,Low,0,No failure,0
7957,H37370,0,0.0,100.0,Low,0,No failure,0
7958,H37371,0,0.0025,99.8,Low,0,No failure,0
7959,L55138,0,0.005,99.5,Low,0,No failure,0
7960,L55139,0,0.0,100.0,Low,0,No failure,0
7961,H37374,0,0.0,100.0,Low,0,No failure,0
7962,L55141,0,0.005,99.5,Low,0,No failure,0
7963,L55142,0,0.0,100.0,Low,0,No failure,0
7964,L55143,0,0.0,100.0,Low,0,No failure,0
7965,L55144,0,0.0,100.0,Low,0,No failure,0
7966,L55145,0,0.0,100.0,Low,0,No failure,0
7967,L55146,0,0.0,100.0,Low,0,No failure,0
7968,M22827,0,0.0025,99.8,Low,0,No failure,0
7969,L55148,0,0.0,100.0,Low,0,No failure,0
7970,L55149,0,0.0,100.0,Low,0,No failure,0
7971,M22830,0,0.0,100.0,Low,0,No failure,0
7972,L55151,0,0.0,100.0,Low,0,No failure,0
7973,L55152,0,0.0,100.0,Low,0,No failure,0
7974,L55153,0,0.0,100.0,Low,0,No failure,0
7975,L55154,0,0.0,100.0,Low,0,No failure,0
7976,M22835,0,0.0,100.0,Low,0,No failure,0
7977,H37390,0,0.0075,99.2,Low,0,No failure,0
7978,L55157,0,0.03,97.0,Low,0,No failure,0
7979,L55158,0,0.01,99.0,Low,0,No failure,0
7980,M22839,0,0.0,100.0,Low,0,No failure,0
7981,M22840,0,0.0,100.0,Low,0,No failure,0
7982,L55161,0,0.0,100.0,Low,0,No failure,0
7983,L55162,0,0.0,100.0,Low,0,No failure,0
7984,L55163,0,0.0,100.0,Low,0,No failure,0
7985,L55164,0,0.0,100.0,Low,0,No failure,0
7986,L55165,0,0.0,100.0,Low,0,No failure,0
7987,L55166,0,0.0,100.0,Low,0,No failure,0
7988,H37401,0,0.0,100.0,Low,0,No failure,0
7989,L55168,0,0.0,100.0,Low,0,No failure,0
7990,L55169,0,0.0,100.0,Low,0,No failure,0
7991,M22850,0,0.0,100.0,Low,0,No failure,0
7992,L55171,0,0.0,100.0,Low,0,No failure,0
7993,M22852,0,0.0,100.0,Low,0,No failure,0
7994,L55173,0,0.0,100.0,Low,0,No failure,0
7995,L55174,0,0.0,100.0,Low,0,No failure,0
7996,L55175,0,0.0,100.0,Low,0,No failure,0
7997,M22856,0,0.0025,99.8,Low,0,No failure,0
7998,M22857,1,0.9425,5.8,High,1,Power Failure,0
7999,L55178,0,0.0,100.0,Low,0,No failure,0
8000,M22859,0,0.0,100.0,Low,0,No failure,0
8001,M22860,0,0.0025,99.8,Low,0,No failure,0
8002,L55181,0,0.01,99.0,Low,0,No failure,0
8003,M22862,0,0.0,100.0,Low,0,No failure,0
8004,M22863,0,0.1975,80.2,Low,0,No failure,0
8005,L55184,0,0.0,100.0,Low,0,No failure,0
8006,L55185,0,0.0,100.0,Low,0,No failure,0
8007,L55186,0,0.0,100.0,Low,0,No failure,0
8008,M22867,0,0.0,100.0,Low,0,No failure,0
8009,L55188,0,0.0,100.0,Low,0,No failure,0
8010,H37423,0,0.0025,99.8,Low,0,No failure,0
8011,L55190,0,0.055,94.5,Low,0,No failure,0
8012,L55191,0,0.0,100.0,Low,0,No failure,0
8013,M22872,0,0.015,98.5,Low,0,No failure,0
8014,M22873,0,0.005,99.5,Low,0,No failure,0
8015,L55194,0,0.0,100.0,Low,0,No failure,0
8016,M22875,0,0.0,100.0,Low,0,No failure,0
8017,M22876,0,0.0,100.0,Low,0,No failure,0
8018,L55197,0,0.0,100.0,Low,0,No failure,0
8019,L55198,0,0.0075,99.2,Low,0,No failure,0
8020,L55199,0,0.0025,99.8,Low,0,No failure,0
8021,H37434,0,0.005,99.5,Low,0,No failure,0
8022,M22881,0,0.0625,93.8,Low,0,No failure,0
8023,L55202,0,0.015,98.5,Low,0,No failure,0
8024,H37437,0,0.045,95.5,Low,0,No failure,0
8025,L55204,0,0.0025,99.8,Low,0,No failure,0
8026,M22885,0,0.0325,96.8,Low,0,No failure,0
8027,L55206,1,0.69,31.0,High,1,Overstrain Failure,0
8028,L55207,0,0.03,97.0,Low,0,No failure,0
8029,L55208,0,0.05,95.0,Low,0,No failure,0
8030,M22889,0,0.0,100.0,Low,0,No failure,0
8031,L55210,0,0.0,100.0,Low,0,No failure,0
8032,L55211,0,0.0,100.0,Low,0,No failure,0
8033,L55212,0,0.0,100.0,Low,0,No failure,0
8034,L55213,0,0.0,100.0,Low,0,No failure,0
8035,L55214,0,0.0,100.0,Low,0,No failure,0
8036,L55215,0,0.0,100.0,Low,0,No failure,0
8037,L55216,0,0.0,100.0,Low,0,No failure,0
8038,L55217,0,0.0,100.0,Low,0,No failure,0
8039,L55218,0,0.0,100.0,Low,0,No failure,0
8040,L55219,0,0.0,100.0,Low,0,No failure,0
8041,L55220,0,0.0,100.0,Low,0,No failure,0
8042,H37455,0,0.0,100.0,Low,0,No failure,0
8043,L55222,0,0.0,100.0,Low,0,No failure,0
8044,L55223,0,0.0,100.0,Low,0,No failure,0
8045,L55224,0,0.0,100.0,Low,0,No failure,0
8046,M22905,0,0.0,100.0,Low,0,No failure,0
8047,L55226,0,0.0,100.0,Low,0,No failure,0
8048,L55227,0,0.0,100.0,Low,0,No failure,0
8049,L55228,0,0.0,100.0,Low,0,No failure,0
8050,H37463,0,0.0,100.0,Low,0,No failure,0
8051,L55230,0,0.0025,99.8,Low,0,No failure,0
8052,L55231,0,0.0,100.0,Low,0,No failure,0
8053,L55232,0,0.0,100.0,Low,0,No failure,0
8054,L55233,0,0.0,100.0,Low,0,No failure,0
8055,L55234,0,0.0,100.0,Low,0,No failure,0
8056,H37469,0,0.0,100.0,Low,0,No failure,0
8057,L55236,0,0.0,100.0,Low,0,No failure,0
8058,L55237,0,0.0,100.0,Low,0,No failure,0
8059,L55238,0,0.0,100.0,Low,0,No failure,0
8060,L55239,0,0.0,100.0,Low,0,No failure,0
8061,H37474,0,0.0,100.0,Low,0,No failure,0
8062,M22921,0,0.0,100.0,Low,0,No failure,0
8063,M22922,0,0.0,100.0,Low,0,No failure,0
8064,M22923,0,0.0,100.0,Low,0,No failure,0
8065,L55244,0,0.0,100.0,Low,0,No failure,0
8066,M22925,0,0.0,100.0,Low,0,No failure,0
8067,L55246,0,0.0,100.0,Low,0,No failure,0
8068,M22927,0,0.0,100.0,Low,0,No failure,0
8069,M22928,0,0.0,100.0,Low,0,No failure,0
8070,M22929,0,0.0,100.0,Low,0,No failure,0
8071,M22930,0,0.0,100.0,Low,0,No failure,0
8072,L55251,0,0.0,100.0,Low,0,No failure,0
8073,H37486,0,0.01,99.0,Low,0,No failure,0
8074,L55253,0,0.0,100.0,Low,0,No failure,0
8075,L55254,0,0.0,100.0,Low,0,No failure,0
8076,L55255,0,0.0025,99.8,Low,0,No failure,0
8077,L55256,0,0.0,100.0,Low,0,No failure,0
8078,L55257,0,0.0,100.0,Low,0,No failure,0
8079,L55258,0,0.0,100.0,Low,0,No failure,0
8080,L55259,0,0.0,100.0,Low,0,No failure,0
8081,H37494,0,0.0,100.0,Low,0,No failure,0
8082,L55261,0,0.0025,99.8,Low,0,No failure,0
8083,H37496,0,0.0,100.0,Low,0,No failure,0
8084,L55263,0,0.0,100.0,Low,0,No failure,0
8085,L55264,0,0.0,100.0,Low,0,No failure,0
8086,L55265,0,0.0,100.0,Low,0,No failure,0
8087,L55266,0,0.0,100.0,Low,0,No failure,0
8088,L55267,0,0.0,100.0,Low,0,No failure,0
8089,L55268,0,0.0,100.0,Low,0,No failure,0
8090,L55269,0,0.0,100.0,Low,0,No failure,0
8091,L55270,0,0.0,100.0,Low,0,No failure,0
8092,L55271,0,0.0125,98.8,Low,0,No failure,0
8093,M22952,0,0.0,100.0,Low,0,No failure,0
8094,L55273,0,0.0,100.0,Low,0,No failure,0
8095,H37508,0,0.0,100.0,Low,0,No failure,0
8096,L55275,0,0.0,100.0,Low,0,No failure,0
8097,M22956,0,0.0,100.0,Low,0,No failure,0
8098,L55277,0,0.0,100.0,Low,0,No failure,0
8099,L55278,0,0.0,100.0,Low,0,No failure,0
8100,L55279,0,0.0,100.0,Low,0,No failure,0
8101,L55280,0,0.0,100.0,Low,0,No failure,0
8102,L55281,0,0.0,100.0,Low,0,No failure,0
8103,L55282,0,0.0,100.0,Low,0,No failure,0
8104,M22963,0,0.0,100.0,Low,0,No failure,0
8105,L55284,0,0.0,100.0,Low,0,No failure,0
8106,L55285,0,0.0025,99.8,Low,0,No failure,0
8107,M22966,0,0.0,100.0,Low,0,No failure,0
8108,H37521,0,0.01,99.0,Low,0,No failure,0
8109,M22968,0,0.005,99.5,Low,0,No failure,0
8110,L55289,0,0.015,98.5,Low,0,No failure,0
8111,H37524,0,0.0275,97.2,Low,0,No failure,0
8112,M22971,1,0.64,36.0,High,1,Tool Wear Failure,0
8113,M22972,0,0.0075,99.2,Low,0,No failure,0
8114,L55293,0,0.0,100.0,Low,0,No failure,0
8115,H37528,0,0.035,96.5,Low,0,No failure,0
8116,L55295,0,0.0075,99.2,Low,0,No failure,0
8117,L55296,0,0.0,100.0,Low,0,No failure,0
8118,L55297,0,0.0,100.0,Low,0,No failure,0
8119,L55298,0,0.0,100.0,Low,0,No failure,0
8120,L55299,0,0.0,100.0,Low,0,No failure,0
8121,L55300,0,0.0,100.0,Low,0,No failure,0
8122,L55301,0,0.0,100.0,Low,0,No failure,0
8123,M22982,0,0.0,100.0,Low,0,No failure,0
8124,H37537,0,0.0,100.0,Low,0,No failure,0
8125,L55304,0,0.0,100.0,Low,0,No failure,0
8126,L55305,0,0.0,100.0,Low,0,No failure,0
8127,L55306,0,0.0,100.0,Low,0,No failure,0
8128,M22987,0,0.0,100.0,Low,0,No failure,0
8129,L55308,0,0.0,100.0,Low,0,No failure,0
8130,L55309,0,0.0,100.0,Low,0,No failure,0
8131,H37544,0,0.0,100.0,Low,0,No failure,0
8132,H37545,0,0.0,100.0,Low,0,No failure,0
8133,M22992,0,0.0,100.0,Low,0,No failure,0
8134,L55313,0,0.0,100.0,Low,0,No failure,0
8135,L55314,0,0.0,100.0,Low,0,No failure,0
8136,L55315,0,0.0,100.0,Low,0,No failure,0
8137,M22996,0,0.0,100.0,Low,0,No failure,0
8138,H37551,0,0.0,100.0,Low,0,No failure,0
8139,L55318,0,0.0,100.0,Low,0,No failure,0
8140,L55319,0,0.0,100.0,Low,0,No failure,0
8141,L55320,0,0.0,100.0,Low,0,No failure,0
8142,L55321,0,0.0,100.0,Low,0,No failure,0
8143,M23002,0,0.0,100.0,Low,0,No failure,0
8144,L55323,0,0.0,100.0,Low,0,No failure,0
8145,M23004,0,0.0,100.0,Low,0,No failure,0
8146,M23005,0,0.0,100.0,Low,0,No failure,0
8147,L55326,0,0.0,100.0,Low,0,No failure,0
8148,L55327,0,0.0,100.0,Low,0,No failure,0
8149,M23008,0,0.0,100.0,Low,0,No failure,0
8150,M23009,0,0.0,100.0,Low,0,No failure,0
8151,M23010,0,0.0,100.0,Low,0,No failure,0
8152,L55331,0,0.0,100.0,Low,0,No failure,0
8153,L55332,0,0.0,100.0,Low,0,No failure,0
8154,L55333,0,0.0,100.0,Low,0,No failure,0
8155,L55334,0,0.0025,99.8,Low,0,No failure,0
8156,L55335,0,0.0025,99.8,Low,0,No failure,0
8157,L55336,0,0.0,100.0,Low,0,No failure,0
8158,L55337,0,0.0,100.0,Low,0,No failure,0
8159,L55338,0,0.0,100.0,Low,0,No failure,0
8160,H37573,0,0.0,100.0,Low,0,No failure,0
8161,M23020,0,0.0,100.0,Low,0,No failure,0
8162,H37575,0,0.0,100.0,Low,0,No failure,0
8163,L55342,0,0.0,100.0,Low,0,No failure,0
8164,L55343,0,0.0,100.0,Low,0,No failure,0
8165,L55344,0,0.0,100.0,Low,0,No failure,0
8166,L55345,0,0.0,100.0,Low,0,No failure,0
8167,L55346,0,0.0,100.0,Low,0,No failure,0
8168,H37581,0,0.0,100.0,Low,0,No failure,0
8169,L55348,0,0.0,100.0,Low,0,No failure,0
8170,M23029,0,0.0,100.0,Low,0,No failure,0
8171,L55350,0,0.0,100.0,Low,0,No failure,0
8172,H37585,0,0.0,100.0,Low,0,No failure,0
8173,L55352,0,0.0,100.0,Low,0,No failure,0
8174,H37587,0,0.0,100.0,Low,0,No failure,0
8175,L55354,0,0.005,99.5,Low,0,No failure,0
8176,M23035,0,0.0,100.0,Low,0,No failure,0
8177,L55356,0,0.0,100.0,Low,0,No failure,0
8178,L55357,0,0.0,100.0,Low,0,No failure,0
8179,L55358,0,0.0125,98.8,Low,0,No failure,0
8180,L55359,0,0.0,100.0,Low,0,No failure,0
8181,M23040,0,0.0,100.0,Low,0,No failure,0
8182,L55361,0,0.0,100.0,Low,0,No failure,0
8183,M23042,0,0.0025,99.8,Low,0,No failure,0
8184,L55363,0,0.0,100.0,Low,0,No failure,0
8185,L55364,0,0.0025,99.8,Low,0,No failure,0
8186,L55365,0,0.0,100.0,Low,0,No failure,0
8187,L55366,0,0.0,100.0,Low,0,No failure,0
8188,L55367,0,0.0025,99.8,Low,0,No failure,0
8189,M23048,0,0.0,100.0,Low,0,No failure,0
8190,L55369,0,0.07,93.0,Low,0,No failure,0
8191,M23050,0,0.0125,98.8,Low,0,No failure,0
8192,M23051,0,0.06,94.0,Low,0,No failure,0
8193,L55372,1,0.9075,9.3,High,1,Overstrain Failure,0
8194,L55373,0,0.085,91.5,Low,0,No failure,0
8195,L55374,0,0.0375,96.2,Low,0,No failure,0
8196,L55375,1,0.93,7.0,High,1,Overstrain Failure,0
8197,L55376,0,0.0575,94.2,Low,0,No failure,0
8198,M23057,0,0.0075,99.2,Low,0,No failure,0
8199,M23058,0,0.125,87.5,Low,0,No failure,0
8200,L55379,1,0.6275,37.3,High,1,Tool Wear Failure,0
8201,L55380,0,0.0,100.0,Low,0,No failure,0
8202,M23061,0,0.0,100.0,Low,0,No failure,0
8203,L55382,0,0.0,100.0,Low,0,No failure,0
8204,M23063,0,0.0,100.0,Low,0,No failure,0
8205,L55384,0,0.0,100.0,Low,0,No failure,0
8206,M23065,0,0.0,100.0,Low,0,No failure,0
8207,L55386,0,0.0,100.0,Low,0,No failure,0
8208,L55387,0,0.0025,99.8,Low,0,No failure,0
8209,L55388,0,0.0,100.0,Low,0,No failure,0
8210,L55389,0,0.0,100.0,Low,0,No failure,0
8211,H37624,0,0.0,100.0,Low,0,No failure,0
8212,L55391,0,0.0,100.0,Low,0,No failure,0
8213,H37626,0,0.0025,99.8,Low,0,No failure,0
8214,M23073,0,0.0,100.0,Low,0,No failure,0
8215,L55394,0,0.0,100.0,Low,0,No failure,0
8216,L55395,0,0.0,100.0,Low,0,No failure,0
8217,L55396,0,0.0325,96.8,Low,0,No failure,0
8218,L55397,0,0.0,100.0,Low,0,No failure,0
8219,L55398,0,0.0,100.0,Low,0,No failure,0
8220,L55399,0,0.0,100.0,Low,0,No failure,0
8221,M23080,0,0.0,100.0,Low,0,No failure,0
8222,M23081,0,0.0,100.0,Low,0,No failure,0
8223,L55402,0,0.0,100.0,Low,0,No failure,0
8224,L55403,0,0.0025,99.8,Low,0,No failure,0
8225,L55404,0,0.0,100.0,Low,0,No failure,0
8226,L55405,0,0.0,100.0,Low,0,No failure,0
8227,L55406,0,0.08,92.0,Low,0,No failure,0
8228,M23087,0,0.0025,99.8,Low,0,No failure,0
8229,M23088,0,0.0,100.0,Low,0,No failure,0
8230,L55409,0,0.0,100.0,Low,0,No failure,0
8231,L55410,0,0.0025,99.8,Low,0,No failure,0
8232,L55411,0,0.0,100.0,Low,0,No failure,0
8233,L55412,0,0.0,100.0,Low,0,No failure,0
8234,M23093,0,0.0,100.0,Low,0,No failure,0
8235,L55414,0,0.0,100.0,Low,0,No failure,0
8236,M23095,0,0.0,100.0,Low,0,No failure,0
8237,L55416,0,0.0,100.0,Low,0,No failure,0
8238,L55417,0,0.0,100.0,Low,0,No failure,0
8239,L55418,0,0.0,100.0,Low,0,No failure,0
8240,L55419,0,0.0125,98.8,Low,0,No failure,0
8241,L55420,0,0.0,100.0,Low,0,No failure,0
8242,M23101,0,0.0,100.0,Low,0,No failure,0
8243,M23102,0,0.0,100.0,Low,0,No failure,0
8244,H37657,0,0.0025,99.8,Low,0,No failure,0
8245,L55424,0,0.0,100.0,Low,0,No failure,0
8246,M23105,1,0.8325,16.8,High,1,Power Failure,0
8247,L55426,0,0.0,100.0,Low,0,No failure,0
8248,L55427,0,0.0,100.0,Low,0,No failure,0
8249,L55428,0,0.0,100.0,Low,0,No failure,0
8250,L55429,0,0.0,100.0,Low,0,No failure,0
8251,M23110,0,0.0,100.0,Low,0,No failure,0
8252,L55431,0,0.0,100.0,Low,0,No failure,0
8253,L55432,0,0.0,100.0,Low,0,No failure,0
8254,L55433,0,0.0,100.0,Low,0,No failure,0
8255,M23114,0,0.0,100.0,Low,0,No failure,0
8256,L55435,0,0.0,100.0,Low,0,No failure,0
8257,H37670,0,0.0,100.0,Low,0,No failure,0
8258,M23117,0,0.0,100.0,Low,0,No failure,0
8259,L55438,0,0.0,100.0,Low,0,No failure,0
8260,L55439,0,0.0,100.0,Low,0,No failure,0
8261,H37674,0,0.0025,99.8,Low,0,No failure,0
8262,H37675,0,0.0,100.0,Low,0,No failure,0
8263,L55442,0,0.0025,99.8,Low,0,No failure,0
8264,H37677,0,0.0,100.0,Low,0,No failure,0
8265,M23124,0,0.0,100.0,Low,0,No failure,0
8266,H37679,0,0.0,100.0,Low,0,No failure,0
8267,L55446,0,0.0,100.0,Low,0,No failure,0
8268,L55447,0,0.005,99.5,Low,0,No failure,0
8269,M23128,0,0.0,100.0,Low,0,No failure,0
8270,H37683,0,0.0,100.0,Low,0,No failure,0
8271,M23130,0,0.0,100.0,Low,0,No failure,0
8272,L55451,0,0.0125,98.8,Low,0,No failure,0
8273,L55452,0,0.0125,98.8,Low,0,No failure,0
8274,M23133,0,0.0,100.0,Low,0,No failure,0
8275,L55454,0,0.0,100.0,Low,0,No failure,0
8276,M23135,0,0.0,100.0,Low,0,No failure,0
8277,L55456,0,0.0475,95.2,Low,0,No failure,0
8278,H37691,0,0.0225,97.8,Low,0,No failure,0
8279,L55458,0,0.0275,97.2,Low,0,No failure,0
8280,L55459,0,0.025,97.5,Low,0,No failure,0
8281,L55460,0,0.015,98.5,Low,0,No failure,0
8282,H37695,0,0.0025,99.8,Low,0,No failure,0
8283,M23142,0,0.05,95.0,Low,0,No failure,0
8284,H37697,0,0.0075,99.2,Low,0,No failure,0
8285,L55464,0,0.0,100.0,Low,0,No failure,0
8286,L55465,0,0.0025,99.8,Low,0,No failure,0
8287,M23146,0,0.0,100.0,Low,0,No failure,0
8288,L55467,0,0.0,100.0,Low,0,No failure,0
8289,M23148,0,0.0,100.0,Low,0,No failure,0
8290,L55469,0,0.0,100.0,Low,0,No failure,0
8291,M23150,0,0.0,100.0,Low,0,No failure,0
8292,L55471,0,0.0,100.0,Low,0,No failure,0
8293,H37706,0,0.0,100.0,Low,0,No failure,0
8294,M23153,0,0.0,100.0,Low,0,No failure,0
8295,M23154,0,0.0,100.0,Low,0,No failure,0
8296,L55475,0,0.0,100.0,Low,0,No failure,0
8297,L55476,0,0.0,100.0,Low,0,No failure,0
8298,M23157,0,0.0,100.0,Low,0,No failure,0
8299,H37712,0,0.0,100.0,Low,0,No failure,0
8300,L55479,0,0.0,100.0,Low,0,No failure,0
8301,L55480,0,0.0,100.0,Low,0,No failure,0
8302,M23161,0,0.0,100.0,Low,0,No failure,0
8303,L55482,0,0.0,100.0,Low,0,No failure,0
8304,L55483,0,0.0,100.0,Low,0,No failure,0
8305,M23164,0,0.0,100.0,Low,0,No failure,0
8306,H37719,0,0.0,100.0,Low,0,No failure,0
8307,M23166,0,0.0,100.0,Low,0,No failure,0
8308,M23167,1,0.77,23.0,High,1,Power Failure,0
8309,L55488,0,0.0,100.0,Low,0,No failure,0
8310,M23169,0,0.0,100.0,Low,0,No failure,0
8311,L55490,0,0.0,100.0,Low,0,No failure,0
8312,M23171,0,0.0,100.0,Low,0,No failure,0
8313,M23172,0,0.0,100.0,Low,0,No failure,0
8314,M23173,0,0.0,100.0,Low,0,No failure,0
8315,L55494,0,0.0,100.0,Low,0,No failure,0
8316,H37729,0,0.0,100.0,Low,0,No failure,0
8317,L55496,0,0.0,100.0,Low,0,No failure,0
8318,L55497,0,0.0,100.0,Low,0,No failure,0
8319,H37732,0,0.0,100.0,Low,0,No failure,0
8320,L55499,0,0.0,100.0,Low,0,No failure,0
8321,M23180,0,0.0,100.0,Low,0,No failure,0
8322,L55501,0,0.0,100.0,Low,0,No failure,0
8323,L55502,0,0.0,100.0,Low,0,No failure,0
8324,H37737,0,0.0,100.0,Low,0,No failure,0
8325,M23184,0,0.0,100.0,Low,0,No failure,0
8326,M23185,0,0.0,100.0,Low,0,No failure,0
8327,H37740,0,0.0,100.0,Low,0,No failure,0
8328,M23187,0,0.0025,99.8,Low,0,No failure,0
8329,L55508,0,0.0,100.0,Low,0,No failure,0
8330,L55509,0,0.0,100.0,Low,0,No failure,0
8331,L55510,0,0.0,100.0,Low,0,No failure,0
8332,M23191,0,0.0,100.0,Low,0,No failure,0
8333,L55512,0,0.0,100.0,Low,0,No failure,0
8334,M23193,0,0.0,100.0,Low,0,No failure,0
8335,M23194,0,0.0,100.0,Low,0,No failure,0
8336,M23195,0,0.0575,94.2,Low,0,No failure,0
8337,L55516,0,0.0,100.0,Low,0,No failure,0
8338,M23197,0,0.0,100.0,Low,0,No failure,0
8339,L55518,0,0.0,100.0,Low,0,No failure,0
8340,M23199,0,0.0,100.0,Low,0,No failure,0
8341,M23200,0,0.0,100.0,Low,0,No failure,0
8342,L55521,0,0.0,100.0,Low,0,No failure,0
8343,L55522,0,0.0,100.0,Low,0,No failure,0
8344,H37757,0,0.0,100.0,Low,0,No failure,0
8345,L55524,0,0.0,100.0,Low,0,No failure,0
8346,H37759,0,0.0,100.0,Low,0,No failure,0
8347,L55526,0,0.0,100.0,Low,0,No failure,0
8348,L55527,0,0.0,100.0,Low,0,No failure,0
8349,M23208,0,0.0,100.0,Low,0,No failure,0
8350,M23209,0,0.0,100.0,Low,0,No failure,0
8351,M23210,0,0.0025,99.8,Low,0,No failure,0
8352,M23211,0,0.0,100.0,Low,0,No failure,0
8353,L55532,0,0.0,100.0,Low,0,No failure,0
8354,L55533,0,0.045,95.5,Low,0,No failure,0
8355,L55534,0,0.01,99.0,Low,0,No failure,0
8356,L55535,0,0.0,100.0,Low,0,No failure,0
8357,M23216,0,0.095,90.5,Low,0,No failure,0
8358,L55537,1,0.605,39.5,High,1,Tool Wear Failure,0
8359,L55538,0,0.0,100.0,Low,0,No failure,0
8360,M23219,0,0.0,100.0,Low,0,No failure,0
8361,L55540,0,0.0,100.0,Low,0,No failure,0
8362,L55541,0,0.0025,99.8,Low,0,No failure,0
8363,L55542,0,0.04,96.0,Low,0,No failure,0
8364,L55543,0,0.0,100.0,Low,0,No failure,0
8365,L55544,0,0.0025,99.8,Low,0,No failure,0
8366,M23225,0,0.0,100.0,Low,0,No failure,0
8367,M23226,0,0.0,100.0,Low,0,No failure,0
8368,L55547,0,0.0025,99.8,Low,0,No failure,0
8369,L55548,0,0.0,100.0,Low,0,No failure,0
8370,L55549,0,0.0,100.0,Low,0,No failure,0
8371,L55550,0,0.0,100.0,Low,0,No failure,0
8372,L55551,0,0.0,100.0,Low,0,No failure,0
8373,M23232,0,0.0,100.0,Low,0,No failure,0
8374,M23233,0,0.0,100.0,Low,0,No failure,0
8375,L55554,0,0.0225,97.8,Low,0,No failure,0
8376,M23235,0,0.005,99.5,Low,0,No failure,0
8377,L55556,0,0.0025,99.8,Low,0,No failure,0
8378,L55557,0,0.0,100.0,Low,0,No failure,0
8379,M23238,0,0.01,99.0,Low,0,No failure,0
8380,L55559,0,0.0,100.0,Low,0,No failure,0
8381,L55560,0,0.0,100.0,Low,0,No failure,0
8382,H37795,0,0.0,100.0,Low,0,No failure,0
8383,L55562,0,0.0,100.0,Low,0,No failure,0
8384,M23243,0,0.0,100.0,Low,0,No failure,0
8385,L55564,0,0.0,100.0,Low,0,No failure,0
8386,H37799,0,0.0,100.0,Low,0,No failure,0
8387,M23246,0,0.0,100.0,Low,0,No failure,0
8388,L55567,0,0.0,100.0,Low,0,No failure,0
8389,L55568,0,0.0,100.0,Low,0,No failure,0
8390,L55569,0,0.0,100.0,Low,0,No failure,0
8391,M23250,0,0.0075,99.2,Low,0,No failure,0
8392,L55571,0,0.0,100.0,Low,0,No failure,0
8393,M23252,0,0.0,100.0,Low,0,No failure,0
8394,L55573,0,0.0,100.0,Low,0,No failure,0
8395,M23254,0,0.0,100.0,Low,0,No failure,0
8396,M23255,0,0.0,100.0,Low,0,No failure,0
8397,H37810,0,0.0,100.0,Low,0,No failure,0
8398,L55577,0,0.0,100.0,Low,0,No failure,0
8399,L55578,1,0.955,4.5,High,1,Power Failure,0
8400,L55579,0,0.0075,99.2,Low,0,No failure,0
8401,L55580,0,0.0,100.0,Low,0,No failure,0
8402,H37815,0,0.0,100.0,Low,0,No failure,0
8403,L55582,0,0.0,100.0,Low,0,No failure,0
8404,L55583,0,0.0,100.0,Low,0,No failure,0
8405,L55584,0,0.0,100.0,Low,0,No failure,0
8406,M23265,0,0.0,100.0,Low,0,No failure,0
8407,M23266,0,0.0,100.0,Low,0,No failure,0
8408,L55587,0,0.0,100.0,Low,0,No failure,0
8409,M23268,0,0.0,100.0,Low,0,No failure,0
8410,L55589,0,0.0,100.0,Low,0,No failure,0
8411,L55590,0,0.0,100.0,Low,0,No failure,0
8412,L55591,0,0.0,100.0,Low,0,No failure,0
8413,M23272,0,0.0,100.0,Low,0,No failure,0
8414,M23273,0,0.0,100.0,Low,0,No failure,0
8415,L55594,0,0.0,100.0,Low,0,No failure,0
8416,M23275,0,0.0,100.0,Low,0,No failure,0
8417,M23276,0,0.0,100.0,Low,0,No failure,0
8418,H37831,0,0.0,100.0,Low,0,No failure,0
8419,L55598,0,0.0,100.0,Low,0,No failure,0
8420,L55599,0,0.0,100.0,Low,0,No failure,0
8421,L55600,0,0.0,100.0,Low,0,No failure,0
8422,L55601,0,0.0,100.0,Low,0,No failure,0
8423,H37836,0,0.04,96.0,Low,0,No failure,0
8424,L55603,0,0.0,100.0,Low,0,No failure,0
8425,L55604,0,0.0,100.0,Low,0,No failure,0
8426,L55605,0,0.0,100.0,Low,0,No failure,0
8427,L55606,0,0.0,100.0,Low,0,No failure,0
8428,L55607,0,0.0,100.0,Low,0,No failure,0
8429,M23288,0,0.0,100.0,Low,0,No failure,0
8430,L55609,0,0.0,100.0,Low,0,No failure,0
8431,L55610,0,0.0575,94.2,Low,0,No failure,0
8432,H37845,0,0.0025,99.8,Low,0,No failure,0
8433,L55612,0,0.0,100.0,Low,0,No failure,0
8434,M23293,0,0.0,100.0,Low,0,No failure,0
8435,M23294,0,0.0,100.0,Low,0,No failure,0
8436,M23295,0,0.0,100.0,Low,0,No failure,0
8437,L55616,0,0.045,95.5,Low,0,No failure,0
8438,L55617,1,0.87,13.0,High,1,Overstrain Failure,0
8439,L55618,0,0.025,97.5,Low,0,No failure,0
8440,L55619,0,0.01,99.0,Low,0,No failure,0
8441,L55620,0,0.005,99.5,Low,0,No failure,0
8442,L55621,0,0.0,100.0,Low,0,No failure,0
8443,L55622,0,0.0,100.0,Low,0,No failure,0
8444,M23303,0,0.0,100.0,Low,0,No failure,0
8445,M23304,0,0.0,100.0,Low,0,No failure,0
8446,M23305,0,0.0,100.0,Low,0,No failure,0
8447,L55626,0,0.0,100.0,Low,0,No failure,0
8448,L55627,0,0.0025,99.8,Low,0,No failure,0
8449,L55628,0,0.0,100.0,Low,0,No failure,0
8450,L55629,0,0.0,100.0,Low,0,No failure,0
8451,L55630,0,0.0,100.0,Low,0,No failure,0
8452,L55631,0,0.0,100.0,Low,0,No failure,0
8453,M23312,0,0.0,100.0,Low,0,No failure,0
8454,L55633,0,0.0,100.0,Low,0,No failure,0
8455,L55634,0,0.0,100.0,Low,0,No failure,0
8456,L55635,0,0.0175,98.2,Low,0,No failure,0
8457,L55636,0,0.0,100.0,Low,0,No failure,0
8458,L55637,0,0.0,100.0,Low,0,No failure,0
8459,L55638,0,0.0,100.0,Low,0,No failure,0
8460,L55639,0,0.0,100.0,Low,0,No failure,0
8461,L55640,0,0.0025,99.8,Low,0,No failure,0
8462,L55641,0,0.0,100.0,Low,0,No failure,0
8463,M23322,0,0.0,100.0,Low,0,No failure,0
8464,M23323,0,0.0,100.0,Low,0,No failure,0
8465,H37878,0,0.0,100.0,Low,0,No failure,0
8466,M23325,0,0.0,100.0,Low,0,No failure,0
8467,L55646,0,0.0,100.0,Low,0,No failure,0
8468,L55647,0,0.0,100.0,Low,0,No failure,0
8469,H37882,0,0.0,100.0,Low,0,No failure,0
8470,M23329,0,0.0575,94.2,Low,0,No failure,0
8471,L55650,0,0.0,100.0,Low,0,No failure,0
8472,L55651,0,0.0025,99.8,Low,0,No failure,0
8473,L55652,0,0.0,100.0,Low,0,No failure,0
8474,M23333,0,0.0,100.0,Low,0,No failure,0
8475,M23334,0,0.0,100.0,Low,0,No failure,0
8476,M23335,0,0.0,100.0,Low,0,No failure,0
8477,L55656,0,0.0,100.0,Low,0,No failure,0
8478,H37891,0,0.0,100.0,Low,0,No failure,0
8479,M23338,0,0.0175,98.2,Low,0,No failure,0
8480,L55659,0,0.0,100.0,Low,0,No failure,0
8481,L55660,0,0.0,100.0,Low,0,No failure,0
8482,M23341,0,0.0,100.0,Low,0,No failure,0
8483,L55662,0,0.0,100.0,Low,0,No failure,0
8484,L55663,0,0.0,100.0,Low,0,No failure,0
8485,L55664,0,0.0,100.0,Low,0,No failure,0
8486,L55665,0,0.0,100.0,Low,0,No failure,0
8487,M23346,0,0.0,100.0,Low,0,No failure,0
8488,L55667,0,0.0,100.0,Low,0,No failure,0
8489,L55668,0,0.0025,99.8,Low,0,No failure,0
8490,L55669,0,0.0,100.0,Low,0,No failure,0
8491,M23350,0,0.0,100.0,Low,0,No failure,0
8492,L55671,0,0.0,100.0,Low,0,No failure,0
8493,M23352,0,0.0,100.0,Low,0,No failure,0
8494,M23353,0,0.0,100.0,Low,0,No failure,0
8495,L55674,0,0.0,100.0,Low,0,No failure,0
8496,L55675,0,0.0,100.0,Low,0,No failure,0
8497,M23356,0,0.0,100.0,Low,0,No failure,0
8498,M23357,0,0.0,100.0,Low,0,No failure,0
8499,L55678,0,0.0,100.0,Low,0,No failure,0
8500,L55679,0,0.0,100.0,Low,0,No failure,0
8501,L55680,0,0.0,100.0,Low,0,No failure,0
8502,L55681,0,0.0,100.0,Low,0,No failure,0
8503,H37916,0,0.0075,99.2,Low,0,No failure,0
8504,L55683,0,0.0,100.0,Low,0,No failure,0
8505,L55684,0,0.0,100.0,Low,0,No failure,0
8506,L55685,0,0.0,100.0,Low,0,No failure,0
8507,L55686,1,0.0,100.0,Low,0,Failure (Cause not logged),1
8508,L55687,0,0.0,100.0,Low,0,No failure,0
8509,M23368,0,0.0,100.0,Low,0,No failure,0
8510,M23369,0,0.0125,98.8,Low,0,No failure,0
8511,L55690,0,0.0,100.0,Low,0,No failure,0
8512,L55691,0,0.0,100.0,Low,0,No failure,0
8513,H37926,0,0.0,100.0,Low,0,No failure,0
8514,M23373,0,0.0,100.0,Low,0,No failure,0
8515,L55694,0,0.0,100.0,Low,0,No failure,0
8516,L55695,0,0.0,100.0,Low,0,No failure,0
8517,L55696,0,0.0,100.0,Low,0,No failure,0
8518,M23377,0,0.0175,98.2,Low,0,No failure,0
8519,M23378,0,0.0,100.0,Low,0,No failure,0
8520,L55699,0,0.0,100.0,Low,0,No failure,0
8521,M23380,0,0.0025,99.8,Low,0,No failure,0
8522,L55701,0,0.0375,96.2,Low,0,No failure,0
8523,H37936,0,0.0,100.0,Low,0,No failure,0
8524,H37937,0,0.0,100.0,Low,0,No failure,0
8525,L55704,0,0.0,100.0,Low,0,No failure,0
8526,L55705,0,0.0025,99.8,Low,0,No failure,0
8527,L55706,0,0.0025,99.8,Low,0,No failure,0
8528,L55707,0,0.0,100.0,Low,0,No failure,0
8529,L55708,0,0.0,100.0,Low,0,No failure,0
8530,M23389,0,0.0,100.0,Low,0,No failure,0
8531,M23390,0,0.0,100.0,Low,0,No failure,0
8532,L55711,0,0.0,100.0,Low,0,No failure,0
8533,L55712,0,0.0,100.0,Low,0,No failure,0
8534,M23393,0,0.0,100.0,Low,0,No failure,0
8535,M23394,0,0.0,100.0,Low,0,No failure,0
8536,L55715,0,0.0,100.0,Low,0,No failure,0
8537,M23396,0,0.0,100.0,Low,0,No failure,0
8538,L55717,0,0.0,100.0,Low,0,No failure,0
8539,L55718,0,0.0,100.0,Low,0,No failure,0
8540,L55719,0,0.0,100.0,Low,0,No failure,0
8541,L55720,0,0.0,100.0,Low,0,No failure,0
8542,L55721,0,0.0,100.0,Low,0,No failure,0
8543,H37956,0,0.0,100.0,Low,0,No failure,0
8544,M23403,0,0.0,100.0,Low,0,No failure,0
8545,H37958,0,0.0,100.0,Low,0,No failure,0
8546,L55725,0,0.0,100.0,Low,0,No failure,0
8547,L55726,0,0.0,100.0,Low,0,No failure,0
8548,M23407,0,0.0,100.0,Low,0,No failure,0
8549,L55728,0,0.0,100.0,Low,0,No failure,0
8550,L55729,0,0.0,100.0,Low,0,No failure,0
8551,L55730,0,0.0,100.0,Low,0,No failure,0
8552,M23411,0,0.0,100.0,Low,0,No failure,0
8553,L55732,0,0.0,100.0,Low,0,No failure,0
8554,M23413,0,0.0,100.0,Low,0,No failure,0
8555,L55734,0,0.0,100.0,Low,0,No failure,0
8556,L55735,0,0.0,100.0,Low,0,No failure,0
8557,L55736,0,0.0,100.0,Low,0,No failure,0
8558,L55737,0,0.0,100.0,Low,0,No failure,0
8559,M23418,0,0.0,100.0,Low,0,No failure,0
8560,L55739,0,0.0,100.0,Low,0,No failure,0
8561,L55740,0,0.0,100.0,Low,0,No failure,0
8562,L55741,0,0.0,100.0,Low,0,No failure,0
8563,L55742,0,0.0,100.0,Low,0,No failure,0
8564,L55743,0,0.0,100.0,Low,0,No failure,0
8565,M23424,0,0.0,100.0,Low,0,No failure,0
8566,L55745,0,0.0,100.0,Low,0,No failure,0
8567,M23426,0,0.0,100.0,Low,0,No failure,0
8568,L55747,0,0.0,100.0,Low,0,No failure,0
8569,L55748,0,0.0,100.0,Low,0,No failure,0
8570,L55749,0,0.0,100.0,Low,0,No failure,0
8571,H37984,0,0.0,100.0,Low,0,No failure,0
8572,L55751,0,0.03,97.0,Low,0,No failure,0
8573,M23432,0,0.0,100.0,Low,0,No failure,0
8574,L55753,0,0.0,100.0,Low,0,No failure,0
8575,L55754,0,0.0025,99.8,Low,0,No failure,0
8576,M23435,0,0.0,100.0,Low,0,No failure,0
8577,L55756,0,0.0,100.0,Low,0,No failure,0
8578,L55757,0,0.0,100.0,Low,0,No failure,0
8579,L55758,0,0.0,100.0,Low,0,No failure,0
8580,M23439,0,0.0,100.0,Low,0,No failure,0
8581,L55760,0,0.0,100.0,Low,0,No failure,0
8582,M23441,0,0.0,100.0,Low,0,No failure,0
8583,M23442,1,0.87,13.0,High,1,Power Failure,0
8584,L55763,0,0.0025,99.8,Low,0,No failure,0
8585,L55764,0,0.0,100.0,Low,0,No failure,0
8586,M23445,0,0.0,100.0,Low,0,No failure,0
8587,H38000,0,0.0,100.0,Low,0,No failure,0
8588,M23447,0,0.0,100.0,Low,0,No failure,0
8589,L55768,0,0.0025,99.8,Low,0,No failure,0
8590,M23449,0,0.0,100.0,Low,0,No failure,0
8591,L55770,0,0.0,100.0,Low,0,No failure,0
8592,L55771,0,0.0025,99.8,Low,0,No failure,0
8593,M23452,0,0.0,100.0,Low,0,No failure,0
8594,M23453,0,0.0,100.0,Low,0,No failure,0
8595,L55774,0,0.0025,99.8,Low,0,No failure,0
8596,M23455,0,0.0,100.0,Low,0,No failure,0
8597,L55776,0,0.1225,87.8,Low,0,No failure,0
8598,L55777,0,0.0025,99.8,Low,0,No failure,0
8599,L55778,0,0.0,100.0,Low,0,No failure,0
8600,L55779,0,0.0,100.0,Low,0,No failure,0
8601,L55780,0,0.0,100.0,Low,0,No failure,0
8602,H38015,0,0.0075,99.2,Low,0,No failure,0
8603,L55782,0,0.005,99.5,Low,0,No failure,0
8604,H38017,0,0.04,96.0,Low,0,No failure,0
8605,L55784,0,0.1575,84.2,Low,0,No failure,0
8606,L55785,0,0.015,98.5,Low,0,No failure,0
8607,M23466,0,0.0075,99.2,Low,0,No failure,0
8608,L55787,0,0.1825,81.8,Low,0,No failure,0
8609,L55788,1,0.79,21.0,High,1,Overstrain Failure,0
8610,L55789,1,0.615,38.5,High,1,Tool Wear Failure,0
8611,L55790,0,0.0,100.0,Low,0,No failure,0
8612,L55791,0,0.0,100.0,Low,0,No failure,0
8613,L55792,0,0.0,100.0,Low,0,No failure,0
8614,M23473,0,0.005,99.5,Low,0,No failure,0
8615,L55794,0,0.0,100.0,Low,0,No failure,0
8616,L55795,0,0.005,99.5,Low,0,No failure,0
8617,L55796,0,0.0,100.0,Low,0,No failure,0
8618,L55797,0,0.0,100.0,Low,0,No failure,0
8619,L55798,0,0.0,100.0,Low,0,No failure,0
8620,H38033,0,0.0,100.0,Low,0,No failure,0
8621,L55800,0,0.0,100.0,Low,0,No failure,0
8622,M23481,0,0.0,100.0,Low,0,No failure,0
8623,L55802,0,0.0,100.0,Low,0,No failure,0
8624,M23483,0,0.0,100.0,Low,0,No failure,0
8625,H38038,0,0.0,100.0,Low,0,No failure,0
8626,L55805,0,0.0,100.0,Low,0,No failure,0
8627,L55806,0,0.0,100.0,Low,0,No failure,0
8628,L55807,0,0.0,100.0,Low,0,No failure,0
8629,L55808,0,0.0,100.0,Low,0,No failure,0
8630,H38043,0,0.0,100.0,Low,0,No failure,0
8631,L55810,0,0.0025,99.8,Low,0,No failure,0
8632,H38045,0,0.0,100.0,Low,0,No failure,0
8633,L55812,0,0.0,100.0,Low,0,No failure,0
8634,L55813,0,0.0,100.0,Low,0,No failure,0
8635,L55814,0,0.0,100.0,Low,0,No failure,0
8636,L55815,0,0.0,100.0,Low,0,No failure,0
8637,L55816,0,0.0,100.0,Low,0,No failure,0
8638,L55817,0,0.0,100.0,Low,0,No failure,0
8639,L55818,0,0.0,100.0,Low,0,No failure,0
8640,L55819,0,0.005,99.5,Low,0,No failure,0
8641,L55820,0,0.005,99.5,Low,0,No failure,0
8642,M23501,0,0.0,100.0,Low,0,No failure,0
8643,M23502,0,0.0,100.0,Low,0,No failure,0
8644,L55823,0,0.0025,99.8,Low,0,No failure,0
8645,M23504,0,0.0,100.0,Low,0,No failure,0
8646,M23505,0,0.0,100.0,Low,0,No failure,0
8647,L55826,0,0.0,100.0,Low,0,No failure,0
8648,L55827,0,0.0,100.0,Low,0,No failure,0
8649,M23508,0,0.0,100.0,Low,0,No failure,0
8650,L55829,0,0.0875,91.2,Low,0,No failure,0
8651,H38064,0,0.0,100.0,Low,0,No failure,0
8652,M23511,0,0.0,100.0,Low,0,No failure,0
8653,H38066,0,0.0,100.0,Low,0,No failure,0
8654,M23513,0,0.0025,99.8,Low,0,No failure,0
8655,M23514,0,0.0,100.0,Low,0,No failure,0
8656,L55835,0,0.005,99.5,Low,0,No failure,0
8657,M23516,0,0.0,100.0,Low,0,No failure,0
8658,L55837,0,0.0,100.0,Low,0,No failure,0
8659,L55838,0,0.0,100.0,Low,0,No failure,0
8660,L55839,0,0.0,100.0,Low,0,No failure,0
8661,L55840,0,0.0,100.0,Low,0,No failure,0
8662,L55841,0,0.0,100.0,Low,0,No failure,0
8663,L55842,0,0.0,100.0,Low,0,No failure,0
8664,L55843,0,0.0,100.0,Low,0,No failure,0
8665,H38078,0,0.01,99.0,Low,0,No failure,0
8666,L55845,0,0.0,100.0,Low,0,No failure,0
8667,L55846,0,0.0,100.0,Low,0,No failure,0
8668,M23527,0,0.0025,99.8,Low,0,No failure,0
8669,L55848,0,0.0,100.0,Low,0,No failure,0
8670,M23529,0,0.0,100.0,Low,0,No failure,0
8671,L55850,0,0.0,100.0,Low,0,No failure,0
8672,L55851,0,0.0,100.0,Low,0,No failure,0
8673,L55852,0,0.0,100.0,Low,0,No failure,0
8674,L55853,0,0.0,100.0,Low,0,No failure,0
8675,M23534,0,0.0,100.0,Low,0,No failure,0
8676,H38089,0,0.0,100.0,Low,0,No failure,0
8677,M23536,0,0.0,100.0,Low,0,No failure,0
8678,M23537,0,0.0,100.0,Low,0,No failure,0
8679,L55858,0,0.0,100.0,Low,0,No failure,0
8680,L55859,0,0.01,99.0,Low,0,No failure,0
8681,L55860,0,0.0,100.0,Low,0,No failure,0
8682,L55861,0,0.0,100.0,Low,0,No failure,0
8683,M23542,0,0.0,100.0,Low,0,No failure,0
8684,L55863,0,0.0,100.0,Low,0,No failure,0
8685,L55864,0,0.0,100.0,Low,0,No failure,0
8686,H38099,0,0.0,100.0,Low,0,No failure,0
8687,M23546,0,0.0,100.0,Low,0,No failure,0
8688,M23547,0,0.0,100.0,Low,0,No failure,0
8689,L55868,0,0.025,97.5,Low,0,No failure,0
8690,L55869,0,0.005,99.5,Low,0,No failure,0
8691,L55870,1,0.68,32.0,High,1,Tool Wear Failure,0
8692,L55871,0,0.0,100.0,Low,0,No failure,0
8693,L55872,0,0.0,100.0,Low,0,No failure,0
8694,M23553,0,0.0,100.0,Low,0,No failure,0
8695,L55874,0,0.0,100.0,Low,0,No failure,0
8696,M23555,0,0.0,100.0,Low,0,No failure,0
8697,L55876,0,0.0025,99.8,Low,0,No failure,0
8698,L55877,0,0.0,100.0,Low,0,No failure,0
8699,H38112,0,0.0,100.0,Low,0,No failure,0
8700,M23559,0,0.0,100.0,Low,0,No failure,0
8701,M23560,0,0.0,100.0,Low,0,No failure,0
8702,M23561,0,0.0,100.0,Low,0,No failure,0
8703,L55882,0,0.0,100.0,Low,0,No failure,0
8704,M23563,0,0.0025,99.8,Low,0,No failure,0
8705,L55884,0,0.0,100.0,Low,0,No failure,0
8706,L55885,0,0.0,100.0,Low,0,No failure,0
8707,L55886,0,0.0,100.0,Low,0,No failure,0
8708,L55887,0,0.0,100.0,Low,0,No failure,0
8709,M23568,0,0.0,100.0,Low,0,No failure,0
8710,L55889,0,0.0,100.0,Low,0,No failure,0
8711,L55890,0,0.0,100.0,Low,0,No failure,0
8712,L55891,0,0.0,100.0,Low,0,No failure,0
8713,L55892,0,0.0,100.0,Low,0,No failure,0
8714,L55893,0,0.0,100.0,Low,0,No failure,0
8715,M23574,0,0.0,100.0,Low,0,No failure,0
8716,L55895,0,0.0,100.0,Low,0,No failure,0
8717,M23576,0,0.0,100.0,Low,0,No failure,0
8718,L55897,0,0.0,100.0,Low,0,No failure,0
8719,L55898,0,0.0,100.0,Low,0,No failure,0
8720,L55899,0,0.0,100.0,Low,0,No failure,0
8721,L55900,0,0.0,100.0,Low,0,No failure,0
8722,L55901,0,0.0,100.0,Low,0,No failure,0
8723,L55902,0,0.0025,99.8,Low,0,No failure,0
8724,L55903,0,0.0,100.0,Low,0,No failure,0
8725,M23584,0,0.0,100.0,Low,0,No failure,0
8726,M23585,0,0.0,100.0,Low,0,No failure,0
8727,L55906,0,0.0,100.0,Low,0,No failure,0
8728,L55907,0,0.0,100.0,Low,0,No failure,0
8729,M23588,0,0.0,100.0,Low,0,No failure,0
8730,L55909,0,0.0,100.0,Low,0,No failure,0
8731,H38144,0,0.0,100.0,Low,0,No failure,0
8732,H38145,0,0.0,100.0,Low,0,No failure,0
8733,L55912,0,0.0,100.0,Low,0,No failure,0
8734,M23593,0,0.0,100.0,Low,0,No failure,0
8735,L55914,0,0.0,100.0,Low,0,No failure,0
8736,L55915,0,0.0,100.0,Low,0,No failure,0
8737,L55916,0,0.0,100.0,Low,0,No failure,0
8738,L55917,0,0.0,100.0,Low,0,No failure,0
8739,L55918,0,0.0,100.0,Low,0,No failure,0
8740,H38153,0,0.0,100.0,Low,0,No failure,0
8741,M23600,0,0.0,100.0,Low,0,No failure,0
8742,L55921,0,0.0,100.0,Low,0,No failure,0
8743,L55922,0,0.0,100.0,Low,0,No failure,0
8744,H38157,0,0.0,100.0,Low,0,No failure,0
8745,M23604,0,0.0,100.0,Low,0,No failure,0
8746,L55925,0,0.0,100.0,Low,0,No failure,0
8747,L55926,0,0.0,100.0,Low,0,No failure,0
8748,L55927,0,0.0,100.0,Low,0,No failure,0
8749,L55928,0,0.0025,99.8,Low,0,No failure,0
8750,L55929,0,0.0,100.0,Low,0,No failure,0
8751,L55930,0,0.0,100.0,Low,0,No failure,0
8752,M23611,0,0.0,100.0,Low,0,No failure,0
8753,M23612,0,0.0,100.0,Low,0,No failure,0
8754,M23613,0,0.0,100.0,Low,0,No failure,0
8755,L55934,0,0.0,100.0,Low,0,No failure,0
8756,M23615,0,0.0,100.0,Low,0,No failure,0
8757,L55936,0,0.0,100.0,Low,0,No failure,0
8758,L55937,0,0.0,100.0,Low,0,No failure,0
8759,M23618,0,0.0,100.0,Low,0,No failure,0
8760,M23619,0,0.0,100.0,Low,0,No failure,0
8761,M23620,0,0.0025,99.8,Low,0,No failure,0
8762,L55941,0,0.0,100.0,Low,0,No failure,0
8763,H38176,0,0.0,100.0,Low,0,No failure,0
8764,L55943,0,0.0,100.0,Low,0,No failure,0
8765,L55944,0,0.0,100.0,Low,0,No failure,0
8766,L55945,0,0.01,99.0,Low,0,No failure,0
8767,L55946,0,0.0325,96.8,Low,0,No failure,0
8768,L55947,0,0.1225,87.8,Low,0,No failure,0
8769,M23628,0,0.0125,98.8,Low,0,No failure,0
8770,M23629,0,0.0,100.0,Low,0,No failure,0
8771,L55950,0,0.0025,99.8,Low,0,No failure,0
8772,L55951,0,0.0,100.0,Low,0,No failure,0
8773,L55952,0,0.0,100.0,Low,0,No failure,0
8774,L55953,0,0.0,100.0,Low,0,No failure,0
8775,M23634,0,0.0,100.0,Low,0,No failure,0
8776,H38189,0,0.0,100.0,Low,0,No failure,0
8777,L55956,0,0.0,100.0,Low,0,No failure,0
8778,H38191,0,0.0,100.0,Low,0,No failure,0
8779,L55958,0,0.0,100.0,Low,0,No failure,0
8780,M23639,0,0.0,100.0,Low,0,No failure,0
8781,M23640,0,0.0,100.0,Low,0,No failure,0
8782,L55961,0,0.0,100.0,Low,0,No failure,0
8783,L55962,0,0.0,100.0,Low,0,No failure,0
8784,M23643,0,0.0,100.0,Low,0,No failure,0
8785,L55964,0,0.0,100.0,Low,0,No failure,0
8786,L55965,0,0.0,100.0,Low,0,No failure,0
8787,L55966,0,0.0,100.0,Low,0,No failure,0
8788,M23647,0,0.0,100.0,Low,0,No failure,0
8789,L55968,0,0.0075,99.2,Low,0,No failure,0
8790,L55969,0,0.0,100.0,Low,0,No failure,0
8791,L55970,0,0.0,100.0,Low,0,No failure,0
8792,M23651,0,0.0,100.0,Low,0,No failure,0
8793,L55972,0,0.0,100.0,Low,0,No failure,0
8794,L55973,0,0.0,100.0,Low,0,No failure,0
8795,M23654,0,0.0,100.0,Low,0,No failure,0
8796,L55975,0,0.0,100.0,Low,0,No failure,0
8797,L55976,0,0.0,100.0,Low,0,No failure,0
8798,L55977,0,0.0,100.0,Low,0,No failure,0
8799,L55978,0,0.0,100.0,Low,0,No failure,0
8800,L55979,0,0.0,100.0,Low,0,No failure,0
8801,L55980,0,0.0,100.0,Low,0,No failure,0
8802,L55981,0,0.0,100.0,Low,0,No failure,0
8803,L55982,0,0.0,100.0,Low,0,No failure,0
8804,L55983,0,0.0,100.0,Low,0,No failure,0
8805,M23664,0,0.0125,98.8,Low,0,No failure,0
8806,M23665,0,0.0,100.0,Low,0,No failure,0
8807,L55986,0,0.0,100.0,Low,0,No failure,0
8808,M23667,0,0.0,100.0,Low,0,No failure,0
8809,L55988,0,0.0,100.0,Low,0,No failure,0
8810,L55989,0,0.0,100.0,Low,0,No failure,0
8811,M23670,0,0.0,100.0,Low,0,No failure,0
8812,L55991,0,0.0,100.0,Low,0,No failure,0
8813,M23672,0,0.0,100.0,Low,0,No failure,0
8814,L55993,0,0.0,100.0,Low,0,No failure,0
8815,L55994,0,0.0,100.0,Low,0,No failure,0
8816,H38229,0,0.0025,99.8,Low,0,No failure,0
8817,M23676,0,0.0,100.0,Low,0,No failure,0
8818,H38231,0,0.0,100.0,Low,0,No failure,0
8819,M23678,0,0.0,100.0,Low,0,No failure,0
8820,H38233,0,0.0,100.0,Low,0,No failure,0
8821,L56000,0,0.0,100.0,Low,0,No failure,0
8822,H38235,0,0.0,100.0,Low,0,No failure,0
8823,L56002,0,0.0,100.0,Low,0,No failure,0
8824,M23683,0,0.0125,98.8,Low,0,No failure,0
8825,M23684,0,0.0,100.0,Low,0,No failure,0
8826,M23685,0,0.0,100.0,Low,0,No failure,0
8827,M23686,0,0.0,100.0,Low,0,No failure,0
8828,L56007,0,0.0,100.0,Low,0,No failure,0
8829,L56008,0,0.0,100.0,Low,0,No failure,0
8830,M23689,0,0.0,100.0,Low,0,No failure,0
8831,H38244,0,0.0,100.0,Low,0,No failure,0
8832,H38245,0,0.0,100.0,Low,0,No failure,0
8833,L56012,0,0.0,100.0,Low,0,No failure,0
8834,L56013,0,0.0,100.0,Low,0,No failure,0
8835,L56014,0,0.0,100.0,Low,0,No failure,0
8836,H38249,0,0.0,100.0,Low,0,No failure,0
8837,L56016,0,0.0,100.0,Low,0,No failure,0
8838,M23697,0,0.0025,99.8,Low,0,No failure,0
8839,L56018,0,0.0,100.0,Low,0,No failure,0
8840,M23699,0,0.01,99.0,Low,0,No failure,0
8841,M23700,0,0.0,100.0,Low,0,No failure,0
8842,L56021,0,0.0,100.0,Low,0,No failure,0
8843,L56022,0,0.0,100.0,Low,0,No failure,0
8844,H38257,0,0.0,100.0,Low,0,No failure,0
8845,H38258,0,0.0,100.0,Low,0,No failure,0
8846,M23705,0,0.185,81.5,Low,0,No failure,0
8847,M23706,1,0.7175,28.2,High,1,Multiple causes,0
8848,L56027,0,0.0,100.0,Low,0,No failure,0
8849,M23708,0,0.0,100.0,Low,0,No failure,0
8850,L56029,0,0.0,100.0,Low,0,No failure,0
8851,L56030,0,0.0,100.0,Low,0,No failure,0
8852,M23711,0,0.0,100.0,Low,0,No failure,0
8853,L56032,0,0.0,100.0,Low,0,No failure,0
8854,L56033,0,0.0,100.0,Low,0,No failure,0
8855,M23714,0,0.0,100.0,Low,0,No failure,0
8856,L56035,0,0.0,100.0,Low,0,No failure,0
8857,M23716,0,0.13,87.0,Low,0,No failure,0
8858,L56037,0,0.0,100.0,Low,0,No failure,0
8859,L56038,0,0.0,100.0,Low,0,No failure,0
8860,L56039,0,0.0,100.0,Low,0,No failure,0
8861,M23720,0,0.0,100.0,Low,0,No failure,0
8862,L56041,0,0.0,100.0,Low,0,No failure,0
8863,M23722,0,0.0,100.0,Low,0,No failure,0
8864,L56043,0,0.0,100.0,Low,0,No failure,0
8865,M23724,0,0.0,100.0,Low,0,No failure,0
8866,L56045,0,0.0,100.0,Low,0,No failure,0
8867,H38280,0,0.0,100.0,Low,0,No failure,0
8868,L56047,0,0.0,100.0,Low,0,No failure,0
8869,L56048,0,0.0,100.0,Low,0,No failure,0
8870,L56049,0,0.0,100.0,Low,0,No failure,0
8871,M23730,0,0.0,100.0,Low,0,No failure,0
8872,M23731,0,0.0,100.0,Low,0,No failure,0
8873,M23732,0,0.0,100.0,Low,0,No failure,0
8874,H38287,0,0.0,100.0,Low,0,No failure,0
8875,L56054,0,0.0,100.0,Low,0,No failure,0
8876,H38289,0,0.0,100.0,Low,0,No failure,0
8877,M23736,0,0.0,100.0,Low,0,No failure,0
8878,M23737,0,0.0,100.0,Low,0,No failure,0
8879,L56058,0,0.0,100.0,Low,0,No failure,0
8880,L56059,0,0.0,100.0,Low,0,No failure,0
8881,L56060,0,0.0,100.0,Low,0,No failure,0
8882,H38295,0,0.0,100.0,Low,0,No failure,0
8883,L56062,0,0.0,100.0,Low,0,No failure,0
8884,M23743,0,0.0,100.0,Low,0,No failure,0
8885,L56064,0,0.0,100.0,Low,0,No failure,0
8886,M23745,0,0.0,100.0,Low,0,No failure,0
8887,L56066,0,0.0,100.0,Low,0,No failure,0
8888,L56067,0,0.0025,99.8,Low,0,No failure,0
8889,M23748,0,0.0,100.0,Low,0,No failure,0
8890,M23749,0,0.0,100.0,Low,0,No failure,0
8891,L56070,0,0.0,100.0,Low,0,No failure,0
8892,M23751,0,0.0,100.0,Low,0,No failure,0
8893,L56072,0,0.0,100.0,Low,0,No failure,0
8894,L56073,0,0.0,100.0,Low,0,No failure,0
8895,M23754,0,0.0,100.0,Low,0,No failure,0
8896,H38309,0,0.0,100.0,Low,0,No failure,0
8897,L56076,0,0.0,100.0,Low,0,No failure,0
8898,M23757,0,0.0,100.0,Low,0,No failure,0
8899,L56078,0,0.0,100.0,Low,0,No failure,0
8900,M23759,0,0.0,100.0,Low,0,No failure,0
8901,M23760,0,0.0,100.0,Low,0,No failure,0
8902,L56081,0,0.0,100.0,Low,0,No failure,0
8903,H38316,0,0.0,100.0,Low,0,No failure,0
8904,M23763,0,0.0025,99.8,Low,0,No failure,0
8905,L56084,0,0.0,100.0,Low,0,No failure,0
8906,L56085,0,0.005,99.5,Low,0,No failure,0
8907,L56086,0,0.0,100.0,Low,0,No failure,0
8908,M23767,0,0.0,100.0,Low,0,No failure,0
8909,L56088,0,0.0,100.0,Low,0,No failure,0
8910,L56089,0,0.0,100.0,Low,0,No failure,0
8911,L56090,0,0.0,100.0,Low,0,No failure,0
8912,L56091,0,0.0,100.0,Low,0,No failure,0
8913,L56092,0,0.0,100.0,Low,0,No failure,0
8914,M23773,0,0.0,100.0,Low,0,No failure,0
8915,M23774,0,0.0175,98.2,Low,0,No failure,0
8916,L56095,0,0.0025,99.8,Low,0,No failure,0
8917,L56096,0,0.0475,95.2,Low,0,No failure,0
8918,M23777,0,0.0,100.0,Low,0,No failure,0
8919,L56098,0,0.005,99.5,Low,0,No failure,0
8920,L56099,0,0.0,100.0,Low,0,No failure,0
8921,L56100,0,0.0,100.0,Low,0,No failure,0
8922,L56101,0,0.0,100.0,Low,0,No failure,0
8923,L56102,0,0.0,100.0,Low,0,No failure,0
8924,M23783,0,0.005,99.5,Low,0,No failure,0
8925,H38338,0,0.0025,99.8,Low,0,No failure,0
8926,M23785,0,0.01,99.0,Low,0,No failure,0
8927,M23786,1,0.7,30.0,High,1,Multiple causes,0
8928,M23787,0,0.005,99.5,Low,0,No failure,0
8929,L56108,0,0.0075,99.2,Low,0,No failure,0
8930,M23789,0,0.0175,98.2,Low,0,No failure,0
8931,L56110,0,0.0,100.0,Low,0,No failure,0
8932,L56111,0,0.0,100.0,Low,0,No failure,0
8933,L56112,0,0.0,100.0,Low,0,No failure,0
8934,M23793,0,0.0,100.0,Low,0,No failure,0
8935,L56114,0,0.0,100.0,Low,0,No failure,0
8936,L56115,0,0.0,100.0,Low,0,No failure,0
8937,L56116,0,0.0,100.0,Low,0,No failure,0
8938,M23797,0,0.0,100.0,Low,0,No failure,0
8939,M23798,0,0.0,100.0,Low,0,No failure,0
8940,M23799,0,0.0,100.0,Low,0,No failure,0
8941,H38354,0,0.0,100.0,Low,0,No failure,0
8942,M23801,0,0.0,100.0,Low,0,No failure,0
8943,L56122,0,0.0,100.0,Low,0,No failure,0
8944,M23803,0,0.0,100.0,Low,0,No failure,0
8945,L56124,0,0.0,100.0,Low,0,No failure,0
8946,L56125,0,0.0,100.0,Low,0,No failure,0
8947,M23806,0,0.0,100.0,Low,0,No failure,0
8948,M23807,0,0.0,100.0,Low,0,No failure,0
8949,M23808,0,0.0,100.0,Low,0,No failure,0
8950,L56129,0,0.0,100.0,Low,0,No failure,0
8951,L56130,0,0.0,100.0,Low,0,No failure,0
8952,L56131,0,0.0,100.0,Low,0,No failure,0
8953,M23812,0,0.0,100.0,Low,0,No failure,0
8954,L56133,0,0.0,100.0,Low,0,No failure,0
8955,L56134,0,0.0,100.0,Low,0,No failure,0
8956,M23815,0,0.0,100.0,Low,0,No failure,0
8957,L56136,0,0.0,100.0,Low,0,No failure,0
8958,L56137,0,0.0,100.0,Low,0,No failure,0
8959,M23818,0,0.0,100.0,Low,0,No failure,0
8960,L56139,0,0.0,100.0,Low,0,No failure,0
8961,L56140,0,0.0,100.0,Low,0,No failure,0
8962,M23821,0,0.0,100.0,Low,0,No failure,0
8963,L56142,0,0.0,100.0,Low,0,No failure,0
8964,M23823,0,0.0025,99.8,Low,0,No failure,0
8965,M23824,0,0.0,100.0,Low,0,No failure,0
8966,L56145,0,0.0,100.0,Low,0,No failure,0
8967,L56146,0,0.0,100.0,Low,0,No failure,0
8968,L56147,0,0.0,100.0,Low,0,No failure,0
8969,L56148,0,0.0,100.0,Low,0,No failure,0
8970,L56149,0,0.0,100.0,Low,0,No failure,0
8971,L56150,0,0.0,100.0,Low,0,No failure,0
8972,L56151,0,0.0,100.0,Low,0,No failure,0
8973,M23832,0,0.0,100.0,Low,0,No failure,0
8974,L56153,0,0.0,100.0,Low,0,No failure,0
8975,L56154,0,0.0,100.0,Low,0,No failure,0
8976,H38389,0,0.0,100.0,Low,0,No failure,0
8977,L56156,0,0.0,100.0,Low,0,No failure,0
8978,M23837,0,0.0,100.0,Low,0,No failure,0
8979,L56158,0,0.0,100.0,Low,0,No failure,0
8980,M23839,0,0.0,100.0,Low,0,No failure,0
8981,L56160,0,0.0,100.0,Low,0,No failure,0
8982,L56161,0,0.0,100.0,Low,0,No failure,0
8983,L56162,0,0.02,98.0,Low,0,No failure,0
8984,M23843,0,0.005,99.5,Low,0,No failure,0
8985,L56164,0,0.0575,94.2,Low,0,No failure,0
8986,L56165,0,0.0,100.0,Low,0,No failure,0
8987,M23846,0,0.0,100.0,Low,0,No failure,0
8988,L56167,0,0.0,100.0,Low,0,No failure,0
8989,L56168,0,0.0,100.0,Low,0,No failure,0
8990,L56169,0,0.0,100.0,Low,0,No failure,0
8991,L56170,0,0.0,100.0,Low,0,No failure,0
8992,M23851,0,0.0,100.0,Low,0,No failure,0
8993,H38406,0,0.0,100.0,Low,0,No failure,0
8994,M23853,0,0.0,100.0,Low,0,No failure,0
8995,M23854,0,0.0,100.0,Low,0,No failure,0
8996,L56175,0,0.0,100.0,Low,0,No failure,0
8997,L56176,0,0.0,100.0,Low,0,No failure,0
8998,M23857,0,0.0,100.0,Low,0,No failure,0
8999,L56178,0,0.0,100.0,Low,0,No failure,0
9000,L56179,0,0.0,100.0,Low,0,No failure,0
9001,L56180,0,0.0,100.0,Low,0,No failure,0
9002,L56181,0,0.0,100.0,Low,0,No failure,0
9003,L56182,0,0.0,100.0,Low,0,No failure,0
9004,L56183,0,0.0,100.0,Low,0,No failure,0
9005,M23864,0,0.0,100.0,Low,0,No failure,0
9006,L56185,0,0.055,94.5,Low,0,No failure,0
9007,L56186,0,0.0,100.0,Low,0,No failure,0
9008,L56187,0,0.0025,99.8,Low,0,No failure,0
9009,M23868,0,0.0,100.0,Low,0,No failure,0
9010,L56189,0,0.0,100.0,Low,0,No failure,0
9011,L56190,0,0.0,100.0,Low,0,No failure,0
9012,M23871,0,0.0,100.0,Low,0,No failure,0
9013,L56192,0,0.02,98.0,Low,0,No failure,0
9014,H38427,0,0.0,100.0,Low,0,No failure,0
9015,M23874,1,0.5225,47.8,Medium,1,Overstrain Failure,0
9016,L56195,1,0.125,87.5,Low,0,Failure (Cause not logged),1
9017,L56196,1,0.8375,16.2,High,1,Overstrain Failure,0
9018,M23877,0,0.0275,97.2,Low,0,No failure,0
9019,L56198,1,0.6225,37.7,High,1,Tool Wear Failure,0
9020,L56199,0,0.0,100.0,Low,0,No failure,0
9021,L56200,0,0.0,100.0,Low,0,No failure,0
9022,M23881,0,0.0,100.0,Low,0,No failure,0
9023,L56202,0,0.0,100.0,Low,0,No failure,0
9024,L56203,0,0.0,100.0,Low,0,No failure,0
9025,L56204,0,0.0,100.0,Low,0,No failure,0
9026,L56205,0,0.0,100.0,Low,0,No failure,0
9027,M23886,0,0.0,100.0,Low,0,No failure,0
9028,M23887,0,0.0,100.0,Low,0,No failure,0
9029,L56208,0,0.0,100.0,Low,0,No failure,0
9030,L56209,0,0.0,100.0,Low,0,No failure,0
9031,M23890,0,0.0,100.0,Low,0,No failure,0
9032,H38445,0,0.0,100.0,Low,0,No failure,0
9033,L56212,0,0.0,100.0,Low,0,No failure,0
9034,L56213,0,0.0,100.0,Low,0,No failure,0
9035,H38448,0,0.0,100.0,Low,0,No failure,0
9036,M23895,0,0.0,100.0,Low,0,No failure,0
9037,L56216,0,0.0,100.0,Low,0,No failure,0
9038,L56217,0,0.0,100.0,Low,0,No failure,0
9039,L56218,0,0.025,97.5,Low,0,No failure,0
9040,M23899,0,0.0,100.0,Low,0,No failure,0
9041,L56220,0,0.0,100.0,Low,0,No failure,0
9042,L56221,0,0.12,88.0,Low,0,No failure,0
9043,M23902,0,0.0,100.0,Low,0,No failure,0
9044,L56223,0,0.0025,99.8,Low,0,No failure,0
9045,L56224,0,0.0,100.0,Low,0,No failure,0
9046,L56225,0,0.0,100.0,Low,0,No failure,0
9047,L56226,0,0.0,100.0,Low,0,No failure,0
9048,L56227,0,0.0,100.0,Low,0,No failure,0
9049,M23908,0,0.0,100.0,Low,0,No failure,0
9050,L56229,0,0.0,100.0,Low,0,No failure,0
9051,M23910,0,0.0,100.0,Low,0,No failure,0
9052,L56231,0,0.0,100.0,Low,0,No failure,0
9053,M23912,0,0.0,100.0,Low,0,No failure,0
9054,M23913,0,0.0,100.0,Low,0,No failure,0
9055,M23914,0,0.0,100.0,Low,0,No failure,0
9056,H38469,0,0.0,100.0,Low,0,No failure,0
9057,L56236,0,0.0,100.0,Low,0,No failure,0
9058,M23917,0,0.0,100.0,Low,0,No failure,0
9059,M23918,0,0.0,100.0,Low,0,No failure,0
9060,L56239,0,0.005,99.5,Low,0,No failure,0
9061,H38474,0,0.0,100.0,Low,0,No failure,0
9062,M23921,0,0.0,100.0,Low,0,No failure,0
9063,L56242,0,0.0,100.0,Low,0,No failure,0
9064,L56243,0,0.0,100.0,Low,0,No failure,0
9065,L56244,0,0.0,100.0,Low,0,No failure,0
9066,H38479,0,0.0,100.0,Low,0,No failure,0
9067,L56246,0,0.0,100.0,Low,0,No failure,0
9068,L56247,0,0.0,100.0,Low,0,No failure,0
9069,H38482,0,0.0,100.0,Low,0,No failure,0
9070,M23929,0,0.0,100.0,Low,0,No failure,0
9071,L56250,0,0.0,100.0,Low,0,No failure,0
9072,L56251,0,0.0,100.0,Low,0,No failure,0
9073,H38486,0,0.0,100.0,Low,0,No failure,0
9074,L56253,0,0.0,100.0,Low,0,No failure,0
9075,M23934,0,0.0,100.0,Low,0,No failure,0
9076,L56255,0,0.0025,99.8,Low,0,No failure,0
9077,L56256,0,0.0,100.0,Low,0,No failure,0
9078,L56257,0,0.0,100.0,Low,0,No failure,0
9079,L56258,0,0.0025,99.8,Low,0,No failure,0
9080,H38493,0,0.0,100.0,Low,0,No failure,0
9081,L56260,0,0.0025,99.8,Low,0,No failure,0
9082,L56261,0,0.0,100.0,Low,0,No failure,0
9083,L56262,0,0.0,100.0,Low,0,No failure,0
9084,M23943,0,0.0,100.0,Low,0,No failure,0
9085,L56264,1,0.8875,11.3,High,1,Multiple causes,0
9086,H38499,0,0.0,100.0,Low,0,No failure,0
9087,L56266,0,0.0,100.0,Low,0,No failure,0
9088,L56267,0,0.0,100.0,Low,0,No failure,0
9089,M23948,0,0.0,100.0,Low,0,No failure,0
9090,L56269,0,0.0,100.0,Low,0,No failure,0
9091,M23950,0,0.0,100.0,Low,0,No failure,0
9092,M23951,0,0.0,100.0,Low,0,No failure,0
9093,L56272,0,0.0,100.0,Low,0,No failure,0
9094,M23953,0,0.0,100.0,Low,0,No failure,0
9095,M23954,0,0.1725,82.8,Low,0,No failure,0
9096,L56275,0,0.005,99.5,Low,0,No failure,0
9097,L56276,0,0.0025,99.8,Low,0,No failure,0
9098,L56277,0,0.04,96.0,Low,0,No failure,0
9099,L56278,0,0.0,100.0,Low,0,No failure,0
9100,H38513,0,0.0,100.0,Low,0,No failure,0
9101,L56280,0,0.005,99.5,Low,0,No failure,0
9102,H38515,0,0.0,100.0,Low,0,No failure,0
9103,L56282,0,0.0,100.0,Low,0,No failure,0
9104,L56283,0,0.0,100.0,Low,0,No failure,0
9105,M23964,0,0.0,100.0,Low,0,No failure,0
9106,M23965,0,0.0,100.0,Low,0,No failure,0
9107,L56286,0,0.0,100.0,Low,0,No failure,0
9108,M23967,0,0.0,100.0,Low,0,No failure,0
9109,M23968,0,0.0,100.0,Low,0,No failure,0
9110,L56289,0,0.0,100.0,Low,0,No failure,0
9111,M23970,0,0.0,100.0,Low,0,No failure,0
9112,L56291,0,0.0,100.0,Low,0,No failure,0
9113,M23972,0,0.0,100.0,Low,0,No failure,0
9114,L56293,0,0.0,100.0,Low,0,No failure,0
9115,L56294,0,0.0,100.0,Low,0,No failure,0
9116,M23975,0,0.0,100.0,Low,0,No failure,0
9117,H38530,0,0.0,100.0,Low,0,No failure,0
9118,M23977,0,0.0,100.0,Low,0,No failure,0
9119,L56298,0,0.0,100.0,Low,0,No failure,0
9120,M23979,0,0.0,100.0,Low,0,No failure,0
9121,L56300,0,0.0,100.0,Low,0,No failure,0
9122,L56301,0,0.0,100.0,Low,0,No failure,0
9123,L56302,0,0.0,100.0,Low,0,No failure,0
9124,L56303,0,0.0,100.0,Low,0,No failure,0
9125,L56304,0,0.0,100.0,Low,0,No failure,0
9126,L56305,0,0.0,100.0,Low,0,No failure,0
9127,L56306,0,0.0,100.0,Low,0,No failure,0
9128,L56307,0,0.0,100.0,Low,0,No failure,0
9129,M23988,0,0.0,100.0,Low,0,No failure,0
9130,L56309,0,0.0,100.0,Low,0,No failure,0
9131,L56310,0,0.0,100.0,Low,0,No failure,0
9132,H38545,0,0.0,100.0,Low,0,No failure,0
9133,M23992,0,0.0,100.0,Low,0,No failure,0
9134,L56313,0,0.0,100.0,Low,0,No failure,0
9135,L56314,0,0.0,100.0,Low,0,No failure,0
9136,H38549,0,0.0,100.0,Low,0,No failure,0
9137,L56316,0,0.0,100.0,Low,0,No failure,0
9138,L56317,0,0.0,100.0,Low,0,No failure,0
9139,L56318,0,0.0,100.0,Low,0,No failure,0
9140,L56319,0,0.0,100.0,Low,0,No failure,0
9141,L56320,0,0.0,100.0,Low,0,No failure,0
9142,L56321,0,0.0,100.0,Low,0,No failure,0
9143,L56322,0,0.0,100.0,Low,0,No failure,0
9144,L56323,0,0.0,100.0,Low,0,No failure,0
9145,M24004,0,0.0,100.0,Low,0,No failure,0
9146,L56325,0,0.0,100.0,Low,0,No failure,0
9147,L56326,0,0.0,100.0,Low,0,No failure,0
9148,L56327,0,0.0,100.0,Low,0,No failure,0
9149,L56328,0,0.0,100.0,Low,0,No failure,0
9150,M24009,0,0.0,100.0,Low,0,No failure,0
9151,M24010,0,0.0,100.0,Low,0,No failure,0
9152,L56331,0,0.0025,99.8,Low,0,No failure,0
9153,L56332,0,0.0025,99.8,Low,0,No failure,0
9154,L56333,0,0.0,100.0,Low,0,No failure,0
9155,L56334,0,0.0,100.0,Low,0,No failure,0
9156,L56335,0,0.0,100.0,Low,0,No failure,0
9157,M24016,0,0.0,100.0,Low,0,No failure,0
9158,L56337,0,0.0,100.0,Low,0,No failure,0
9159,H38572,0,0.0,100.0,Low,0,No failure,0
9160,M24019,0,0.0,100.0,Low,0,No failure,0
9161,H38574,0,0.0,100.0,Low,0,No failure,0
9162,M24021,0,0.0,100.0,Low,0,No failure,0
9163,M24022,0,0.0,100.0,Low,0,No failure,0
9164,L56343,0,0.0,100.0,Low,0,No failure,0
9165,L56344,0,0.06,94.0,Low,0,No failure,0
9166,L56345,0,0.12,88.0,Low,0,No failure,0
9167,M24026,0,0.0025,99.8,Low,0,No failure,0
9168,M24027,0,0.0,100.0,Low,0,No failure,0
9169,H38582,0,0.0,100.0,Low,0,No failure,0
9170,L56349,0,0.0025,99.8,Low,0,No failure,0
9171,L56350,0,0.0,100.0,Low,0,No failure,0
9172,M24031,0,0.0025,99.8,Low,0,No failure,0
9173,L56352,0,0.0,100.0,Low,0,No failure,0
9174,H38587,0,0.005,99.5,Low,0,No failure,0
9175,L56354,1,0.59,41.0,Medium,1,Tool Wear Failure,0
9176,L56355,1,0.7475,25.2,High,1,Power Failure,0
9177,L56356,0,0.0,100.0,Low,0,No failure,0
9178,L56357,0,0.0,100.0,Low,0,No failure,0
9179,L56358,0,0.0025,99.8,Low,0,No failure,0
9180,H38593,0,0.0,100.0,Low,0,No failure,0
9181,L56360,0,0.0,100.0,Low,0,No failure,0
9182,L56361,0,0.0,100.0,Low,0,No failure,0
9183,M24042,0,0.0,100.0,Low,0,No failure,0
9184,L56363,0,0.0,100.0,Low,0,No failure,0
9185,L56364,0,0.0,100.0,Low,0,No failure,0
9186,L56365,0,0.0,100.0,Low,0,No failure,0
9187,L56366,0,0.0,100.0,Low,0,No failure,0
9188,L56367,0,0.0,100.0,Low,0,No failure,0
9189,L56368,0,0.0,100.0,Low,0,No failure,0
9190,L56369,0,0.0,100.0,Low,0,No failure,0
9191,M24050,0,0.0,100.0,Low,0,No failure,0
9192,M24051,0,0.005,99.5,Low,0,No failure,0
9193,L56372,0,0.0,100.0,Low,0,No failure,0
9194,M24053,0,0.0,100.0,Low,0,No failure,0
9195,L56374,0,0.0,100.0,Low,0,No failure,0
9196,L56375,0,0.0,100.0,Low,0,No failure,0
9197,L56376,0,0.0,100.0,Low,0,No failure,0
9198,M24057,0,0.0,100.0,Low,0,No failure,0
9199,M24058,0,0.0,100.0,Low,0,No failure,0
9200,L56379,0,0.0,100.0,Low,0,No failure,0
9201,M24060,0,0.0,100.0,Low,0,No failure,0
9202,L56381,0,0.0,100.0,Low,0,No failure,0
9203,L56382,0,0.0,100.0,Low,0,No failure,0
9204,L56383,0,0.0,100.0,Low,0,No failure,0
9205,L56384,0,0.0,100.0,Low,0,No failure,0
9206,L56385,0,0.0,100.0,Low,0,No failure,0
9207,M24066,0,0.0,100.0,Low,0,No failure,0
9208,L56387,0,0.0,100.0,Low,0,No failure,0
9209,L56388,0,0.0,100.0,Low,0,No failure,0
9210,M24069,0,0.0075,99.2,Low,0,No failure,0
9211,M24070,0,0.025,97.5,Low,0,No failure,0
9212,M24071,0,0.0,100.0,Low,0,No failure,0
9213,L56392,0,0.0025,99.8,Low,0,No failure,0
9214,L56393,0,0.0,100.0,Low,0,No failure,0
9215,L56394,0,0.0,100.0,Low,0,No failure,0
9216,L56395,0,0.0,100.0,Low,0,No failure,0
9217,H38630,0,0.0,100.0,Low,0,No failure,0
9218,L56397,0,0.0025,99.8,Low,0,No failure,0
9219,L56398,0,0.0,100.0,Low,0,No failure,0
9220,M24079,0,0.0,100.0,Low,0,No failure,0
9221,L56400,0,0.0,100.0,Low,0,No failure,0
9222,M24081,0,0.0,100.0,Low,0,No failure,0
9223,M24082,0,0.0,100.0,Low,0,No failure,0
9224,L56403,0,0.0,100.0,Low,0,No failure,0
9225,L56404,0,0.0,100.0,Low,0,No failure,0
9226,L56405,0,0.0,100.0,Low,0,No failure,0
9227,L56406,0,0.0,100.0,Low,0,No failure,0
9228,L56407,0,0.0,100.0,Low,0,No failure,0
9229,M24088,0,0.0,100.0,Low,0,No failure,0
9230,M24089,0,0.0,100.0,Low,0,No failure,0
9231,L56410,0,0.0,100.0,Low,0,No failure,0
9232,L56411,0,0.0,100.0,Low,0,No failure,0
9233,L56412,0,0.0,100.0,Low,0,No failure,0
9234,L56413,0,0.0,100.0,Low,0,No failure,0
9235,L56414,0,0.0,100.0,Low,0,No failure,0
9236,M24095,0,0.0,100.0,Low,0,No failure,0
9237,L56416,0,0.0,100.0,Low,0,No failure,0
9238,M24097,0,0.0,100.0,Low,0,No failure,0
9239,M24098,0,0.0,100.0,Low,0,No failure,0
9240,H38653,0,0.0,100.0,Low,0,No failure,0
9241,M24100,0,0.0,100.0,Low,0,No failure,0
9242,L56421,0,0.0,100.0,Low,0,No failure,0
9243,M24102,0,0.0425,95.8,Low,0,No failure,0
9244,L56423,0,0.0,100.0,Low,0,No failure,0
9245,L56424,0,0.0,100.0,Low,0,No failure,0
9246,L56425,0,0.0,100.0,Low,0,No failure,0
9247,L56426,0,0.0,100.0,Low,0,No failure,0
9248,L56427,0,0.0,100.0,Low,0,No failure,0
9249,M24108,0,0.005,99.5,Low,0,No failure,0
9250,L56429,0,0.0,100.0,Low,0,No failure,0
9251,H38664,0,0.0,100.0,Low,0,No failure,0
9252,M24111,0,0.0,100.0,Low,0,No failure,0
9253,M24112,0,0.0,100.0,Low,0,No failure,0
9254,M24113,0,0.0,100.0,Low,0,No failure,0
9255,L56434,0,0.0,100.0,Low,0,No failure,0
9256,L56435,0,0.0,100.0,Low,0,No failure,0
9257,L56436,0,0.0,100.0,Low,0,No failure,0
9258,M24117,0,0.0575,94.2,Low,0,No failure,0
9259,H38672,0,0.0,100.0,Low,0,No failure,0
9260,M24119,0,0.0,100.0,Low,0,No failure,0
9261,L56440,0,0.0,100.0,Low,0,No failure,0
9262,H38675,0,0.0,100.0,Low,0,No failure,0
9263,M24122,0,0.0,100.0,Low,0,No failure,0
9264,L56443,0,0.0,100.0,Low,0,No failure,0
9265,M24124,0,0.0,100.0,Low,0,No failure,0
9266,M24125,0,0.0,100.0,Low,0,No failure,0
9267,L56446,0,0.0,100.0,Low,0,No failure,0
9268,L56447,0,0.0025,99.8,Low,0,No failure,0
9269,L56448,0,0.0,100.0,Low,0,No failure,0
9270,L56449,0,0.03,97.0,Low,0,No failure,0
9271,L56450,0,0.0025,99.8,Low,0,No failure,0
9272,L56451,0,0.0,100.0,Low,0,No failure,0
9273,L56452,0,0.0,100.0,Low,0,No failure,0
9274,H38687,0,0.0,100.0,Low,0,No failure,0
9275,L56454,0,0.005,99.5,Low,0,No failure,0
9276,L56455,0,0.0,100.0,Low,0,No failure,0
9277,L56456,0,0.0,100.0,Low,0,No failure,0
9278,L56457,0,0.0,100.0,Low,0,No failure,0
9279,H38692,0,0.0,100.0,Low,0,No failure,0
9280,M24139,0,0.0,100.0,Low,0,No failure,0
9281,H38694,0,0.0,100.0,Low,0,No failure,0
9282,L56461,0,0.0,100.0,Low,0,No failure,0
9283,M24142,0,0.0,100.0,Low,0,No failure,0
9284,M24143,0,0.0,100.0,Low,0,No failure,0
9285,L56464,0,0.0,100.0,Low,0,No failure,0
9286,M24145,0,0.0,100.0,Low,0,No failure,0
9287,L56466,0,0.0,100.0,Low,0,No failure,0
9288,L56467,0,0.0,100.0,Low,0,No failure,0
9289,L56468,0,0.0025,99.8,Low,0,No failure,0
9290,L56469,0,0.0,100.0,Low,0,No failure,0
9291,L56470,0,0.0,100.0,Low,0,No failure,0
9292,L56471,0,0.0,100.0,Low,0,No failure,0
9293,L56472,0,0.0,100.0,Low,0,No failure,0
9294,L56473,0,0.0,100.0,Low,0,No failure,0
9295,L56474,0,0.0,100.0,Low,0,No failure,0
9296,M24155,0,0.0,100.0,Low,0,No failure,0
9297,H38710,0,0.0,100.0,Low,0,No failure,0
9298,M24157,0,0.0,100.0,Low,0,No failure,0
9299,L56478,0,0.0,100.0,Low,0,No failure,0
9300,M24159,0,0.0,100.0,Low,0,No failure,0
9301,L56480,0,0.0,100.0,Low,0,No failure,0
9302,M24161,0,0.0,100.0,Low,0,No failure,0
9303,M24162,0,0.0,100.0,Low,0,No failure,0
9304,L56483,0,0.0,100.0,Low,0,No failure,0
9305,L56484,0,0.0,100.0,Low,0,No failure,0
9306,H38719,0,0.0,100.0,Low,0,No failure,0
9307,M24166,0,0.0,100.0,Low,0,No failure,0
9308,L56487,0,0.0,100.0,Low,0,No failure,0
9309,L56488,0,0.0,100.0,Low,0,No failure,0
9310,L56489,0,0.0,100.0,Low,0,No failure,0
9311,L56490,0,0.0,100.0,Low,0,No failure,0
9312,L56491,0,0.0,100.0,Low,0,No failure,0
9313,H38726,0,0.0,100.0,Low,0,No failure,0
9314,L56493,0,0.0,100.0,Low,0,No failure,0
9315,M24174,0,0.0,100.0,Low,0,No failure,0
9316,L56495,0,0.0,100.0,Low,0,No failure,0
9317,H38730,0,0.0,100.0,Low,0,No failure,0
9318,L56497,0,0.0,100.0,Low,0,No failure,0
9319,L56498,0,0.0,100.0,Low,0,No failure,0
9320,L56499,0,0.0,100.0,Low,0,No failure,0
9321,L56500,0,0.0,100.0,Low,0,No failure,0
9322,L56501,0,0.0,100.0,Low,0,No failure,0
9323,M24182,0,0.0,100.0,Low,0,No failure,0
9324,L56503,0,0.0,100.0,Low,0,No failure,0
9325,L56504,0,0.0,100.0,Low,0,No failure,0
9326,M24185,0,0.0,100.0,Low,0,No failure,0
9327,L56506,0,0.0,100.0,Low,0,No failure,0
9328,L56507,0,0.0,100.0,Low,0,No failure,0
9329,H38742,0,0.0,100.0,Low,0,No failure,0
9330,L56509,0,0.0,100.0,Low,0,No failure,0
9331,M24190,0,0.0,100.0,Low,0,No failure,0
9332,L56511,0,0.0,100.0,Low,0,No failure,0
9333,M24192,0,0.0,100.0,Low,0,No failure,0
9334,L56513,0,0.0025,99.8,Low,0,No failure,0
9335,L56514,0,0.0025,99.8,Low,0,No failure,0
9336,L56515,0,0.0175,98.2,Low,0,No failure,0
9337,L56516,0,0.0125,98.8,Low,0,No failure,0
9338,H38751,0,0.09,91.0,Low,0,No failure,0
9339,H38752,0,0.0425,95.8,Low,0,No failure,0
9340,L56519,0,0.075,92.5,Low,0,No failure,0
9341,H38754,0,0.0,100.0,Low,0,No failure,0
9342,M24201,0,0.0,100.0,Low,0,No failure,0
9343,H38756,0,0.0,100.0,Low,0,No failure,0
9344,M24203,0,0.0,100.0,Low,0,No failure,0
9345,L56524,0,0.0,100.0,Low,0,No failure,0
9346,L56525,0,0.0,100.0,Low,0,No failure,0
9347,M24206,0,0.0,100.0,Low,0,No failure,0
9348,M24207,0,0.0025,99.8,Low,0,No failure,0
9349,L56528,0,0.0,100.0,Low,0,No failure,0
9350,M24209,0,0.0,100.0,Low,0,No failure,0
9351,L56530,0,0.0,100.0,Low,0,No failure,0
9352,L56531,0,0.0,100.0,Low,0,No failure,0
9353,L56532,0,0.0,100.0,Low,0,No failure,0
9354,L56533,0,0.0,100.0,Low,0,No failure,0
9355,M24214,0,0.0,100.0,Low,0,No failure,0
9356,L56535,0,0.0,100.0,Low,0,No failure,0
9357,L56536,0,0.0,100.0,Low,0,No failure,0
9358,M24217,0,0.0,100.0,Low,0,No failure,0
9359,L56538,0,0.0,100.0,Low,0,No failure,0
9360,M24219,0,0.0,100.0,Low,0,No failure,0
9361,L56540,0,0.0,100.0,Low,0,No failure,0
9362,L56541,0,0.0,100.0,Low,0,No failure,0
9363,M24222,0,0.0,100.0,Low,0,No failure,0
9364,L56543,0,0.0,100.0,Low,0,No failure,0
9365,L56544,0,0.0,100.0,Low,0,No failure,0
9366,M24225,0,0.0,100.0,Low,0,No failure,0
9367,L56546,0,0.0,100.0,Low,0,No failure,0
9368,L56547,0,0.0,100.0,Low,0,No failure,0
9369,L56548,0,0.0,100.0,Low,0,No failure,0
9370,M24229,0,0.0,100.0,Low,0,No failure,0
9371,H38784,0,0.0,100.0,Low,0,No failure,0
9372,L56551,0,0.0,100.0,Low,0,No failure,0
9373,L56552,0,0.0,100.0,Low,0,No failure,0
9374,L56553,0,0.0,100.0,Low,0,No failure,0
9375,M24234,0,0.0,100.0,Low,0,No failure,0
9376,H38789,0,0.0,100.0,Low,0,No failure,0
9377,H38790,0,0.0,100.0,Low,0,No failure,0
9378,H38791,0,0.0,100.0,Low,0,No failure,0
9379,L56558,0,0.0,100.0,Low,0,No failure,0
9380,L56559,0,0.0,100.0,Low,0,No failure,0
9381,L56560,0,0.0,100.0,Low,0,No failure,0
9382,M24241,0,0.0,100.0,Low,0,No failure,0
9383,L56562,0,0.0,100.0,Low,0,No failure,0
9384,H38797,0,0.0,100.0,Low,0,No failure,0
9385,M24244,0,0.0,100.0,Low,0,No failure,0
9386,M24245,0,0.0,100.0,Low,0,No failure,0
9387,M24246,0,0.0,100.0,Low,0,No failure,0
9388,H38801,0,0.0,100.0,Low,0,No failure,0
9389,M24248,0,0.0,100.0,Low,0,No failure,0
9390,L56569,0,0.0075,99.2,Low,0,No failure,0
9391,M24250,0,0.0,100.0,Low,0,No failure,0
9392,H38805,0,0.0025,99.8,Low,0,No failure,0
9393,L56572,0,0.0,100.0,Low,0,No failure,0
9394,H38807,0,0.0,100.0,Low,0,No failure,0
9395,L56574,0,0.0025,99.8,Low,0,No failure,0
9396,L56575,0,0.0,100.0,Low,0,No failure,0
9397,L56576,0,0.0,100.0,Low,0,No failure,0
9398,M24257,0,0.0,100.0,Low,0,No failure,0
9399,H38812,0,0.0,100.0,Low,0,No failure,0
9400,L56579,0,0.0,100.0,Low,0,No failure,0
9401,L56580,0,0.0,100.0,Low,0,No failure,0
9402,M24261,0,0.0025,99.8,Low,0,No failure,0
9403,L56582,0,0.0,100.0,Low,0,No failure,0
9404,L56583,0,0.0,100.0,Low,0,No failure,0
9405,L56584,0,0.0025,99.8,Low,0,No failure,0
9406,M24265,0,0.0,100.0,Low,0,No failure,0
9407,M24266,0,0.0175,98.2,Low,0,No failure,0
9408,L56587,0,0.0,100.0,Low,0,No failure,0
9409,H38822,0,0.0,100.0,Low,0,No failure,0
9410,L56589,0,0.0,100.0,Low,0,No failure,0
9411,M24270,0,0.0,100.0,Low,0,No failure,0
9412,L56591,0,0.01,99.0,Low,0,No failure,0
9413,L56592,0,0.005,99.5,Low,0,No failure,0
9414,L56593,0,0.0875,91.2,Low,0,No failure,0
9415,L56594,1,0.8475,15.2,High,1,Overstrain Failure,0
9416,M24275,0,0.0,100.0,Low,0,No failure,0
9417,M24276,0,0.0,100.0,Low,0,No failure,0
9418,H38831,0,0.0,100.0,Low,0,No failure,0
9419,L56598,0,0.0,100.0,Low,0,No failure,0
9420,L56599,0,0.0,100.0,Low,0,No failure,0
9421,L56600,0,0.0,100.0,Low,0,No failure,0
9422,M24281,0,0.0,100.0,Low,0,No failure,0
9423,L56602,0,0.0,100.0,Low,0,No failure,0
9424,L56603,0,0.0,100.0,Low,0,No failure,0
9425,M24284,0,0.0,100.0,Low,0,No failure,0
9426,M24285,0,0.0,100.0,Low,0,No failure,0
9427,L56606,0,0.0,100.0,Low,0,No failure,0
9428,L56607,0,0.0,100.0,Low,0,No failure,0
9429,H38842,0,0.0,100.0,Low,0,No failure,0
9430,L56609,0,0.0,100.0,Low,0,No failure,0
9431,L56610,0,0.0,100.0,Low,0,No failure,0
9432,L56611,0,0.0125,98.8,Low,0,No failure,0
9433,L56612,0,0.0,100.0,Low,0,No failure,0
9434,M24293,0,0.0025,99.8,Low,0,No failure,0
9435,L56614,0,0.0,100.0,Low,0,No failure,0
9436,L56615,0,0.0,100.0,Low,0,No failure,0
9437,L56616,0,0.0,100.0,Low,0,No failure,0
9438,M24297,0,0.0,100.0,Low,0,No failure,0
9439,M24298,0,0.0,100.0,Low,0,No failure,0
9440,M24299,0,0.0,100.0,Low,0,No failure,0
9441,M24300,0,0.0,100.0,Low,0,No failure,0
9442,L56621,0,0.0,100.0,Low,0,No failure,0
9443,M24302,0,0.0,100.0,Low,0,No failure,0
9444,H38857,0,0.0,100.0,Low,0,No failure,0
9445,L56624,0,0.005,99.5,Low,0,No failure,0
9446,M24305,0,0.0,100.0,Low,0,No failure,0
9447,H38860,0,0.0,100.0,Low,0,No failure,0
9448,M24307,0,0.0,100.0,Low,0,No failure,0
9449,L56628,0,0.0,100.0,Low,0,No failure,0
9450,M24309,0,0.0,100.0,Low,0,No failure,0
9451,M24310,0,0.0025,99.8,Low,0,No failure,0
9452,H38865,0,0.0,100.0,Low,0,No failure,0
9453,M24312,0,0.0025,99.8,Low,0,No failure,0
9454,H38867,0,0.0,100.0,Low,0,No failure,0
9455,L56634,0,0.0,100.0,Low,0,No failure,0
9456,L56635,0,0.0,100.0,Low,0,No failure,0
9457,L56636,0,0.0,100.0,Low,0,No failure,0
9458,M24317,0,0.0,100.0,Low,0,No failure,0
9459,L56638,0,0.0,100.0,Low,0,No failure,0
9460,L56639,0,0.0,100.0,Low,0,No failure,0
9461,M24320,0,0.0025,99.8,Low,0,No failure,0
9462,M24321,0,0.0,100.0,Low,0,No failure,0
9463,L56642,0,0.0,100.0,Low,0,No failure,0
9464,M24323,0,0.0,100.0,Low,0,No failure,0
9465,L56644,0,0.0,100.0,Low,0,No failure,0
9466,M24325,0,0.0,100.0,Low,0,No failure,0
9467,L56646,0,0.0,100.0,Low,0,No failure,0
9468,L56647,0,0.0,100.0,Low,0,No failure,0
9469,L56648,0,0.0,100.0,Low,0,No failure,0
9470,L56649,0,0.0,100.0,Low,0,No failure,0
9471,H38884,0,0.0,100.0,Low,0,No failure,0
9472,M24331,0,0.0,100.0,Low,0,No failure,0
9473,M24332,0,0.0,100.0,Low,0,No failure,0
9474,L56653,0,0.0,100.0,Low,0,No failure,0
9475,M24334,0,0.0,100.0,Low,0,No failure,0
9476,L56655,0,0.0,100.0,Low,0,No failure,0
9477,M24336,0,0.0,100.0,Low,0,No failure,0
9478,M24337,0,0.0,100.0,Low,0,No failure,0
9479,L56658,0,0.0025,99.8,Low,0,No failure,0
9480,H38893,0,0.0,100.0,Low,0,No failure,0
9481,M24340,0,0.0,100.0,Low,0,No failure,0
9482,L56661,0,0.0,100.0,Low,0,No failure,0
9483,H38896,0,0.015,98.5,Low,0,No failure,0
9484,H38897,0,0.0,100.0,Low,0,No failure,0
9485,L56664,0,0.0,100.0,Low,0,No failure,0
9486,L56665,0,0.0,100.0,Low,0,No failure,0
9487,M24346,0,0.0,100.0,Low,0,No failure,0
9488,L56667,0,0.0025,99.8,Low,0,No failure,0
9489,M24348,0,0.0075,99.2,Low,0,No failure,0
9490,L56669,0,0.1175,88.2,Low,0,No failure,0
9491,M24350,0,0.0275,97.2,Low,0,No failure,0
9492,M24351,0,0.0025,99.8,Low,0,No failure,0
9493,L56672,0,0.01,99.0,Low,0,No failure,0
9494,L56673,1,0.76,24.0,High,1,Overstrain Failure,0
9495,L56674,0,0.0225,97.8,Low,0,No failure,0
9496,H38909,0,0.26,74.0,Low,0,No failure,0
9497,M24356,0,0.065,93.5,Low,0,No failure,0
9498,H38911,0,0.0,100.0,Low,0,No failure,0
9499,H38912,0,0.0,100.0,Low,0,No failure,0
9500,L56679,0,0.0,100.0,Low,0,No failure,0
9501,L56680,0,0.0,100.0,Low,0,No failure,0
9502,L56681,0,0.0,100.0,Low,0,No failure,0
9503,L56682,0,0.0,100.0,Low,0,No failure,0
9504,M24363,0,0.0,100.0,Low,0,No failure,0
9505,L56684,0,0.0,100.0,Low,0,No failure,0
9506,L56685,0,0.0,100.0,Low,0,No failure,0
9507,H38920,0,0.0,100.0,Low,0,No failure,0
9508,L56687,0,0.0,100.0,Low,0,No failure,0
9509,L56688,0,0.0,100.0,Low,0,No failure,0
9510,M24369,0,0.0,100.0,Low,0,No failure,0
9511,M24370,0,0.0,100.0,Low,0,No failure,0
9512,L56691,0,0.0,100.0,Low,0,No failure,0
9513,L56692,0,0.0,100.0,Low,0,No failure,0
9514,M24373,0,0.0,100.0,Low,0,No failure,0
9515,L56694,0,0.0,100.0,Low,0,No failure,0
9516,L56695,0,0.0,100.0,Low,0,No failure,0
9517,L56696,0,0.0,100.0,Low,0,No failure,0
9518,L56697,0,0.0,100.0,Low,0,No failure,0
9519,L56698,0,0.0,100.0,Low,0,No failure,0
9520,L56699,0,0.0,100.0,Low,0,No failure,0
9521,L56700,0,0.0,100.0,Low,0,No failure,0
9522,M24381,0,0.0,100.0,Low,0,No failure,0
9523,M24382,0,0.0,100.0,Low,0,No failure,0
9524,L56703,0,0.0,100.0,Low,0,No failure,0
9525,H38938,0,0.0,100.0,Low,0,No failure,0
9526,L56705,0,0.0,100.0,Low,0,No failure,0
9527,M24386,0,0.0,100.0,Low,0,No failure,0
9528,L56707,0,0.0,100.0,Low,0,No failure,0
9529,M24388,0,0.005,99.5,Low,0,No failure,0
9530,L56709,0,0.0,100.0,Low,0,No failure,0
9531,H38944,0,0.0,100.0,Low,0,No failure,0
9532,L56711,0,0.0,100.0,Low,0,No failure,0
9533,L56712,0,0.0,100.0,Low,0,No failure,0
9534,L56713,0,0.0,100.0,Low,0,No failure,0
9535,L56714,0,0.0,100.0,Low,0,No failure,0
9536,M24395,0,0.0,100.0,Low,0,No failure,0
9537,L56716,0,0.0,100.0,Low,0,No failure,0
9538,M24397,0,0.0,100.0,Low,0,No failure,0
9539,L56718,0,0.0,100.0,Low,0,No failure,0
9540,L56719,0,0.0025,99.8,Low,0,No failure,0
9541,M24400,0,0.0,100.0,Low,0,No failure,0
9542,M24401,0,0.0,100.0,Low,0,No failure,0
9543,L56722,0,0.0,100.0,Low,0,No failure,0
9544,M24403,0,0.01,99.0,Low,0,No failure,0
9545,L56724,0,0.0,100.0,Low,0,No failure,0
9546,L56725,0,0.0,100.0,Low,0,No failure,0
9547,M24406,0,0.0,100.0,Low,0,No failure,0
9548,L56727,0,0.0,100.0,Low,0,No failure,0
9549,L56728,0,0.0,100.0,Low,0,No failure,0
9550,M24409,0,0.0,100.0,Low,0,No failure,0
9551,M24410,0,0.0,100.0,Low,0,No failure,0
9552,L56731,0,0.0025,99.8,Low,0,No failure,0
9553,M24412,0,0.0,100.0,Low,0,No failure,0
9554,L56733,0,0.0,100.0,Low,0,No failure,0
9555,M24414,0,0.0,100.0,Low,0,No failure,0
9556,H38969,0,0.0,100.0,Low,0,No failure,0
9557,L56736,0,0.0025,99.8,Low,0,No failure,0
9558,M24417,0,0.0,100.0,Low,0,No failure,0
9559,M24418,0,0.0,100.0,Low,0,No failure,0
9560,L56739,0,0.0,100.0,Low,0,No failure,0
9561,L56740,0,0.0,100.0,Low,0,No failure,0
9562,L56741,0,0.0,100.0,Low,0,No failure,0
9563,M24422,0,0.0,100.0,Low,0,No failure,0
9564,M24423,0,0.0,100.0,Low,0,No failure,0
9565,L56744,0,0.0,100.0,Low,0,No failure,0
9566,M24425,0,0.0,100.0,Low,0,No failure,0
9567,L56746,0,0.0,100.0,Low,0,No failure,0
9568,L56747,0,0.0,100.0,Low,0,No failure,0
9569,L56748,0,0.0,100.0,Low,0,No failure,0
9570,M24429,0,0.0,100.0,Low,0,No failure,0
9571,L56750,0,0.005,99.5,Low,0,No failure,0
9572,L56751,0,0.0,100.0,Low,0,No failure,0
9573,M24432,0,0.0,100.0,Low,0,No failure,0
9574,L56753,0,0.0,100.0,Low,0,No failure,0
9575,H38988,0,0.0,100.0,Low,0,No failure,0
9576,M24435,0,0.0,100.0,Low,0,No failure,0
9577,L56756,1,0.6375,36.3,High,1,Tool Wear Failure,0
9578,M24437,0,0.0,100.0,Low,0,No failure,0
9579,L56758,0,0.0,100.0,Low,0,No failure,0
9580,L56759,0,0.0,100.0,Low,0,No failure,0
9581,M24440,0,0.0,100.0,Low,0,No failure,0
9582,L56761,0,0.0025,99.8,Low,0,No failure,0
9583,M24442,0,0.0,100.0,Low,0,No failure,0
9584,L56763,0,0.0325,96.8,Low,0,No failure,0
9585,L56764,0,0.0,100.0,Low,0,No failure,0
9586,M24445,0,0.0,100.0,Low,0,No failure,0
9587,L56766,0,0.0025,99.8,Low,0,No failure,0
9588,M24447,0,0.0,100.0,Low,0,No failure,0
9589,H39002,0,0.0,100.0,Low,0,No failure,0
9590,L56769,0,0.0,100.0,Low,0,No failure,0
9591,M24450,0,0.01,99.0,Low,0,No failure,0
9592,L56771,0,0.0,100.0,Low,0,No failure,0
9593,L56772,0,0.0,100.0,Low,0,No failure,0
9594,L56773,0,0.0025,99.8,Low,0,No failure,0
9595,L56774,0,0.0,100.0,Low,0,No failure,0
9596,H39009,0,0.0,100.0,Low,0,No failure,0
9597,L56776,0,0.0,100.0,Low,0,No failure,0
9598,L56777,0,0.0,100.0,Low,0,No failure,0
9599,L56778,0,0.0,100.0,Low,0,No failure,0
9600,L56779,0,0.0,100.0,Low,0,No failure,0
9601,M24460,0,0.0,100.0,Low,0,No failure,0
9602,L56781,0,0.0,100.0,Low,0,No failure,0
9603,L56782,0,0.0,100.0,Low,0,No failure,0
9604,M24463,0,0.0,100.0,Low,0,No failure,0
9605,H39018,0,0.0,100.0,Low,0,No failure,0
9606,M24465,0,0.0,100.0,Low,0,No failure,0
9607,L56786,0,0.0,100.0,Low,0,No failure,0
9608,L56787,0,0.0,100.0,Low,0,No failure,0
9609,M24468,0,0.0,100.0,Low,0,No failure,0
9610,L56789,0,0.0,100.0,Low,0,No failure,0
9611,L56790,0,0.0,100.0,Low,0,No failure,0
9612,L56791,0,0.0,100.0,Low,0,No failure,0
9613,M24472,0,0.0,100.0,Low,0,No failure,0
9614,L56793,1,0.1525,84.8,Low,0,Power Failure,0
9615,M24474,0,0.0,100.0,Low,0,No failure,0
9616,M24475,0,0.0,100.0,Low,0,No failure,0
9617,L56796,0,0.0,100.0,Low,0,No failure,0
9618,L56797,0,0.0,100.0,Low,0,No failure,0
9619,L56798,0,0.0,100.0,Low,0,No failure,0
9620,M24479,0,0.0,100.0,Low,0,No failure,0
9621,L56800,0,0.0,100.0,Low,0,No failure,0
9622,M24481,0,0.0,100.0,Low,0,No failure,0
9623,L56802,0,0.0,100.0,Low,0,No failure,0
9624,L56803,0,0.0,100.0,Low,0,No failure,0
9625,H39038,0,0.0,100.0,Low,0,No failure,0
9626,M24485,0,0.0,100.0,Low,0,No failure,0
9627,M24486,0,0.0025,99.8,Low,0,No failure,0
9628,M24487,0,0.0,100.0,Low,0,No failure,0
9629,H39042,0,0.0,100.0,Low,0,No failure,0
9630,H39043,0,0.0,100.0,Low,0,No failure,0
9631,L56810,0,0.0,100.0,Low,0,No failure,0
9632,L56811,0,0.0,100.0,Low,0,No failure,0
9633,M24492,0,0.0,100.0,Low,0,No failure,0
9634,H39047,0,0.0,100.0,Low,0,No failure,0
9635,L56814,0,0.0,100.0,Low,0,No failure,0
9636,L56815,0,0.0,100.0,Low,0,No failure,0
9637,L56816,0,0.0,100.0,Low,0,No failure,0
9638,L56817,0,0.0,100.0,Low,0,No failure,0
9639,H39052,0,0.0,100.0,Low,0,No failure,0
9640,L56819,0,0.0,100.0,Low,0,No failure,0
9641,L56820,0,0.0,100.0,Low,0,No failure,0
9642,L56821,0,0.01,99.0,Low,0,No failure,0
9643,L56822,0,0.0,100.0,Low,0,No failure,0
9644,L56823,0,0.0,100.0,Low,0,No failure,0
9645,L56824,0,0.0,100.0,Low,0,No failure,0
9646,L56825,0,0.0,100.0,Low,0,No failure,0
9647,L56826,0,0.0,100.0,Low,0,No failure,0
9648,L56827,0,0.0,100.0,Low,0,No failure,0
9649,L56828,0,0.0,100.0,Low,0,No failure,0
9650,H39063,0,0.0,100.0,Low,0,No failure,0
9651,M24510,0,0.0,100.0,Low,0,No failure,0
9652,M24511,0,0.0,100.0,Low,0,No failure,0
9653,M24512,0,0.0,100.0,Low,0,No failure,0
9654,L56833,1,0.8125,18.8,High,1,Overstrain Failure,0
9655,L56834,1,0.8125,18.8,High,1,Overstrain Failure,0
9656,H39069,0,0.06,94.0,Low,0,No failure,0
9657,L56836,0,0.04,96.0,Low,0,No failure,0
9658,L56837,0,0.015,98.5,Low,0,No failure,0
9659,L56838,0,0.01,99.0,Low,0,No failure,0
9660,L56839,1,0.9575,4.2,High,1,Overstrain Failure,0
9661,M24520,0,0.0125,98.8,Low,0,No failure,0
9662,H39075,0,0.0875,91.2,Low,0,No failure,0
9663,M24522,0,0.05,95.0,Low,0,No failure,0
9664,L56843,1,0.745,25.5,High,1,Overstrain Failure,0
9665,L56844,1,0.9025,9.8,High,1,Overstrain Failure,0
9666,L56845,0,0.185,81.5,Low,0,No failure,0
9667,M24526,0,0.085,91.5,Low,0,No failure,0
9668,L56847,1,0.8175,18.2,High,1,Overstrain Failure,0
9669,L56848,0,0.01,99.0,Low,0,No failure,0
9670,L56849,0,0.02,98.0,Low,0,No failure,0
9671,L56850,0,0.0375,96.2,Low,0,No failure,0
9672,L56851,0,0.105,89.5,Low,0,No failure,0
9673,H39086,0,0.0,100.0,Low,0,No failure,0
9674,M24533,0,0.0,100.0,Low,0,No failure,0
9675,L56854,0,0.0,100.0,Low,0,No failure,0
9676,M24535,0,0.005,99.5,Low,0,No failure,0
9677,L56856,0,0.0025,99.8,Low,0,No failure,0
9678,L56857,0,0.0025,99.8,Low,0,No failure,0
9679,M24538,0,0.0,100.0,Low,0,No failure,0
9680,L56859,0,0.0,100.0,Low,0,No failure,0
9681,L56860,0,0.0,100.0,Low,0,No failure,0
9682,M24541,0,0.0,100.0,Low,0,No failure,0
9683,L56862,0,0.0,100.0,Low,0,No failure,0
9684,M24543,0,0.0025,99.8,Low,0,No failure,0
9685,H39098,0,0.0,100.0,Low,0,No failure,0
9686,L56865,0,0.0,100.0,Low,0,No failure,0
9687,L56866,0,0.0,100.0,Low,0,No failure,0
9688,M24547,0,0.0,100.0,Low,0,No failure,0
9689,L56868,0,0.0,100.0,Low,0,No failure,0
9690,L56869,0,0.005,99.5,Low,0,No failure,0
9691,M24550,0,0.0,100.0,Low,0,No failure,0
9692,L56871,0,0.0,100.0,Low,0,No failure,0
9693,M24552,0,0.0,100.0,Low,0,No failure,0
9694,L56873,0,0.0,100.0,Low,0,No failure,0
9695,L56874,0,0.0,100.0,Low,0,No failure,0
9696,L56875,0,0.0,100.0,Low,0,No failure,0
9697,L56876,0,0.0,100.0,Low,0,No failure,0
9698,M24557,0,0.0,100.0,Low,0,No failure,0
9699,L56878,0,0.0,100.0,Low,0,No failure,0
9700,L56879,0,0.0,100.0,Low,0,No failure,0
9701,M24560,0,0.0,100.0,Low,0,No failure,0
9702,L56881,0,0.0,100.0,Low,0,No failure,0
9703,L56882,0,0.0,100.0,Low,0,No failure,0
9704,L56883,0,0.0,100.0,Low,0,No failure,0
9705,L56884,0,0.0,100.0,Low,0,No failure,0
9706,L56885,0,0.0,100.0,Low,0,No failure,0
9707,M24566,0,0.0,100.0,Low,0,No failure,0
9708,L56887,0,0.0,100.0,Low,0,No failure,0
9709,L56888,0,0.0,100.0,Low,0,No failure,0
9710,M24569,0,0.0,100.0,Low,0,No failure,0
9711,L56890,0,0.01,99.0,Low,0,No failure,0
9712,H39125,0,0.0,100.0,Low,0,No failure,0
9713,M24572,0,0.0,100.0,Low,0,No failure,0
9714,L56893,0,0.0,100.0,Low,0,No failure,0
9715,L56894,0,0.0,100.0,Low,0,No failure,0
9716,L56895,0,0.0025,99.8,Low,0,No failure,0
9717,H39130,0,0.0,100.0,Low,0,No failure,0
9718,L56897,0,0.0,100.0,Low,0,No failure,0
9719,L56898,0,0.0,100.0,Low,0,No failure,0
9720,L56899,0,0.005,99.5,Low,0,No failure,0
9721,M24580,0,0.0,100.0,Low,0,No failure,0
9722,L56901,0,0.0,100.0,Low,0,No failure,0
9723,H39136,0,0.0,100.0,Low,0,No failure,0
9724,L56903,0,0.0,100.0,Low,0,No failure,0
9725,M24584,0,0.0075,99.2,Low,0,No failure,0
9726,M24585,0,0.0,100.0,Low,0,No failure,0
9727,L56906,0,0.0,100.0,Low,0,No failure,0
9728,L56907,0,0.0,100.0,Low,0,No failure,0
9729,L56908,0,0.0,100.0,Low,0,No failure,0
9730,L56909,0,0.0,100.0,Low,0,No failure,0
9731,L56910,0,0.0,100.0,Low,0,No failure,0
9732,L56911,0,0.0025,99.8,Low,0,No failure,0
9733,L56912,0,0.025,97.5,Low,0,No failure,0
9734,M24593,0,0.0,100.0,Low,0,No failure,0
9735,H39148,0,0.0,100.0,Low,0,No failure,0
9736,L56915,0,0.0,100.0,Low,0,No failure,0
9737,M24596,0,0.0,100.0,Low,0,No failure,0
9738,L56917,0,0.0,100.0,Low,0,No failure,0
9739,L56918,0,0.0,100.0,Low,0,No failure,0
9740,L56919,0,0.0,100.0,Low,0,No failure,0
9741,M24600,0,0.0,100.0,Low,0,No failure,0
9742,L56921,0,0.0,100.0,Low,0,No failure,0
9743,L56922,0,0.0,100.0,Low,0,No failure,0
9744,L56923,0,0.0,100.0,Low,0,No failure,0
9745,L56924,0,0.0,100.0,Low,0,No failure,0
9746,L56925,0,0.0,100.0,Low,0,No failure,0
9747,L56926,0,0.0,100.0,Low,0,No failure,0
9748,L56927,0,0.0,100.0,Low,0,No failure,0
9749,M24608,0,0.0,100.0,Low,0,No failure,0
9750,H39163,0,0.0,100.0,Low,0,No failure,0
9751,L56930,0,0.0,100.0,Low,0,No failure,0
9752,L56931,0,0.0025,99.8,Low,0,No failure,0
9753,L56932,0,0.0025,99.8,Low,0,No failure,0
9754,L56933,0,0.0075,99.2,Low,0,No failure,0
9755,M24614,0,0.0175,98.2,Low,0,No failure,0
9756,H39169,0,0.0475,95.2,Low,0,No failure,0
9757,L56936,0,0.0025,99.8,Low,0,No failure,0
9758,M24617,0,0.005,99.5,Low,0,No failure,0
9759,L56938,1,0.6575,34.2,High,1,Tool Wear Failure,0
9760,L56939,0,0.0,100.0,Low,0,No failure,0
9761,M24620,0,0.0,100.0,Low,0,No failure,0
9762,L56941,0,0.0,100.0,Low,0,No failure,0
9763,L56942,0,0.0025,99.8,Low,0,No failure,0
9764,M24623,0,0.0,100.0,Low,0,No failure,0
9765,L56944,1,0.775,22.5,High,1,Power Failure,0
9766,L56945,0,0.0,100.0,Low,0,No failure,0
9767,H39180,0,0.0,100.0,Low,0,No failure,0
9768,L56947,0,0.0,100.0,Low,0,No failure,0
9769,L56948,0,0.0,100.0,Low,0,No failure,0
9770,L56949,0,0.0025,99.8,Low,0,No failure,0
9771,H39184,0,0.0,100.0,Low,0,No failure,0
9772,M24631,0,0.0,100.0,Low,0,No failure,0
9773,L56952,0,0.0,100.0,Low,0,No failure,0
9774,L56953,0,0.0,100.0,Low,0,No failure,0
9775,H39188,0,0.0025,99.8,Low,0,No failure,0
9776,M24635,0,0.0,100.0,Low,0,No failure,0
9777,M24636,0,0.0,100.0,Low,0,No failure,0
9778,L56957,0,0.0075,99.2,Low,0,No failure,0
9779,H39192,0,0.0,100.0,Low,0,No failure,0
9780,L56959,0,0.0,100.0,Low,0,No failure,0
9781,M24640,0,0.0,100.0,Low,0,No failure,0
9782,L56961,0,0.0,100.0,Low,0,No failure,0
9783,L56962,0,0.0,100.0,Low,0,No failure,0
9784,H39197,0,0.0,100.0,Low,0,No failure,0
9785,M24644,0,0.0,100.0,Low,0,No failure,0
9786,H39199,0,0.0,100.0,Low,0,No failure,0
9787,M24646,0,0.0,100.0,Low,0,No failure,0
9788,H39201,0,0.0,100.0,Low,0,No failure,0
9789,M24648,0,0.0,100.0,Low,0,No failure,0
9790,L56969,0,0.0,100.0,Low,0,No failure,0
9791,L56970,0,0.0,100.0,Low,0,No failure,0
9792,M24651,0,0.0,100.0,Low,0,No failure,0
9793,H39206,0,0.0,100.0,Low,0,No failure,0
9794,H39207,0,0.0,100.0,Low,0,No failure,0
9795,L56974,0,0.0,100.0,Low,0,No failure,0
9796,L56975,0,0.0,100.0,Low,0,No failure,0
9797,H39210,0,0.0,100.0,Low,0,No failure,0
9798,M24657,0,0.0,100.0,Low,0,No failure,0
9799,L56978,0,0.0,100.0,Low,0,No failure,0
9800,M24659,0,0.0,100.0,Low,0,No failure,0
9801,H39214,0,0.0,100.0,Low,0,No failure,0
9802,M24661,0,0.0,100.0,Low,0,No failure,0
9803,H39216,0,0.0,100.0,Low,0,No failure,0
9804,L56983,0,0.0,100.0,Low,0,No failure,0
9805,L56984,0,0.0,100.0,Low,0,No failure,0
9806,L56985,0,0.0,100.0,Low,0,No failure,0
9807,L56986,0,0.1325,86.8,Low,0,No failure,0
9808,L56987,0,0.0,100.0,Low,0,No failure,0
9809,M24668,0,0.0,100.0,Low,0,No failure,0
9810,M24669,0,0.0,100.0,Low,0,No failure,0
9811,L56990,0,0.0,100.0,Low,0,No failure,0
9812,L56991,0,0.0,100.0,Low,0,No failure,0
9813,M24672,0,0.0,100.0,Low,0,No failure,0
9814,L56993,0,0.0025,99.8,Low,0,No failure,0
9815,H39228,0,0.0,100.0,Low,0,No failure,0
9816,M24675,0,0.0,100.0,Low,0,No failure,0
9817,M24676,0,0.0,100.0,Low,0,No failure,0
9818,M24677,0,0.0,100.0,Low,0,No failure,0
9819,M24678,0,0.0,100.0,Low,0,No failure,0
9820,M24679,0,0.0,100.0,Low,0,No failure,0
9821,M24680,0,0.0,100.0,Low,0,No failure,0
9822,L57001,0,0.0,100.0,Low,0,No failure,0
9823,L57002,1,0.51,49.0,Medium,1,Overstrain Failure,0
9824,M24683,0,0.0,100.0,Low,0,No failure,0
9825,L57004,0,0.0,100.0,Low,0,No failure,0
9826,L57005,0,0.0,100.0,Low,0,No failure,0
9827,L57006,0,0.055,94.5,Low,0,No failure,0
9828,M24687,0,0.08,92.0,Low,0,No failure,0
9829,L57008,0,0.035,96.5,Low,0,No failure,0
9830,M24689,0,0.03,97.0,Low,0,No failure,0
9831,L57010,1,0.8475,15.2,High,1,Overstrain Failure,0
9832,L57011,0,0.0325,96.8,Low,0,No failure,0
9833,L57012,0,0.0325,96.8,Low,0,No failure,0
9834,L57013,0,0.085,91.5,Low,0,No failure,0
9835,M24694,0,0.0,100.0,Low,0,No failure,0
9836,L57015,0,0.0,100.0,Low,0,No failure,0
9837,M24696,0,0.0,100.0,Low,0,No failure,0
9838,M24697,0,0.0,100.0,Low,0,No failure,0
9839,L57018,0,0.0,100.0,Low,0,No failure,0
9840,M24699,0,0.0,100.0,Low,0,No failure,0
9841,H39254,0,0.0,100.0,Low,0,No failure,0
9842,M24701,0,0.0,100.0,Low,0,No failure,0
9843,L57022,0,0.0,100.0,Low,0,No failure,0
9844,L57023,0,0.0,100.0,Low,0,No failure,0
9845,H39258,0,0.0,100.0,Low,0,No failure,0
9846,L57025,0,0.0,100.0,Low,0,No failure,0
9847,L57026,0,0.0025,99.8,Low,0,No failure,0
9848,L57027,0,0.0,100.0,Low,0,No failure,0
9849,H39262,0,0.0,100.0,Low,0,No failure,0
9850,L57029,0,0.0675,93.2,Low,0,No failure,0
9851,M24710,0,0.0,100.0,Low,0,No failure,0
9852,M24711,0,0.0,100.0,Low,0,No failure,0
9853,L57032,0,0.0,100.0,Low,0,No failure,0
9854,L57033,0,0.0,100.0,Low,0,No failure,0
9855,H39268,0,0.0,100.0,Low,0,No failure,0
9856,L57035,0,0.0,100.0,Low,0,No failure,0
9857,L57036,0,0.0,100.0,Low,0,No failure,0
9858,M24717,0,0.0,100.0,Low,0,No failure,0
9859,L57038,0,0.0,100.0,Low,0,No failure,0
9860,M24719,0,0.0,100.0,Low,0,No failure,0
9861,H39274,0,0.0,100.0,Low,0,No failure,0
9862,M24721,0,0.0,100.0,Low,0,No failure,0
9863,M24722,0,0.0,100.0,Low,0,No failure,0
9864,L57043,0,0.0,100.0,Low,0,No failure,0
9865,M24724,0,0.0,100.0,Low,0,No failure,0
9866,M24725,0,0.05,95.0,Low,0,No failure,0
9867,L57046,0,0.0,100.0,Low,0,No failure,0
9868,L57047,0,0.0,100.0,Low,0,No failure,0
9869,L57048,0,0.0,100.0,Low,0,No failure,0
9870,L57049,0,0.0,100.0,Low,0,No failure,0
9871,H39284,0,0.0,100.0,Low,0,No failure,0
9872,M24731,0,0.0,100.0,Low,0,No failure,0
9873,L57052,0,0.0,100.0,Low,0,No failure,0
9874,L57053,0,0.0,100.0,Low,0,No failure,0
9875,M24734,0,0.0,100.0,Low,0,No failure,0
9876,M24735,0,0.0,100.0,Low,0,No failure,0
9877,H39290,0,0.0025,99.8,Low,0,No failure,0
9878,L57057,0,0.0,100.0,Low,0,No failure,0
9879,L57058,0,0.0025,99.8,Low,0,No failure,0
9880,M24739,0,0.0,100.0,Low,0,No failure,0
9881,L57060,0,0.0,100.0,Low,0,No failure,0
9882,L57061,0,0.0,100.0,Low,0,No failure,0
9883,L57062,0,0.0,100.0,Low,0,No failure,0
9884,H39297,0,0.0,100.0,Low,0,No failure,0
9885,L57064,0,0.0,100.0,Low,0,No failure,0
9886,L57065,0,0.0025,99.8,Low,0,No failure,0
9887,L57066,0,0.0,100.0,Low,0,No failure,0
9888,L57067,0,0.0,100.0,Low,0,No failure,0
9889,M24748,0,0.0,100.0,Low,0,No failure,0
9890,H39303,0,0.0,100.0,Low,0,No failure,0
9891,L57070,0,0.0,100.0,Low,0,No failure,0
9892,L57071,0,0.0,100.0,Low,0,No failure,0
9893,H39306,0,0.0,100.0,Low,0,No failure,0
9894,M24753,0,0.0,100.0,Low,0,No failure,0
9895,L57074,0,0.0,100.0,Low,0,No failure,0
9896,L57075,0,0.0,100.0,Low,0,No failure,0
9897,M24756,0,0.0,100.0,Low,0,No failure,0
9898,L57077,0,0.0,100.0,Low,0,No failure,0
9899,L57078,0,0.0,100.0,Low,0,No failure,0
9900,L57079,0,0.0,100.0,Low,0,No failure,0
9901,H39314,0,0.0,100.0,Low,0,No failure,0
9902,M24761,0,0.0,100.0,Low,0,No failure,0
9903,H39316,0,0.0025,99.8,Low,0,No failure,0
9904,M24763,0,0.0,100.0,Low,0,No failure,0
9905,L57084,0,0.0,100.0,Low,0,No failure,0
9906,M24765,0,0.0,100.0,Low,0,No failure,0
9907,M24766,0,0.0075,99.2,Low,0,No failure,0
9908,M24767,0,0.0075,99.2,Low,0,No failure,0
9909,L57088,0,0.0,100.0,Low,0,No failure,0
9910,L57089,0,0.0,100.0,Low,0,No failure,0
9911,L57090,0,0.0,100.0,Low,0,No failure,0
9912,M24771,0,0.0,100.0,Low,0,No failure,0
9913,L57092,0,0.0025,99.8,Low,0,No failure,0
9914,L57093,0,0.0,100.0,Low,0,No failure,0
9915,L57094,0,0.0,100.0,Low,0,No failure,0
9916,M24775,0,0.0,100.0,Low,0,No failure,0
9917,M24776,0,0.0,100.0,Low,0,No failure,0
9918,M24777,0,0.0,100.0,Low,0,No failure,0
9919,L57098,0,0.0,100.0,Low,0,No failure,0
9920,L57099,0,0.0,100.0,Low,0,No failure,0
9921,H39334,0,0.0,100.0,Low,0,No failure,0
9922,M24781,0,0.0,100.0,Low,0,No failure,0
9923,H39336,0,0.0,100.0,Low,0,No failure,0
9924,M24783,0,0.0,100.0,Low,0,No failure,0
9925,M24784,0,0.0,100.0,Low,0,No failure,0
9926,M24785,0,0.0,100.0,Low,0,No failure,0
9927,M24786,0,0.0,100.0,Low,0,No failure,0
9928,L57107,0,0.0,100.0,Low,0,No failure,0
9929,M24788,0,0.0,100.0,Low,0,No failure,0
9930,H39343,0,0.0,100.0,Low,0,No failure,0
9931,L57110,0,0.0,100.0,Low,0,No failure,0
9932,L57111,0,0.0,100.0,Low,0,No failure,0
9933,L57112,0,0.0,100.0,Low,0,No failure,0
9934,L57113,0,0.0,100.0,Low,0,No failure,0
9935,L57114,0,0.0,100.0,Low,0,No failure,0
9936,L57115,0,0.0,100.0,Low,0,No failure,0
9937,H39350,0,0.0,100.0,Low,0,No failure,0
9938,L57117,0,0.0,100.0,Low,0,No failure,0
9939,L57118,0,0.0,100.0,Low,0,No failure,0
9940,H39353,0,0.275,72.5,Low,0,No failure,0
9941,M24800,0,0.0,100.0,Low,0,No failure,0
9942,L57121,0,0.0,100.0,Low,0,No failure,0
9943,L57122,0,0.0,100.0,Low,0,No failure,0
9944,M24803,0,0.0,100.0,Low,0,No failure,0
9945,L57124,0,0.0,100.0,Low,0,No failure,0
9946,L57125,0,0.0,100.0,Low,0,No failure,0
9947,L57126,0,0.0,100.0,Low,0,No failure,0
9948,M24807,0,0.0,100.0,Low,0,No failure,0
9949,L57128,0,0.0,100.0,Low,0,No failure,0
9950,M24809,0,0.0,100.0,Low,0,No failure,0
9951,L57130,0,0.0,100.0,Low,0,No failure,0
9952,L57131,0,0.005,99.5,Low,0,No failure,0
9953,L57132,0,0.0,100.0,Low,0,No failure,0
9954,L57133,0,0.0,100.0,Low,0,No failure,0
9955,M24814,0,0.0,100.0,Low,0,No failure,0
9956,M24815,0,0.0,100.0,Low,0,No failure,0
9957,M24816,0,0.0,100.0,Low,0,No failure,0
9958,L57137,0,0.0,100.0,Low,0,No failure,0
9959,M24818,0,0.0,100.0,Low,0,No failure,0
9960,L57139,0,0.005,99.5,Low,0,No failure,0
9961,L57140,0,0.0,100.0,Low,0,No failure,0
9962,L57141,0,0.0025,99.8,Low,0,No failure,0
9963,L57142,0,0.0,100.0,Low,0,No failure,0
9964,L57143,0,0.0,100.0,Low,0,No failure,0
9965,L57144,0,0.0,100.0,Low,0,No failure,0
9966,L57145,0,0.0,100.0,Low,0,No failure,0
9967,L57146,0,0.0,100.0,Low,0,No failure,0
9968,M24827,0,0.0,100.0,Low,0,No failure,0
9969,L57148,0,0.0,100.0,Low,0,No failure,0
9970,L57149,0,0.0,100.0,Low,0,No failure,0
9971,H39384,0,0.0025,99.8,Low,0,No failure,0
9972,H39385,0,0.0,100.0,Low,0,No failure,0
9973,L57152,0,0.0,100.0,Low,0,No failure,0
9974,L57153,0,0.0,100.0,Low,0,No failure,0
9975,L57154,1,0.695,30.5,High,1,Multiple causes,0
9976,M24835,0,0.0,100.0,Low,0,No failure,0
9977,L57156,0,0.0,100.0,Low,0,No failure,0
9978,L57157,0,0.0025,99.8,Low,0,No failure,0
9979,H39392,0,0.0025,99.8,Low,0,No failure,0
9980,L57159,0,0.0075,99.2,Low,0,No failure,0
9981,L57160,0,0.0,100.0,Low,0,No failure,0
9982,L57161,0,0.0,100.0,Low,0,No failure,0
9983,M24842,0,0.0,100.0,Low,0,No failure,0
9984,L57163,0,0.0,100.0,Low,0,No failure,0
9985,H39398,0,0.0,100.0,Low,0,No failure,0
9986,H39399,0,0.0,100.0,Low,0,No failure,0
9987,M24846,0,0.0325,96.8,Low,0,No failure,0
9988,M24847,0,0.0175,98.2,Low,0,No failure,0
9989,L57168,0,0.0,100.0,Low,0,No failure,0
9990,M24849,0,0.0,100.0,Low,0,No failure,0
9991,L57170,0,0.0,100.0,Low,0,No failure,0
9992,M24851,0,0.0,100.0,Low,0,No failure,0
9993,L57172,0,0.0,100.0,Low,0,No failure,0
9994,L57173,0,0.0,100.0,Low,0,No failure,0
9995,L57174,0,0.0,100.0,Low,0,No failure,0
9996,M24855,0,0.0,100.0,Low,0,No failure,0
9997,H39410,0,0.0,100.0,Low,0,No failure,0
9998,M24857,0,0.0,100.0,Low,0,No failure,0
9999,H39412,0,0.0,100.0,Low,0,No failure,0
10000,M24859,0,0.0,100.0,Low,0,No failure,0
